{"schema":"vecherinka.log.v1","seq":1,"timestamp_ns":689878456411750,"run_id":"stepping-stage-10","component":"vecherinka","event":"run.start","fields":{"run_dir":"run-EJuYgTkL","runtime_dir":"orchestration","owns_runtime":true}}
{"schema":"vecherinka.log.v1","seq":2,"timestamp_ns":689878458558250,"run_id":"stepping-stage-10","component":"vecherinka","event":"artifact.commit","fields":{"artifact_id":0,"artifact_dir":"orchestration"}}
{"schema":"vecherinka.log.v1","seq":3,"timestamp_ns":689878458595250,"run_id":"stepping-stage-10","component":"vecherinka","event":"ready.enqueue","fields":{"ready_id":1,"flow_kind":"fk_fanout","input_artifact_id":0}}
{"schema":"vecherinka.log.v1","seq":4,"timestamp_ns":689878458621208,"run_id":"stepping-stage-10","component":"vecherinka","event":"ready.consume","fields":{"ready_id":1}}
{"schema":"vecherinka.log.v1","seq":5,"timestamp_ns":689878458653625,"run_id":"stepping-stage-10","component":"vecherinka","event":"invocation.start","fields":{"flow_kind":"fk_fanout","input_artifact_id":0}}
{"schema":"vecherinka.log.v1","seq":6,"timestamp_ns":689878458702125,"run_id":"stepping-stage-10","component":"vecherinka","event":"join.open","fields":{"join_id":1,"kind":"jk_fanout","slot_count":2}}
{"schema":"vecherinka.log.v1","seq":7,"timestamp_ns":689878458743041,"run_id":"stepping-stage-10","component":"vecherinka","event":"ready.enqueue","fields":{"ready_id":2,"flow_kind":"fk_so","input_artifact_id":0}}
{"schema":"vecherinka.log.v1","seq":8,"timestamp_ns":689878458768833,"run_id":"stepping-stage-10","component":"vecherinka","event":"ready.enqueue","fields":{"ready_id":3,"flow_kind":"fk_so","input_artifact_id":0}}
{"schema":"vecherinka.log.v1","seq":9,"timestamp_ns":689878458792583,"run_id":"stepping-stage-10","component":"vecherinka","event":"ready.consume","fields":{"ready_id":2}}
{"schema":"vecherinka.log.v1","seq":10,"timestamp_ns":689878458815125,"run_id":"stepping-stage-10","component":"vecherinka","event":"invocation.start","fields":{"flow_kind":"fk_so","input_artifact_id":0}}
{"schema":"vecherinka.log.v1","seq":11,"timestamp_ns":689878458837833,"run_id":"stepping-stage-10","component":"vecherinka","event":"ready.enqueue","fields":{"ready_id":4,"flow_kind":"fk_raw","input_artifact_id":0}}
{"schema":"vecherinka.log.v1","seq":12,"timestamp_ns":689878458860375,"run_id":"stepping-stage-10","component":"vecherinka","event":"ready.consume","fields":{"ready_id":3}}
{"schema":"vecherinka.log.v1","seq":13,"timestamp_ns":689878458880458,"run_id":"stepping-stage-10","component":"vecherinka","event":"invocation.start","fields":{"flow_kind":"fk_so","input_artifact_id":0}}
{"schema":"vecherinka.log.v1","seq":14,"timestamp_ns":689878458904083,"run_id":"stepping-stage-10","component":"vecherinka","event":"ready.enqueue","fields":{"ready_id":5,"flow_kind":"fk_raw","input_artifact_id":0}}
{"schema":"vecherinka.log.v1","seq":15,"timestamp_ns":689878458925625,"run_id":"stepping-stage-10","component":"vecherinka","event":"ready.consume","fields":{"ready_id":4}}
{"schema":"vecherinka.log.v1","seq":16,"timestamp_ns":689878458944250,"run_id":"stepping-stage-10","component":"vecherinka","event":"invocation.start","fields":{"flow_kind":"fk_raw","input_artifact_id":0}}
{"schema":"vecherinka.log.v1","seq":17,"timestamp_ns":689878459067416,"run_id":"stepping-stage-10","component":"vecherinka","event":"artifact.reserve","fields":{"artifact_id":1,"artifact_dir":"artifact-1"}}
{"schema":"vecherinka.log.v1","seq":18,"timestamp_ns":689878459107291,"run_id":"stepping-stage-10","component":"vecherinka","event":"artifact.commit","fields":{"artifact_id":1,"artifact_dir":"artifact-1"}}
{"schema":"vecherinka.log.v1","seq":19,"timestamp_ns":689878459160041,"run_id":"stepping-stage-10","component":"vecherinka","event":"join.open","fields":{"join_id":2,"kind":"jk_lift","slot_count":2}}
{"schema":"vecherinka.log.v1","seq":20,"timestamp_ns":689878459335916,"run_id":"stepping-stage-10","component":"vecherinka","event":"artifact.reserve","fields":{"artifact_id":2,"artifact_dir":"artifact-2"}}
{"schema":"vecherinka.log.v1","seq":21,"timestamp_ns":689878459379541,"run_id":"stepping-stage-10","component":"vecherinka","event":"artifact.commit","fields":{"artifact_id":2,"artifact_dir":"artifact-2"}}
{"schema":"vecherinka.log.v1","seq":22,"timestamp_ns":689878459416666,"run_id":"stepping-stage-10","component":"vecherinka","event":"ready.enqueue","fields":{"ready_id":6,"flow_kind":"fk_ref","input_artifact_id":2}}
{"schema":"vecherinka.log.v1","seq":23,"timestamp_ns":689878459546500,"run_id":"stepping-stage-10","component":"vecherinka","event":"artifact.reserve","fields":{"artifact_id":3,"artifact_dir":"artifact-3"}}
{"schema":"vecherinka.log.v1","seq":24,"timestamp_ns":689878459570291,"run_id":"stepping-stage-10","component":"vecherinka","event":"artifact.commit","fields":{"artifact_id":3,"artifact_dir":"artifact-3"}}
{"schema":"vecherinka.log.v1","seq":25,"timestamp_ns":689878459591458,"run_id":"stepping-stage-10","component":"vecherinka","event":"ready.enqueue","fields":{"ready_id":7,"flow_kind":"fk_ref","input_artifact_id":3}}
{"schema":"vecherinka.log.v1","seq":26,"timestamp_ns":689878459617666,"run_id":"stepping-stage-10","component":"vecherinka","event":"ready.consume","fields":{"ready_id":5}}
{"schema":"vecherinka.log.v1","seq":27,"timestamp_ns":689878459638708,"run_id":"stepping-stage-10","component":"vecherinka","event":"invocation.start","fields":{"flow_kind":"fk_raw","input_artifact_id":0}}
{"schema":"vecherinka.log.v1","seq":28,"timestamp_ns":689878459731208,"run_id":"stepping-stage-10","component":"vecherinka","event":"artifact.reserve","fields":{"artifact_id":4,"artifact_dir":"artifact-4"}}
{"schema":"vecherinka.log.v1","seq":29,"timestamp_ns":689878459754500,"run_id":"stepping-stage-10","component":"vecherinka","event":"artifact.commit","fields":{"artifact_id":4,"artifact_dir":"artifact-4"}}
{"schema":"vecherinka.log.v1","seq":30,"timestamp_ns":689878459840958,"run_id":"stepping-stage-10","component":"vecherinka","event":"artifact.reserve","fields":{"artifact_id":5,"artifact_dir":"artifact-5"}}
{"schema":"vecherinka.log.v1","seq":31,"timestamp_ns":689878459862833,"run_id":"stepping-stage-10","component":"vecherinka","event":"artifact.commit","fields":{"artifact_id":5,"artifact_dir":"artifact-5"}}
{"schema":"vecherinka.log.v1","seq":32,"timestamp_ns":689878459883875,"run_id":"stepping-stage-10","component":"vecherinka","event":"ready.enqueue","fields":{"ready_id":8,"flow_kind":"fk_ref","input_artifact_id":5}}
{"schema":"vecherinka.log.v1","seq":33,"timestamp_ns":689878459905541,"run_id":"stepping-stage-10","component":"vecherinka","event":"ready.consume","fields":{"ready_id":6}}
{"schema":"vecherinka.log.v1","seq":34,"timestamp_ns":689878459924458,"run_id":"stepping-stage-10","component":"vecherinka","event":"invocation.start","fields":{"flow_kind":"fk_ref","input_artifact_id":2}}
{"schema":"vecherinka.log.v1","seq":35,"timestamp_ns":689878459997875,"run_id":"stepping-stage-10","component":"vecherinka","event":"artifact.reserve","fields":{"artifact_id":6,"artifact_dir":"artifact-6"}}
{"schema":"vecherinka.log.v1","seq":36,"timestamp_ns":689878460025833,"run_id":"stepping-stage-10","component":"vecherinka","event":"model.submit","fields":{"request_id":"i:0","flow_kind":"fk_model","input_artifact_id":2,"output_artifact_id":6,"submitter":"custom","working_dir":"artifact-6"}}
{"schema":"vecherinka.log.v1","seq":37,"timestamp_ns":689878460397000,"run_id":"stepping-stage-10","component":"vecherinka","event":"ready.consume","fields":{"ready_id":7}}
{"schema":"vecherinka.log.v1","seq":38,"timestamp_ns":689878460418500,"run_id":"stepping-stage-10","component":"vecherinka","event":"invocation.start","fields":{"flow_kind":"fk_ref","input_artifact_id":3}}
{"schema":"vecherinka.log.v1","seq":39,"timestamp_ns":689878460495833,"run_id":"stepping-stage-10","component":"vecherinka","event":"artifact.reserve","fields":{"artifact_id":7,"artifact_dir":"artifact-7"}}
{"schema":"vecherinka.log.v1","seq":40,"timestamp_ns":689878460524500,"run_id":"stepping-stage-10","component":"vecherinka","event":"model.submit","fields":{"request_id":"i:1","flow_kind":"fk_model","input_artifact_id":3,"output_artifact_id":7,"submitter":"custom","working_dir":"artifact-7"}}
{"schema":"vecherinka.log.v1","seq":41,"timestamp_ns":689878460775333,"run_id":"stepping-stage-10","component":"vecherinka","event":"ready.consume","fields":{"ready_id":8}}
{"schema":"vecherinka.log.v1","seq":42,"timestamp_ns":689878460796083,"run_id":"stepping-stage-10","component":"vecherinka","event":"invocation.start","fields":{"flow_kind":"fk_ref","input_artifact_id":5}}
{"schema":"vecherinka.log.v1","seq":43,"timestamp_ns":689878460877875,"run_id":"stepping-stage-10","component":"vecherinka","event":"artifact.reserve","fields":{"artifact_id":8,"artifact_dir":"artifact-8"}}
{"schema":"vecherinka.log.v1","seq":44,"timestamp_ns":689878460904916,"run_id":"stepping-stage-10","component":"vecherinka","event":"model.submit","fields":{"request_id":"i:2","flow_kind":"fk_model","input_artifact_id":5,"output_artifact_id":8,"submitter":"custom","working_dir":"artifact-8"}}
{"schema":"vecherinka.log.v1","seq":45,"timestamp_ns":689878461015958,"run_id":"stepping-stage-10","component":"codex","event":"agent.thread.submit","fields":{"model_request_id":"i:0","agent_id":"vecherinka-agent-0","request_id":"i:1"}}
{"schema":"vecherinka.log.v1","seq":46,"timestamp_ns":689878461076500,"run_id":"stepping-stage-10","component":"codex","event":"agent.thread.submit","fields":{"model_request_id":"i:1","agent_id":"vecherinka-agent-1","request_id":"i:2"}}
{"schema":"vecherinka.log.v1","seq":47,"timestamp_ns":689878461123041,"run_id":"stepping-stage-10","component":"codex","event":"agent.thread.submit","fields":{"model_request_id":"i:2","agent_id":"vecherinka-agent-2","request_id":"i:3"}}
{"schema":"vecherinka.log.v1","seq":48,"timestamp_ns":689878556191916,"run_id":"stepping-stage-10","component":"codex","event":"protocol.stdout","fields":{"bytes":232}}
{"schema":"vecherinka.log.v1","seq":49,"timestamp_ns":689878556470750,"run_id":"stepping-stage-10","component":"codex","event":"protocol.stdout","fields":{"bytes":217}}
{"schema":"vecherinka.log.v1","seq":50,"timestamp_ns":689878568095041,"run_id":"stepping-stage-10","component":"codex","event":"protocol.stderr","fields":{"bytes":208}}
{"schema":"vecherinka.log.v1","seq":51,"timestamp_ns":689878568139875,"run_id":"stepping-stage-10","component":"codex","event":"protocol.stderr","fields":{"bytes":208}}
{"schema":"vecherinka.log.v1","seq":52,"timestamp_ns":689878605377708,"run_id":"stepping-stage-10","component":"codex","event":"protocol.stderr","fields":{"bytes":203}}
{"schema":"vecherinka.log.v1","seq":53,"timestamp_ns":689878605425958,"run_id":"stepping-stage-10","component":"codex","event":"protocol.stderr","fields":{"bytes":203}}
{"schema":"vecherinka.log.v1","seq":54,"timestamp_ns":689878742578416,"run_id":"stepping-stage-10","component":"codex","event":"protocol.stdout","fields":{"bytes":1349}}
{"schema":"vecherinka.log.v1","seq":55,"timestamp_ns":689878742881083,"run_id":"stepping-stage-10","component":"codex","event":"agent.goal.submit","fields":{"model_request_id":"i:1","agent_id":"vecherinka-agent-1","request_id":"i:4"}}
{"schema":"vecherinka.log.v1","seq":56,"timestamp_ns":689878742927791,"run_id":"stepping-stage-10","component":"codex","event":"protocol.stdout","fields":{"bytes":818}}
{"schema":"vecherinka.log.v1","seq":57,"timestamp_ns":689878744502666,"run_id":"stepping-stage-10","component":"codex","event":"protocol.stdout","fields":{"bytes":206}}
{"schema":"vecherinka.log.v1","seq":58,"timestamp_ns":689878744612958,"run_id":"stepping-stage-10","component":"codex","event":"protocol.stdout","fields":{"bytes":207}}
{"schema":"vecherinka.log.v1","seq":59,"timestamp_ns":689878744698416,"run_id":"stepping-stage-10","component":"codex","event":"protocol.stdout","fields":{"bytes":216}}
{"schema":"vecherinka.log.v1","seq":60,"timestamp_ns":689878744778333,"run_id":"stepping-stage-10","component":"codex","event":"protocol.stdout","fields":{"bytes":209}}
{"schema":"vecherinka.log.v1","seq":61,"timestamp_ns":689878750331541,"run_id":"stepping-stage-10","component":"codex","event":"protocol.stdout","fields":{"bytes":1349}}
{"schema":"vecherinka.log.v1","seq":62,"timestamp_ns":689878750598208,"run_id":"stepping-stage-10","component":"codex","event":"agent.goal.submit","fields":{"model_request_id":"i:2","agent_id":"vecherinka-agent-2","request_id":"i:5"}}
{"schema":"vecherinka.log.v1","seq":63,"timestamp_ns":689878750628083,"run_id":"stepping-stage-10","component":"codex","event":"protocol.stdout","fields":{"bytes":818}}
{"schema":"vecherinka.log.v1","seq":64,"timestamp_ns":689878752064916,"run_id":"stepping-stage-10","component":"codex","event":"protocol.stdout","fields":{"bytes":216}}
{"schema":"vecherinka.log.v1","seq":65,"timestamp_ns":689878752181208,"run_id":"stepping-stage-10","component":"codex","event":"protocol.stdout","fields":{"bytes":206}}
{"schema":"vecherinka.log.v1","seq":66,"timestamp_ns":689878752264583,"run_id":"stepping-stage-10","component":"codex","event":"protocol.stdout","fields":{"bytes":209}}
{"schema":"vecherinka.log.v1","seq":67,"timestamp_ns":689878752345208,"run_id":"stepping-stage-10","component":"codex","event":"protocol.stdout","fields":{"bytes":207}}
{"schema":"vecherinka.log.v1","seq":68,"timestamp_ns":689878791575083,"run_id":"stepping-stage-10","component":"codex","event":"protocol.stdout","fields":{"bytes":1349}}
{"schema":"vecherinka.log.v1","seq":69,"timestamp_ns":689878791858125,"run_id":"stepping-stage-10","component":"codex","event":"agent.goal.submit","fields":{"model_request_id":"i:0","agent_id":"vecherinka-agent-0","request_id":"i:6"}}
{"schema":"vecherinka.log.v1","seq":70,"timestamp_ns":689878791903416,"run_id":"stepping-stage-10","component":"codex","event":"protocol.stdout","fields":{"bytes":818}}
{"schema":"vecherinka.log.v1","seq":71,"timestamp_ns":689878792127125,"run_id":"stepping-stage-10","component":"codex","event":"protocol.stdout","fields":{"bytes":206}}
{"schema":"vecherinka.log.v1","seq":72,"timestamp_ns":689878793071916,"run_id":"stepping-stage-10","component":"codex","event":"protocol.stdout","fields":{"bytes":216}}
{"schema":"vecherinka.log.v1","seq":73,"timestamp_ns":689878793159791,"run_id":"stepping-stage-10","component":"codex","event":"protocol.stdout","fields":{"bytes":209}}
{"schema":"vecherinka.log.v1","seq":74,"timestamp_ns":689878793235833,"run_id":"stepping-stage-10","component":"codex","event":"protocol.stdout","fields":{"bytes":207}}
{"schema":"vecherinka.log.v1","seq":75,"timestamp_ns":689878905446833,"run_id":"stepping-stage-10","component":"codex","event":"protocol.stderr","fields":{"bytes":353}}
{"schema":"vecherinka.log.v1","seq":76,"timestamp_ns":689878908560958,"run_id":"stepping-stage-10","component":"codex","event":"protocol.stderr","fields":{"bytes":353}}
{"schema":"vecherinka.log.v1","seq":77,"timestamp_ns":689878933177916,"run_id":"stepping-stage-10","component":"codex","event":"protocol.stdout","fields":{"bytes":206}}
{"schema":"vecherinka.log.v1","seq":78,"timestamp_ns":689878933319041,"run_id":"stepping-stage-10","component":"codex","event":"protocol.stdout","fields":{"bytes":206}}
{"schema":"vecherinka.log.v1","seq":79,"timestamp_ns":689878946782250,"run_id":"stepping-stage-10","component":"codex","event":"protocol.stdout","fields":{"bytes":318}}
{"schema":"vecherinka.log.v1","seq":80,"timestamp_ns":689878946954916,"run_id":"stepping-stage-10","component":"codex","event":"agent.turn.submit","fields":{"model_request_id":"i:1","agent_id":"vecherinka-agent-1","request_id":"i:7"}}
{"schema":"vecherinka.log.v1","seq":81,"timestamp_ns":689878946995666,"run_id":"stepping-stage-10","component":"codex","event":"protocol.stdout","fields":{"bytes":434}}
{"schema":"vecherinka.log.v1","seq":82,"timestamp_ns":689878948852291,"run_id":"stepping-stage-10","component":"codex","event":"protocol.stdout","fields":{"bytes":318}}
{"schema":"vecherinka.log.v1","seq":83,"timestamp_ns":689878949179041,"run_id":"stepping-stage-10","component":"codex","event":"agent.turn.submit","fields":{"model_request_id":"i:2","agent_id":"vecherinka-agent-2","request_id":"i:8"}}
{"schema":"vecherinka.log.v1","seq":84,"timestamp_ns":689878949209333,"run_id":"stepping-stage-10","component":"codex","event":"protocol.stdout","fields":{"bytes":434}}
{"schema":"vecherinka.log.v1","seq":85,"timestamp_ns":689878951824583,"run_id":"stepping-stage-10","component":"codex","event":"protocol.stdout","fields":{"bytes":196}}
{"schema":"vecherinka.log.v1","seq":86,"timestamp_ns":689878955085875,"run_id":"stepping-stage-10","component":"codex","event":"protocol.stderr","fields":{"bytes":353}}
{"schema":"vecherinka.log.v1","seq":87,"timestamp_ns":689878957248458,"run_id":"stepping-stage-10","component":"codex","event":"protocol.stdout","fields":{"bytes":196}}
{"schema":"vecherinka.log.v1","seq":88,"timestamp_ns":689878977574000,"run_id":"stepping-stage-10","component":"codex","event":"protocol.stdout","fields":{"bytes":167}}
{"schema":"vecherinka.log.v1","seq":89,"timestamp_ns":689878991106750,"run_id":"stepping-stage-10","component":"codex","event":"protocol.stdout","fields":{"bytes":297}}
{"schema":"vecherinka.log.v1","seq":90,"timestamp_ns":689878998863208,"run_id":"stepping-stage-10","component":"codex","event":"protocol.stdout","fields":{"bytes":649}}
{"schema":"vecherinka.log.v1","seq":91,"timestamp_ns":689879006550500,"run_id":"stepping-stage-10","component":"codex","event":"protocol.stdout","fields":{"bytes":167}}
{"schema":"vecherinka.log.v1","seq":92,"timestamp_ns":689879007601875,"run_id":"stepping-stage-10","component":"codex","event":"protocol.stdout","fields":{"bytes":297}}
{"schema":"vecherinka.log.v1","seq":93,"timestamp_ns":689879011861916,"run_id":"stepping-stage-10","component":"codex","event":"protocol.stdout","fields":{"bytes":649}}
{"schema":"vecherinka.log.v1","seq":94,"timestamp_ns":689879015307500,"run_id":"stepping-stage-10","component":"codex","event":"protocol.stdout","fields":{"bytes":206}}
{"schema":"vecherinka.log.v1","seq":95,"timestamp_ns":689879018170583,"run_id":"stepping-stage-10","component":"codex","event":"protocol.stdout","fields":{"bytes":318}}
{"schema":"vecherinka.log.v1","seq":96,"timestamp_ns":689879018348916,"run_id":"stepping-stage-10","component":"codex","event":"agent.turn.submit","fields":{"model_request_id":"i:0","agent_id":"vecherinka-agent-0","request_id":"i:9"}}
{"schema":"vecherinka.log.v1","seq":97,"timestamp_ns":689879018386583,"run_id":"stepping-stage-10","component":"codex","event":"protocol.stdout","fields":{"bytes":434}}
{"schema":"vecherinka.log.v1","seq":98,"timestamp_ns":689879025083791,"run_id":"stepping-stage-10","component":"codex","event":"protocol.stdout","fields":{"bytes":196}}
{"schema":"vecherinka.log.v1","seq":99,"timestamp_ns":689879034383625,"run_id":"stepping-stage-10","component":"codex","event":"protocol.stdout","fields":{"bytes":167}}
{"schema":"vecherinka.log.v1","seq":100,"timestamp_ns":689879034525708,"run_id":"stepping-stage-10","component":"codex","event":"protocol.stdout","fields":{"bytes":297}}
{"schema":"vecherinka.log.v1","seq":101,"timestamp_ns":689879044020541,"run_id":"stepping-stage-10","component":"codex","event":"protocol.stdout","fields":{"bytes":649}}
{"schema":"vecherinka.log.v1","seq":102,"timestamp_ns":689879085249541,"run_id":"stepping-stage-10","component":"codex","event":"protocol.stdout","fields":{"bytes":203}}
{"schema":"vecherinka.log.v1","seq":103,"timestamp_ns":689879110075041,"run_id":"stepping-stage-10","component":"codex","event":"protocol.stderr","fields":{"bytes":208}}
{"schema":"vecherinka.log.v1","seq":104,"timestamp_ns":689879110126333,"run_id":"stepping-stage-10","component":"codex","event":"protocol.stderr","fields":{"bytes":208}}
{"schema":"vecherinka.log.v1","seq":105,"timestamp_ns":689879153967958,"run_id":"stepping-stage-10","component":"codex","event":"protocol.stdout","fields":{"bytes":213}}
{"schema":"vecherinka.log.v1","seq":106,"timestamp_ns":689879154099375,"run_id":"stepping-stage-10","component":"codex","event":"protocol.stdout","fields":{"bytes":203}}
{"schema":"vecherinka.log.v1","seq":107,"timestamp_ns":689879172302916,"run_id":"stepping-stage-10","component":"codex","event":"protocol.stdout","fields":{"bytes":213}}
{"schema":"vecherinka.log.v1","seq":108,"timestamp_ns":689879180035500,"run_id":"stepping-stage-10","component":"codex","event":"protocol.stderr","fields":{"bytes":203}}
{"schema":"vecherinka.log.v1","seq":109,"timestamp_ns":689879180094458,"run_id":"stepping-stage-10","component":"codex","event":"protocol.stderr","fields":{"bytes":203}}
{"schema":"vecherinka.log.v1","seq":110,"timestamp_ns":689879185216708,"run_id":"stepping-stage-10","component":"codex","event":"protocol.stdout","fields":{"bytes":203}}
{"schema":"vecherinka.log.v1","seq":111,"timestamp_ns":689879187937541,"run_id":"stepping-stage-10","component":"codex","event":"protocol.stdout","fields":{"bytes":207}}
{"schema":"vecherinka.log.v1","seq":112,"timestamp_ns":689879188059916,"run_id":"stepping-stage-10","component":"codex","event":"protocol.stdout","fields":{"bytes":216}}
{"schema":"vecherinka.log.v1","seq":113,"timestamp_ns":689879188139333,"run_id":"stepping-stage-10","component":"codex","event":"protocol.stdout","fields":{"bytes":207}}
{"schema":"vecherinka.log.v1","seq":114,"timestamp_ns":689879243377666,"run_id":"stepping-stage-10","component":"codex","event":"protocol.stdout","fields":{"bytes":207}}
{"schema":"vecherinka.log.v1","seq":115,"timestamp_ns":689879243516791,"run_id":"stepping-stage-10","component":"codex","event":"protocol.stdout","fields":{"bytes":213}}
{"schema":"vecherinka.log.v1","seq":116,"timestamp_ns":689879301853000,"run_id":"stepping-stage-10","component":"codex","event":"protocol.stdout","fields":{"bytes":204}}
{"schema":"vecherinka.log.v1","seq":117,"timestamp_ns":689879522652166,"run_id":"stepping-stage-10","component":"codex","event":"protocol.stdout","fields":{"bytes":213}}
{"schema":"vecherinka.log.v1","seq":118,"timestamp_ns":689879626944625,"run_id":"stepping-stage-10","component":"codex","event":"protocol.stdout","fields":{"bytes":204}}
{"schema":"vecherinka.log.v1","seq":119,"timestamp_ns":689879700667958,"run_id":"stepping-stage-10","component":"codex","event":"protocol.stdout","fields":{"bytes":204}}
{"schema":"vecherinka.log.v1","seq":120,"timestamp_ns":689879700793791,"run_id":"stepping-stage-10","component":"codex","event":"protocol.stdout","fields":{"bytes":206}}
{"schema":"vecherinka.log.v1","seq":121,"timestamp_ns":689879700872083,"run_id":"stepping-stage-10","component":"codex","event":"protocol.stdout","fields":{"bytes":203}}
{"schema":"vecherinka.log.v1","seq":122,"timestamp_ns":689879708301500,"run_id":"stepping-stage-10","component":"codex","event":"protocol.stdout","fields":{"bytes":204}}
{"schema":"vecherinka.log.v1","seq":123,"timestamp_ns":689879757290125,"run_id":"stepping-stage-10","component":"codex","event":"protocol.stdout","fields":{"bytes":204}}
{"schema":"vecherinka.log.v1","seq":124,"timestamp_ns":689879757422333,"run_id":"stepping-stage-10","component":"codex","event":"protocol.stdout","fields":{"bytes":203}}
{"schema":"vecherinka.log.v1","seq":125,"timestamp_ns":689879757498625,"run_id":"stepping-stage-10","component":"codex","event":"protocol.stdout","fields":{"bytes":213}}
{"schema":"vecherinka.log.v1","seq":126,"timestamp_ns":689879757575500,"run_id":"stepping-stage-10","component":"codex","event":"protocol.stdout","fields":{"bytes":206}}
{"schema":"vecherinka.log.v1","seq":127,"timestamp_ns":689879873312958,"run_id":"stepping-stage-10","component":"codex","event":"protocol.stdout","fields":{"bytes":204}}
{"schema":"vecherinka.log.v1","seq":128,"timestamp_ns":689879873446541,"run_id":"stepping-stage-10","component":"codex","event":"protocol.stdout","fields":{"bytes":203}}
{"schema":"vecherinka.log.v1","seq":129,"timestamp_ns":689879873534333,"run_id":"stepping-stage-10","component":"codex","event":"protocol.stdout","fields":{"bytes":213}}
{"schema":"vecherinka.log.v1","seq":130,"timestamp_ns":689879873618958,"run_id":"stepping-stage-10","component":"codex","event":"protocol.stdout","fields":{"bytes":206}}
{"schema":"vecherinka.log.v1","seq":131,"timestamp_ns":689880496236125,"run_id":"stepping-stage-10","component":"codex","event":"protocol.stdout","fields":{"bytes":844}}
{"schema":"vecherinka.log.v1","seq":132,"timestamp_ns":689880496381625,"run_id":"stepping-stage-10","component":"codex","event":"protocol.stdout","fields":{"bytes":848}}
{"schema":"vecherinka.log.v1","seq":133,"timestamp_ns":689880584170041,"run_id":"stepping-stage-10","component":"codex","event":"protocol.stdout","fields":{"bytes":924}}
{"schema":"vecherinka.log.v1","seq":134,"timestamp_ns":689880584310125,"run_id":"stepping-stage-10","component":"codex","event":"protocol.stdout","fields":{"bytes":928}}
{"schema":"vecherinka.log.v1","seq":135,"timestamp_ns":689880603354750,"run_id":"stepping-stage-10","component":"codex","event":"protocol.stdout","fields":{"bytes":924}}
{"schema":"vecherinka.log.v1","seq":136,"timestamp_ns":689880603491375,"run_id":"stepping-stage-10","component":"codex","event":"protocol.stdout","fields":{"bytes":928}}
{"schema":"vecherinka.log.v1","seq":137,"timestamp_ns":689881339441916,"run_id":"stepping-stage-10","component":"codex","event":"protocol.stdout","fields":{"bytes":305}}
{"schema":"vecherinka.log.v1","seq":138,"timestamp_ns":689881417599708,"run_id":"stepping-stage-10","component":"codex","event":"protocol.stdout","fields":{"bytes":305}}
{"schema":"vecherinka.log.v1","seq":139,"timestamp_ns":689881883180291,"run_id":"stepping-stage-10","component":"codex","event":"protocol.stdout","fields":{"bytes":305}}
{"schema":"vecherinka.log.v1","seq":140,"timestamp_ns":689881900985125,"run_id":"stepping-stage-10","component":"codex","event":"protocol.stdout","fields":{"bytes":309}}
{"schema":"vecherinka.log.v1","seq":141,"timestamp_ns":689882527859916,"run_id":"stepping-stage-10","component":"codex","event":"protocol.stdout","fields":{"bytes":469}}
{"schema":"vecherinka.log.v1","seq":142,"timestamp_ns":689882528140291,"run_id":"stepping-stage-10","component":"codex","event":"protocol.stdout","fields":{"bytes":317}}
{"schema":"vecherinka.log.v1","seq":143,"timestamp_ns":689882528336375,"run_id":"stepping-stage-10","component":"vecherinka","event":"model.output","fields":{"request_id":"i:2","tool":"finish_work","arguments_bytes":70}}
{"schema":"vecherinka.log.v1","seq":144,"timestamp_ns":689882528540125,"run_id":"stepping-stage-10","component":"vecherinka","event":"artifact.commit","fields":{"artifact_id":8,"artifact_dir":"artifact-8"}}
{"schema":"vecherinka.log.v1","seq":145,"timestamp_ns":689882528571583,"run_id":"stepping-stage-10","component":"vecherinka","event":"model.finish","fields":{"request_id":"i:2","output_artifact_id":8}}
{"schema":"vecherinka.log.v1","seq":146,"timestamp_ns":689882528605791,"run_id":"stepping-stage-10","component":"vecherinka","event":"join.slot","fields":{"join_id":1,"slot":1,"artifact_id":8,"remaining":1}}
{"schema":"vecherinka.log.v1","seq":147,"timestamp_ns":689882529914750,"run_id":"stepping-stage-10","component":"codex","event":"protocol.stdout","fields":{"bytes":579}}
{"schema":"vecherinka.log.v1","seq":148,"timestamp_ns":689882531374166,"run_id":"stepping-stage-10","component":"codex","event":"protocol.stdout","fields":{"bytes":468}}
{"schema":"vecherinka.log.v1","seq":149,"timestamp_ns":689882587077083,"run_id":"stepping-stage-10","component":"codex","event":"protocol.stdout","fields":{"bytes":503}}
{"schema":"vecherinka.log.v1","seq":150,"timestamp_ns":689882587278666,"run_id":"stepping-stage-10","component":"codex","event":"protocol.stdout","fields":{"bytes":456}}
{"schema":"vecherinka.log.v1","seq":151,"timestamp_ns":689882663535791,"run_id":"stepping-stage-10","component":"codex","event":"protocol.stdout","fields":{"bytes":309}}
{"schema":"vecherinka.log.v1","seq":152,"timestamp_ns":689882663678833,"run_id":"stepping-stage-10","component":"codex","event":"protocol.stdout","fields":{"bytes":336}}
{"schema":"vecherinka.log.v1","seq":153,"timestamp_ns":689882665041125,"run_id":"stepping-stage-10","component":"codex","event":"protocol.stdout","fields":{"bytes":251}}
{"schema":"vecherinka.log.v1","seq":154,"timestamp_ns":689882686326208,"run_id":"stepping-stage-10","component":"codex","event":"protocol.stdout","fields":{"bytes":255}}
{"schema":"vecherinka.log.v1","seq":155,"timestamp_ns":689882720150458,"run_id":"stepping-stage-10","component":"codex","event":"protocol.stdout","fields":{"bytes":255}}
{"schema":"vecherinka.log.v1","seq":156,"timestamp_ns":689882720401583,"run_id":"stepping-stage-10","component":"codex","event":"protocol.stdout","fields":{"bytes":254}}
{"schema":"vecherinka.log.v1","seq":157,"timestamp_ns":689882749137000,"run_id":"stepping-stage-10","component":"codex","event":"protocol.stdout","fields":{"bytes":259}}
{"schema":"vecherinka.log.v1","seq":158,"timestamp_ns":689882750639541,"run_id":"stepping-stage-10","component":"codex","event":"protocol.stdout","fields":{"bytes":254}}
{"schema":"vecherinka.log.v1","seq":159,"timestamp_ns":689882772241791,"run_id":"stepping-stage-10","component":"codex","event":"protocol.stdout","fields":{"bytes":252}}
{"schema":"vecherinka.log.v1","seq":160,"timestamp_ns":689882816800458,"run_id":"stepping-stage-10","component":"codex","event":"protocol.stdout","fields":{"bytes":256}}
{"schema":"vecherinka.log.v1","seq":161,"timestamp_ns":689882832325125,"run_id":"stepping-stage-10","component":"codex","event":"protocol.stdout","fields":{"bytes":254}}
{"schema":"vecherinka.log.v1","seq":162,"timestamp_ns":689882832617416,"run_id":"stepping-stage-10","component":"codex","event":"protocol.stdout","fields":{"bytes":252}}
{"schema":"vecherinka.log.v1","seq":163,"timestamp_ns":689882840310041,"run_id":"stepping-stage-10","component":"codex","event":"protocol.stdout","fields":{"bytes":309}}
{"schema":"vecherinka.log.v1","seq":164,"timestamp_ns":689882840532041,"run_id":"stepping-stage-10","component":"codex","event":"protocol.stdout","fields":{"bytes":336}}
{"schema":"vecherinka.log.v1","seq":165,"timestamp_ns":689882843268083,"run_id":"stepping-stage-10","component":"codex","event":"protocol.stdout","fields":{"bytes":251}}
{"schema":"vecherinka.log.v1","seq":166,"timestamp_ns":689882855361708,"run_id":"stepping-stage-10","component":"codex","event":"protocol.stdout","fields":{"bytes":259}}
{"schema":"vecherinka.log.v1","seq":167,"timestamp_ns":689882865338125,"run_id":"stepping-stage-10","component":"codex","event":"protocol.stdout","fields":{"bytes":254}}
{"schema":"vecherinka.log.v1","seq":168,"timestamp_ns":689882867086041,"run_id":"stepping-stage-10","component":"codex","event":"protocol.stdout","fields":{"bytes":255}}
{"schema":"vecherinka.log.v1","seq":169,"timestamp_ns":689882886948833,"run_id":"stepping-stage-10","component":"codex","event":"protocol.stdout","fields":{"bytes":259}}
{"schema":"vecherinka.log.v1","seq":170,"timestamp_ns":689882887535625,"run_id":"stepping-stage-10","component":"codex","event":"protocol.stdout","fields":{"bytes":258}}
{"schema":"vecherinka.log.v1","seq":171,"timestamp_ns":689882899776083,"run_id":"stepping-stage-10","component":"codex","event":"protocol.stdout","fields":{"bytes":260}}
{"schema":"vecherinka.log.v1","seq":172,"timestamp_ns":689882906468208,"run_id":"stepping-stage-10","component":"codex","event":"protocol.stdout","fields":{"bytes":254}}
{"schema":"vecherinka.log.v1","seq":173,"timestamp_ns":689882914242250,"run_id":"stepping-stage-10","component":"codex","event":"protocol.stdout","fields":{"bytes":251}}
{"schema":"vecherinka.log.v1","seq":174,"timestamp_ns":689882932741416,"run_id":"stepping-stage-10","component":"codex","event":"protocol.stdout","fields":{"bytes":259}}
{"schema":"vecherinka.log.v1","seq":175,"timestamp_ns":689882938061666,"run_id":"stepping-stage-10","component":"codex","event":"protocol.stdout","fields":{"bytes":254}}
{"schema":"vecherinka.log.v1","seq":176,"timestamp_ns":689882939817833,"run_id":"stepping-stage-10","component":"codex","event":"protocol.stdout","fields":{"bytes":254}}
{"schema":"vecherinka.log.v1","seq":177,"timestamp_ns":689882956437666,"run_id":"stepping-stage-10","component":"codex","event":"protocol.stdout","fields":{"bytes":257}}
{"schema":"vecherinka.log.v1","seq":178,"timestamp_ns":689882964517458,"run_id":"stepping-stage-10","component":"codex","event":"protocol.stdout","fields":{"bytes":252}}
{"schema":"vecherinka.log.v1","seq":179,"timestamp_ns":689882971863750,"run_id":"stepping-stage-10","component":"codex","event":"protocol.stdout","fields":{"bytes":254}}
{"schema":"vecherinka.log.v1","seq":180,"timestamp_ns":689882985969541,"run_id":"stepping-stage-10","component":"codex","event":"protocol.stdout","fields":{"bytes":256}}
{"schema":"vecherinka.log.v1","seq":181,"timestamp_ns":689882996876875,"run_id":"stepping-stage-10","component":"codex","event":"protocol.stdout","fields":{"bytes":258}}
{"schema":"vecherinka.log.v1","seq":182,"timestamp_ns":689882998358208,"run_id":"stepping-stage-10","component":"codex","event":"protocol.stdout","fields":{"bytes":254}}
{"schema":"vecherinka.log.v1","seq":183,"timestamp_ns":689883009963500,"run_id":"stepping-stage-10","component":"codex","event":"protocol.stdout","fields":{"bytes":260}}
{"schema":"vecherinka.log.v1","seq":184,"timestamp_ns":689883011543625,"run_id":"stepping-stage-10","component":"codex","event":"protocol.stdout","fields":{"bytes":259}}
{"schema":"vecherinka.log.v1","seq":185,"timestamp_ns":689883016787333,"run_id":"stepping-stage-10","component":"codex","event":"protocol.stdout","fields":{"bytes":252}}
{"schema":"vecherinka.log.v1","seq":186,"timestamp_ns":689883030885625,"run_id":"stepping-stage-10","component":"codex","event":"protocol.stdout","fields":{"bytes":253}}
{"schema":"vecherinka.log.v1","seq":187,"timestamp_ns":689883050011875,"run_id":"stepping-stage-10","component":"codex","event":"protocol.stdout","fields":{"bytes":256}}
{"schema":"vecherinka.log.v1","seq":188,"timestamp_ns":689883056778916,"run_id":"stepping-stage-10","component":"codex","event":"protocol.stdout","fields":{"bytes":259}}
{"schema":"vecherinka.log.v1","seq":189,"timestamp_ns":689883057153875,"run_id":"stepping-stage-10","component":"codex","event":"protocol.stdout","fields":{"bytes":252}}
{"schema":"vecherinka.log.v1","seq":190,"timestamp_ns":689883065672958,"run_id":"stepping-stage-10","component":"codex","event":"protocol.stdout","fields":{"bytes":255}}
{"schema":"vecherinka.log.v1","seq":191,"timestamp_ns":689883074239875,"run_id":"stepping-stage-10","component":"codex","event":"protocol.stdout","fields":{"bytes":251}}
{"schema":"vecherinka.log.v1","seq":192,"timestamp_ns":689883079985500,"run_id":"stepping-stage-10","component":"codex","event":"protocol.stdout","fields":{"bytes":258}}
{"schema":"vecherinka.log.v1","seq":193,"timestamp_ns":689883101980916,"run_id":"stepping-stage-10","component":"codex","event":"protocol.stdout","fields":{"bytes":251}}
{"schema":"vecherinka.log.v1","seq":194,"timestamp_ns":689883103761000,"run_id":"stepping-stage-10","component":"codex","event":"protocol.stdout","fields":{"bytes":252}}
{"schema":"vecherinka.log.v1","seq":195,"timestamp_ns":689883122279833,"run_id":"stepping-stage-10","component":"codex","event":"protocol.stdout","fields":{"bytes":255}}
{"schema":"vecherinka.log.v1","seq":196,"timestamp_ns":689883136848583,"run_id":"stepping-stage-10","component":"codex","event":"protocol.stdout","fields":{"bytes":251}}
{"schema":"vecherinka.log.v1","seq":197,"timestamp_ns":689883157894250,"run_id":"stepping-stage-10","component":"codex","event":"protocol.stdout","fields":{"bytes":251}}
{"schema":"vecherinka.log.v1","seq":198,"timestamp_ns":689883183359791,"run_id":"stepping-stage-10","component":"codex","event":"protocol.stdout","fields":{"bytes":251}}
{"schema":"vecherinka.log.v1","seq":199,"timestamp_ns":689883191954416,"run_id":"stepping-stage-10","component":"codex","event":"protocol.stdout","fields":{"bytes":251}}
{"schema":"vecherinka.log.v1","seq":200,"timestamp_ns":689883208514375,"run_id":"stepping-stage-10","component":"codex","event":"protocol.stdout","fields":{"bytes":251}}
{"schema":"vecherinka.log.v1","seq":201,"timestamp_ns":689883226585291,"run_id":"stepping-stage-10","component":"codex","event":"protocol.stdout","fields":{"bytes":251}}
{"schema":"vecherinka.log.v1","seq":202,"timestamp_ns":689883247639375,"run_id":"stepping-stage-10","component":"codex","event":"protocol.stdout","fields":{"bytes":251}}
{"schema":"vecherinka.log.v1","seq":203,"timestamp_ns":689883265590375,"run_id":"stepping-stage-10","component":"codex","event":"protocol.stdout","fields":{"bytes":251}}
{"schema":"vecherinka.log.v1","seq":204,"timestamp_ns":689883305646541,"run_id":"stepping-stage-10","component":"codex","event":"protocol.stdout","fields":{"bytes":258}}
{"schema":"vecherinka.log.v1","seq":205,"timestamp_ns":689883306120041,"run_id":"stepping-stage-10","component":"codex","event":"protocol.stdout","fields":{"bytes":251}}
{"schema":"vecherinka.log.v1","seq":206,"timestamp_ns":689883311615375,"run_id":"stepping-stage-10","component":"codex","event":"protocol.stdout","fields":{"bytes":475}}
{"schema":"vecherinka.log.v1","seq":207,"timestamp_ns":689883326897416,"run_id":"stepping-stage-10","component":"codex","event":"protocol.stdout","fields":{"bytes":254}}
{"schema":"vecherinka.log.v1","seq":208,"timestamp_ns":689883327224416,"run_id":"stepping-stage-10","component":"codex","event":"protocol.stdout","fields":{"bytes":338}}
{"schema":"vecherinka.log.v1","seq":209,"timestamp_ns":689883344392625,"run_id":"stepping-stage-10","component":"codex","event":"protocol.stdout","fields":{"bytes":257}}
{"schema":"vecherinka.log.v1","seq":210,"timestamp_ns":689883346888916,"run_id":"stepping-stage-10","component":"codex","event":"protocol.stdout","fields":{"bytes":254}}
{"schema":"vecherinka.log.v1","seq":211,"timestamp_ns":689883364967666,"run_id":"stepping-stage-10","component":"codex","event":"protocol.stdout","fields":{"bytes":260}}
{"schema":"vecherinka.log.v1","seq":212,"timestamp_ns":689883379906583,"run_id":"stepping-stage-10","component":"codex","event":"protocol.stdout","fields":{"bytes":257}}
{"schema":"vecherinka.log.v1","seq":213,"timestamp_ns":689883398049458,"run_id":"stepping-stage-10","component":"codex","event":"protocol.stdout","fields":{"bytes":342}}
{"schema":"vecherinka.log.v1","seq":214,"timestamp_ns":689883398351458,"run_id":"stepping-stage-10","component":"codex","event":"protocol.stdout","fields":{"bytes":258}}
{"schema":"vecherinka.log.v1","seq":215,"timestamp_ns":689883430248625,"run_id":"stepping-stage-10","component":"codex","event":"protocol.stdout","fields":{"bytes":509}}
{"schema":"vecherinka.log.v1","seq":216,"timestamp_ns":689883430497375,"run_id":"stepping-stage-10","component":"codex","event":"protocol.stdout","fields":{"bytes":456}}
{"schema":"vecherinka.log.v1","seq":217,"timestamp_ns":689883434490375,"run_id":"stepping-stage-10","component":"codex","event":"protocol.stdout","fields":{"bytes":254}}
{"schema":"vecherinka.log.v1","seq":218,"timestamp_ns":689883434692625,"run_id":"stepping-stage-10","component":"codex","event":"protocol.stdout","fields":{"bytes":472}}
{"schema":"vecherinka.log.v1","seq":219,"timestamp_ns":689883434841750,"run_id":"stepping-stage-10","component":"codex","event":"protocol.stdout","fields":{"bytes":148}}
{"schema":"vecherinka.log.v1","seq":220,"timestamp_ns":689883434952875,"run_id":"stepping-stage-10","component":"codex","event":"protocol.stdout","fields":{"bytes":304}}
{"schema":"vecherinka.log.v1","seq":221,"timestamp_ns":689883437600500,"run_id":"stepping-stage-10","component":"codex","event":"protocol.stdout","fields":{"bytes":255}}
{"schema":"vecherinka.log.v1","seq":222,"timestamp_ns":689883455597625,"run_id":"stepping-stage-10","component":"codex","event":"protocol.stdout","fields":{"bytes":255}}
{"schema":"vecherinka.log.v1","seq":223,"timestamp_ns":689883464877166,"run_id":"stepping-stage-10","component":"codex","event":"protocol.stdout","fields":{"bytes":167}}
{"schema":"vecherinka.log.v1","seq":224,"timestamp_ns":689883465015541,"run_id":"stepping-stage-10","component":"codex","event":"protocol.stdout","fields":{"bytes":297}}
{"schema":"vecherinka.log.v1","seq":225,"timestamp_ns":689883475400708,"run_id":"stepping-stage-10","component":"codex","event":"protocol.stdout","fields":{"bytes":253}}
{"schema":"vecherinka.log.v1","seq":226,"timestamp_ns":689883495625041,"run_id":"stepping-stage-10","component":"codex","event":"protocol.stdout","fields":{"bytes":254}}
{"schema":"vecherinka.log.v1","seq":227,"timestamp_ns":689883513351833,"run_id":"stepping-stage-10","component":"codex","event":"protocol.stdout","fields":{"bytes":258}}
{"schema":"vecherinka.log.v1","seq":228,"timestamp_ns":689883559951375,"run_id":"stepping-stage-10","component":"codex","event":"protocol.stdout","fields":{"bytes":260}}
{"schema":"vecherinka.log.v1","seq":229,"timestamp_ns":689883560099250,"run_id":"stepping-stage-10","component":"codex","event":"protocol.stdout","fields":{"bytes":251}}
{"schema":"vecherinka.log.v1","seq":230,"timestamp_ns":689883780169750,"run_id":"stepping-stage-10","component":"codex","event":"protocol.stdout","fields":{"bytes":506}}
{"schema":"vecherinka.log.v1","seq":231,"timestamp_ns":689884442677083,"run_id":"stepping-stage-10","component":"codex","event":"protocol.stdout","fields":{"bytes":305}}
{"schema":"vecherinka.log.v1","seq":232,"timestamp_ns":689884960038541,"run_id":"stepping-stage-10","component":"codex","event":"protocol.stdout","fields":{"bytes":759}}
{"schema":"vecherinka.log.v1","seq":233,"timestamp_ns":689884960202916,"run_id":"stepping-stage-10","component":"codex","event":"protocol.stdout","fields":{"bytes":1037}}
{"schema":"vecherinka.log.v1","seq":234,"timestamp_ns":689884960317208,"run_id":"stepping-stage-10","component":"codex","event":"protocol.stdout","fields":{"bytes":472}}
{"schema":"vecherinka.log.v1","seq":235,"timestamp_ns":689884964186500,"run_id":"stepping-stage-10","component":"codex","event":"protocol.stdout","fields":{"bytes":505}}
{"schema":"vecherinka.log.v1","seq":236,"timestamp_ns":689884964301875,"run_id":"stepping-stage-10","component":"codex","event":"protocol.stdout","fields":{"bytes":456}}
{"schema":"vecherinka.log.v1","seq":237,"timestamp_ns":689885249081125,"run_id":"stepping-stage-10","component":"codex","event":"protocol.stdout","fields":{"bytes":309}}
{"schema":"vecherinka.log.v1","seq":238,"timestamp_ns":689885249203708,"run_id":"stepping-stage-10","component":"codex","event":"protocol.stdout","fields":{"bytes":338}}
{"schema":"vecherinka.log.v1","seq":239,"timestamp_ns":689885279447875,"run_id":"stepping-stage-10","component":"codex","event":"protocol.stdout","fields":{"bytes":259}}
{"schema":"vecherinka.log.v1","seq":240,"timestamp_ns":689885279579625,"run_id":"stepping-stage-10","component":"codex","event":"protocol.stdout","fields":{"bytes":251}}
{"schema":"vecherinka.log.v1","seq":241,"timestamp_ns":689885280919916,"run_id":"stepping-stage-10","component":"codex","event":"protocol.stdout","fields":{"bytes":701}}
{"schema":"vecherinka.log.v1","seq":242,"timestamp_ns":689885281044208,"run_id":"stepping-stage-10","component":"codex","event":"protocol.stdout","fields":{"bytes":806}}
{"schema":"vecherinka.log.v1","seq":243,"timestamp_ns":689885281152666,"run_id":"stepping-stage-10","component":"codex","event":"protocol.stdout","fields":{"bytes":472}}
{"schema":"vecherinka.log.v1","seq":244,"timestamp_ns":689885284783375,"run_id":"stepping-stage-10","component":"codex","event":"protocol.stdout","fields":{"bytes":505}}
{"schema":"vecherinka.log.v1","seq":245,"timestamp_ns":689885284919583,"run_id":"stepping-stage-10","component":"codex","event":"protocol.stdout","fields":{"bytes":456}}
{"schema":"vecherinka.log.v1","seq":246,"timestamp_ns":689885366399666,"run_id":"stepping-stage-10","component":"codex","event":"protocol.stdout","fields":{"bytes":352}}
{"schema":"vecherinka.log.v1","seq":247,"timestamp_ns":689885411781125,"run_id":"stepping-stage-10","component":"codex","event":"protocol.stdout","fields":{"bytes":508}}
{"schema":"vecherinka.log.v1","seq":248,"timestamp_ns":689885411929000,"run_id":"stepping-stage-10","component":"codex","event":"protocol.stdout","fields":{"bytes":456}}
{"schema":"vecherinka.log.v1","seq":249,"timestamp_ns":689885415859750,"run_id":"stepping-stage-10","component":"codex","event":"protocol.stdout","fields":{"bytes":472}}
{"schema":"vecherinka.log.v1","seq":250,"timestamp_ns":689885415976875,"run_id":"stepping-stage-10","component":"codex","event":"protocol.stdout","fields":{"bytes":148}}
{"schema":"vecherinka.log.v1","seq":251,"timestamp_ns":689885416055333,"run_id":"stepping-stage-10","component":"codex","event":"protocol.stdout","fields":{"bytes":452}}
{"schema":"vecherinka.log.v1","seq":252,"timestamp_ns":689885423786250,"run_id":"stepping-stage-10","component":"codex","event":"protocol.stdout","fields":{"bytes":167}}
{"schema":"vecherinka.log.v1","seq":253,"timestamp_ns":689885423913208,"run_id":"stepping-stage-10","component":"codex","event":"protocol.stdout","fields":{"bytes":297}}
{"schema":"vecherinka.log.v1","seq":254,"timestamp_ns":689886181171416,"run_id":"stepping-stage-10","component":"codex","event":"protocol.stdout","fields":{"bytes":305}}
{"schema":"vecherinka.log.v1","seq":255,"timestamp_ns":689886366657875,"run_id":"stepping-stage-10","component":"codex","event":"protocol.stdout","fields":{"bytes":305}}
{"schema":"vecherinka.log.v1","seq":256,"timestamp_ns":689886503153250,"run_id":"stepping-stage-10","component":"codex","event":"protocol.stdout","fields":{"bytes":305}}
{"schema":"vecherinka.log.v1","seq":257,"timestamp_ns":689886939558250,"run_id":"stepping-stage-10","component":"codex","event":"protocol.stdout","fields":{"bytes":309}}
{"schema":"vecherinka.log.v1","seq":258,"timestamp_ns":689886939981625,"run_id":"stepping-stage-10","component":"codex","event":"protocol.stdout","fields":{"bytes":338}}
{"schema":"vecherinka.log.v1","seq":259,"timestamp_ns":689886953058500,"run_id":"stepping-stage-10","component":"codex","event":"protocol.stdout","fields":{"bytes":259}}
{"schema":"vecherinka.log.v1","seq":260,"timestamp_ns":689886975527166,"run_id":"stepping-stage-10","component":"codex","event":"protocol.stdout","fields":{"bytes":251}}
{"schema":"vecherinka.log.v1","seq":261,"timestamp_ns":689887046655750,"run_id":"stepping-stage-10","component":"codex","event":"protocol.stdout","fields":{"bytes":352}}
{"schema":"vecherinka.log.v1","seq":262,"timestamp_ns":689887065011083,"run_id":"stepping-stage-10","component":"codex","event":"protocol.stdout","fields":{"bytes":512}}
{"schema":"vecherinka.log.v1","seq":263,"timestamp_ns":689887065316416,"run_id":"stepping-stage-10","component":"codex","event":"protocol.stdout","fields":{"bytes":456}}
{"schema":"vecherinka.log.v1","seq":264,"timestamp_ns":689887070600083,"run_id":"stepping-stage-10","component":"codex","event":"protocol.stdout","fields":{"bytes":472}}
{"schema":"vecherinka.log.v1","seq":265,"timestamp_ns":689887070812000,"run_id":"stepping-stage-10","component":"codex","event":"protocol.stdout","fields":{"bytes":148}}
{"schema":"vecherinka.log.v1","seq":266,"timestamp_ns":689887070937583,"run_id":"stepping-stage-10","component":"codex","event":"protocol.stdout","fields":{"bytes":452}}
{"schema":"vecherinka.log.v1","seq":267,"timestamp_ns":689887081262458,"run_id":"stepping-stage-10","component":"codex","event":"protocol.stdout","fields":{"bytes":167}}
{"schema":"vecherinka.log.v1","seq":268,"timestamp_ns":689887081431750,"run_id":"stepping-stage-10","component":"codex","event":"protocol.stdout","fields":{"bytes":297}}
{"schema":"vecherinka.log.v1","seq":269,"timestamp_ns":689887990088041,"run_id":"stepping-stage-10","component":"codex","event":"protocol.stdout","fields":{"bytes":305}}
{"schema":"vecherinka.log.v1","seq":270,"timestamp_ns":689888180579208,"run_id":"stepping-stage-10","component":"codex","event":"protocol.stdout","fields":{"bytes":309}}
{"schema":"vecherinka.log.v1","seq":271,"timestamp_ns":689888181030666,"run_id":"stepping-stage-10","component":"codex","event":"protocol.stdout","fields":{"bytes":338}}
{"schema":"vecherinka.log.v1","seq":272,"timestamp_ns":689888192049958,"run_id":"stepping-stage-10","component":"codex","event":"protocol.stdout","fields":{"bytes":259}}
{"schema":"vecherinka.log.v1","seq":273,"timestamp_ns":689888214848958,"run_id":"stepping-stage-10","component":"codex","event":"protocol.stdout","fields":{"bytes":251}}
{"schema":"vecherinka.log.v1","seq":274,"timestamp_ns":689888316471250,"run_id":"stepping-stage-10","component":"codex","event":"protocol.stdout","fields":{"bytes":352}}
{"schema":"vecherinka.log.v1","seq":275,"timestamp_ns":689888334872875,"run_id":"stepping-stage-10","component":"codex","event":"protocol.stdout","fields":{"bytes":512}}
{"schema":"vecherinka.log.v1","seq":276,"timestamp_ns":689888335035458,"run_id":"stepping-stage-10","component":"codex","event":"protocol.stdout","fields":{"bytes":456}}
{"schema":"vecherinka.log.v1","seq":277,"timestamp_ns":689888337715833,"run_id":"stepping-stage-10","component":"codex","event":"protocol.stdout","fields":{"bytes":472}}
{"schema":"vecherinka.log.v1","seq":278,"timestamp_ns":689888337851166,"run_id":"stepping-stage-10","component":"codex","event":"protocol.stdout","fields":{"bytes":148}}
{"schema":"vecherinka.log.v1","seq":279,"timestamp_ns":689888337928041,"run_id":"stepping-stage-10","component":"codex","event":"protocol.stdout","fields":{"bytes":452}}
{"schema":"vecherinka.log.v1","seq":280,"timestamp_ns":689888391284416,"run_id":"stepping-stage-10","component":"codex","event":"protocol.stdout","fields":{"bytes":167}}
{"schema":"vecherinka.log.v1","seq":281,"timestamp_ns":689888391430166,"run_id":"stepping-stage-10","component":"codex","event":"protocol.stdout","fields":{"bytes":297}}
{"schema":"vecherinka.log.v1","seq":282,"timestamp_ns":689888603029708,"run_id":"stepping-stage-10","component":"codex","event":"protocol.stdout","fields":{"bytes":309}}
{"schema":"vecherinka.log.v1","seq":283,"timestamp_ns":689889212440375,"run_id":"stepping-stage-10","component":"codex","event":"protocol.stdout","fields":{"bytes":305}}
{"schema":"vecherinka.log.v1","seq":284,"timestamp_ns":689889684412000,"run_id":"stepping-stage-10","component":"codex","event":"protocol.stdout","fields":{"bytes":309}}
{"schema":"vecherinka.log.v1","seq":285,"timestamp_ns":689889684874041,"run_id":"stepping-stage-10","component":"codex","event":"protocol.stdout","fields":{"bytes":338}}
{"schema":"vecherinka.log.v1","seq":286,"timestamp_ns":689889693082875,"run_id":"stepping-stage-10","component":"codex","event":"protocol.stdout","fields":{"bytes":259}}
{"schema":"vecherinka.log.v1","seq":287,"timestamp_ns":689889711467625,"run_id":"stepping-stage-10","component":"codex","event":"protocol.stdout","fields":{"bytes":251}}
{"schema":"vecherinka.log.v1","seq":288,"timestamp_ns":689889815593250,"run_id":"stepping-stage-10","component":"codex","event":"protocol.stdout","fields":{"bytes":352}}
{"schema":"vecherinka.log.v1","seq":289,"timestamp_ns":689889833123708,"run_id":"stepping-stage-10","component":"codex","event":"protocol.stdout","fields":{"bytes":515}}
{"schema":"vecherinka.log.v1","seq":290,"timestamp_ns":689889833286875,"run_id":"stepping-stage-10","component":"codex","event":"protocol.stdout","fields":{"bytes":456}}
{"schema":"vecherinka.log.v1","seq":291,"timestamp_ns":689889835948125,"run_id":"stepping-stage-10","component":"codex","event":"protocol.stdout","fields":{"bytes":473}}
{"schema":"vecherinka.log.v1","seq":292,"timestamp_ns":689889836081500,"run_id":"stepping-stage-10","component":"codex","event":"protocol.stdout","fields":{"bytes":148}}
{"schema":"vecherinka.log.v1","seq":293,"timestamp_ns":689889836160041,"run_id":"stepping-stage-10","component":"codex","event":"protocol.stdout","fields":{"bytes":452}}
{"schema":"vecherinka.log.v1","seq":294,"timestamp_ns":689889845664375,"run_id":"stepping-stage-10","component":"codex","event":"protocol.stdout","fields":{"bytes":167}}
{"schema":"vecherinka.log.v1","seq":295,"timestamp_ns":689889845803500,"run_id":"stepping-stage-10","component":"codex","event":"protocol.stdout","fields":{"bytes":297}}
{"schema":"vecherinka.log.v1","seq":296,"timestamp_ns":689890242296625,"run_id":"stepping-stage-10","component":"codex","event":"protocol.stdout","fields":{"bytes":753}}
{"schema":"vecherinka.log.v1","seq":297,"timestamp_ns":689890242450291,"run_id":"stepping-stage-10","component":"codex","event":"protocol.stdout","fields":{"bytes":935}}
{"schema":"vecherinka.log.v1","seq":298,"timestamp_ns":689890242561583,"run_id":"stepping-stage-10","component":"codex","event":"protocol.stdout","fields":{"bytes":473}}
{"schema":"vecherinka.log.v1","seq":299,"timestamp_ns":689890246457625,"run_id":"stepping-stage-10","component":"codex","event":"protocol.stdout","fields":{"bytes":515}}
{"schema":"vecherinka.log.v1","seq":300,"timestamp_ns":689890246601000,"run_id":"stepping-stage-10","component":"codex","event":"protocol.stdout","fields":{"bytes":456}}
{"schema":"vecherinka.log.v1","seq":301,"timestamp_ns":689890928960791,"run_id":"stepping-stage-10","component":"codex","event":"protocol.stdout","fields":{"bytes":305}}
{"schema":"vecherinka.log.v1","seq":302,"timestamp_ns":689891193857583,"run_id":"stepping-stage-10","component":"codex","event":"protocol.stdout","fields":{"bytes":309}}
{"schema":"vecherinka.log.v1","seq":303,"timestamp_ns":689891195488666,"run_id":"stepping-stage-10","component":"codex","event":"protocol.stdout","fields":{"bytes":338}}
{"schema":"vecherinka.log.v1","seq":304,"timestamp_ns":689891206545833,"run_id":"stepping-stage-10","component":"codex","event":"protocol.stdout","fields":{"bytes":259}}
{"schema":"vecherinka.log.v1","seq":305,"timestamp_ns":689891277074500,"run_id":"stepping-stage-10","component":"codex","event":"protocol.stdout","fields":{"bytes":251}}
{"schema":"vecherinka.log.v1","seq":306,"timestamp_ns":689891488531166,"run_id":"stepping-stage-10","component":"codex","event":"protocol.stdout","fields":{"bytes":352}}
{"schema":"vecherinka.log.v1","seq":307,"timestamp_ns":689891513666083,"run_id":"stepping-stage-10","component":"codex","event":"protocol.stdout","fields":{"bytes":516}}
{"schema":"vecherinka.log.v1","seq":308,"timestamp_ns":689891513914708,"run_id":"stepping-stage-10","component":"codex","event":"protocol.stdout","fields":{"bytes":456}}
{"schema":"vecherinka.log.v1","seq":309,"timestamp_ns":689891519174583,"run_id":"stepping-stage-10","component":"codex","event":"protocol.stdout","fields":{"bytes":473}}
{"schema":"vecherinka.log.v1","seq":310,"timestamp_ns":689891519336625,"run_id":"stepping-stage-10","component":"codex","event":"protocol.stdout","fields":{"bytes":148}}
{"schema":"vecherinka.log.v1","seq":311,"timestamp_ns":689891519417375,"run_id":"stepping-stage-10","component":"codex","event":"protocol.stdout","fields":{"bytes":452}}
{"schema":"vecherinka.log.v1","seq":312,"timestamp_ns":689891528496958,"run_id":"stepping-stage-10","component":"codex","event":"protocol.stdout","fields":{"bytes":167}}
{"schema":"vecherinka.log.v1","seq":313,"timestamp_ns":689891528631958,"run_id":"stepping-stage-10","component":"codex","event":"protocol.stdout","fields":{"bytes":297}}
{"schema":"vecherinka.log.v1","seq":314,"timestamp_ns":689891732555791,"run_id":"stepping-stage-10","component":"codex","event":"protocol.stdout","fields":{"bytes":305}}
{"schema":"vecherinka.log.v1","seq":315,"timestamp_ns":689892617574291,"run_id":"stepping-stage-10","component":"codex","event":"protocol.stdout","fields":{"bytes":305}}
{"schema":"vecherinka.log.v1","seq":316,"timestamp_ns":689892636718583,"run_id":"stepping-stage-10","component":"codex","event":"protocol.stdout","fields":{"bytes":309}}
{"schema":"vecherinka.log.v1","seq":317,"timestamp_ns":689892774518041,"run_id":"stepping-stage-10","component":"codex","event":"protocol.stdout","fields":{"bytes":309}}
{"schema":"vecherinka.log.v1","seq":318,"timestamp_ns":689892774950083,"run_id":"stepping-stage-10","component":"codex","event":"protocol.stdout","fields":{"bytes":338}}
{"schema":"vecherinka.log.v1","seq":319,"timestamp_ns":689892790360333,"run_id":"stepping-stage-10","component":"codex","event":"protocol.stdout","fields":{"bytes":259}}
{"schema":"vecherinka.log.v1","seq":320,"timestamp_ns":689892804609166,"run_id":"stepping-stage-10","component":"codex","event":"protocol.stdout","fields":{"bytes":251}}
{"schema":"vecherinka.log.v1","seq":321,"timestamp_ns":689892933668875,"run_id":"stepping-stage-10","component":"codex","event":"protocol.stdout","fields":{"bytes":352}}
{"schema":"vecherinka.log.v1","seq":322,"timestamp_ns":689892952459750,"run_id":"stepping-stage-10","component":"codex","event":"protocol.stdout","fields":{"bytes":515}}
{"schema":"vecherinka.log.v1","seq":323,"timestamp_ns":689892952808416,"run_id":"stepping-stage-10","component":"codex","event":"protocol.stdout","fields":{"bytes":456}}
{"schema":"vecherinka.log.v1","seq":324,"timestamp_ns":689892958161333,"run_id":"stepping-stage-10","component":"codex","event":"protocol.stdout","fields":{"bytes":473}}
{"schema":"vecherinka.log.v1","seq":325,"timestamp_ns":689892958419666,"run_id":"stepping-stage-10","component":"codex","event":"protocol.stdout","fields":{"bytes":148}}
{"schema":"vecherinka.log.v1","seq":326,"timestamp_ns":689892958568416,"run_id":"stepping-stage-10","component":"codex","event":"protocol.stdout","fields":{"bytes":452}}
{"schema":"vecherinka.log.v1","seq":327,"timestamp_ns":689892968931083,"run_id":"stepping-stage-10","component":"codex","event":"protocol.stdout","fields":{"bytes":167}}
{"schema":"vecherinka.log.v1","seq":328,"timestamp_ns":689892969071583,"run_id":"stepping-stage-10","component":"codex","event":"protocol.stdout","fields":{"bytes":297}}
{"schema":"vecherinka.log.v1","seq":329,"timestamp_ns":689893551086208,"run_id":"stepping-stage-10","component":"codex","event":"protocol.stdout","fields":{"bytes":474}}
{"schema":"vecherinka.log.v1","seq":330,"timestamp_ns":689893551342500,"run_id":"stepping-stage-10","component":"codex","event":"protocol.stdout","fields":{"bytes":322}}
{"schema":"vecherinka.log.v1","seq":331,"timestamp_ns":689893551506250,"run_id":"stepping-stage-10","component":"vecherinka","event":"model.output","fields":{"request_id":"i:1","tool":"finish_work","arguments_bytes":75}}
{"schema":"vecherinka.log.v1","seq":332,"timestamp_ns":689893551662583,"run_id":"stepping-stage-10","component":"vecherinka","event":"model.reject","fields":{"request_id":"i:1","error":"invalid finish_work locations: output.source: Location source does not exist: /Users/alex/areas/productive/orchestration/run-EJuYgTkL/artifact-7/stage-10-source-payload-6a52\n\n"}}
{"schema":"vecherinka.log.v1","seq":333,"timestamp_ns":689893553051250,"run_id":"stepping-stage-10","component":"codex","event":"protocol.stdout","fields":{"bytes":705}}
{"schema":"vecherinka.log.v1","seq":334,"timestamp_ns":689893553228125,"run_id":"stepping-stage-10","component":"codex","event":"protocol.stdout","fields":{"bytes":473}}
{"schema":"vecherinka.log.v1","seq":335,"timestamp_ns":689893574485208,"run_id":"stepping-stage-10","component":"codex","event":"protocol.stdout","fields":{"bytes":513}}
{"schema":"vecherinka.log.v1","seq":336,"timestamp_ns":689893574657083,"run_id":"stepping-stage-10","component":"codex","event":"protocol.stdout","fields":{"bytes":456}}
{"schema":"vecherinka.log.v1","seq":337,"timestamp_ns":689893883715666,"run_id":"stepping-stage-10","component":"codex","event":"protocol.stdout","fields":{"bytes":305}}
{"schema":"vecherinka.log.v1","seq":338,"timestamp_ns":689894053079500,"run_id":"stepping-stage-10","component":"codex","event":"protocol.stdout","fields":{"bytes":309}}
{"schema":"vecherinka.log.v1","seq":339,"timestamp_ns":689894053477625,"run_id":"stepping-stage-10","component":"codex","event":"protocol.stdout","fields":{"bytes":338}}
{"schema":"vecherinka.log.v1","seq":340,"timestamp_ns":689894071605333,"run_id":"stepping-stage-10","component":"codex","event":"protocol.stdout","fields":{"bytes":259}}
{"schema":"vecherinka.log.v1","seq":341,"timestamp_ns":689894091285166,"run_id":"stepping-stage-10","component":"codex","event":"protocol.stdout","fields":{"bytes":251}}
{"schema":"vecherinka.log.v1","seq":342,"timestamp_ns":689894213413041,"run_id":"stepping-stage-10","component":"codex","event":"protocol.stdout","fields":{"bytes":352}}
{"schema":"vecherinka.log.v1","seq":343,"timestamp_ns":689894225108541,"run_id":"stepping-stage-10","component":"codex","event":"protocol.stdout","fields":{"bytes":515}}
{"schema":"vecherinka.log.v1","seq":344,"timestamp_ns":689894225325375,"run_id":"stepping-stage-10","component":"codex","event":"protocol.stdout","fields":{"bytes":456}}
{"schema":"vecherinka.log.v1","seq":345,"timestamp_ns":689894229240250,"run_id":"stepping-stage-10","component":"codex","event":"protocol.stdout","fields":{"bytes":473}}
{"schema":"vecherinka.log.v1","seq":346,"timestamp_ns":689894229355083,"run_id":"stepping-stage-10","component":"codex","event":"protocol.stdout","fields":{"bytes":148}}
{"schema":"vecherinka.log.v1","seq":347,"timestamp_ns":689894229620000,"run_id":"stepping-stage-10","component":"codex","event":"protocol.stdout","fields":{"bytes":452}}
{"schema":"vecherinka.log.v1","seq":348,"timestamp_ns":689894238614708,"run_id":"stepping-stage-10","component":"codex","event":"protocol.stdout","fields":{"bytes":167}}
{"schema":"vecherinka.log.v1","seq":349,"timestamp_ns":689894238763166,"run_id":"stepping-stage-10","component":"codex","event":"protocol.stdout","fields":{"bytes":297}}
{"schema":"vecherinka.log.v1","seq":350,"timestamp_ns":689894791974875,"run_id":"stepping-stage-10","component":"codex","event":"protocol.stdout","fields":{"bytes":305}}
{"schema":"vecherinka.log.v1","seq":351,"timestamp_ns":689895232690291,"run_id":"stepping-stage-10","component":"codex","event":"protocol.stdout","fields":{"bytes":305}}
{"schema":"vecherinka.log.v1","seq":352,"timestamp_ns":689895387846958,"run_id":"stepping-stage-10","component":"codex","event":"protocol.stdout","fields":{"bytes":309}}
{"schema":"vecherinka.log.v1","seq":353,"timestamp_ns":689895388205750,"run_id":"stepping-stage-10","component":"codex","event":"protocol.stdout","fields":{"bytes":338}}
{"schema":"vecherinka.log.v1","seq":354,"timestamp_ns":689895416912625,"run_id":"stepping-stage-10","component":"codex","event":"protocol.stdout","fields":{"bytes":259}}
{"schema":"vecherinka.log.v1","seq":355,"timestamp_ns":689895422217083,"run_id":"stepping-stage-10","component":"codex","event":"protocol.stdout","fields":{"bytes":251}}
{"schema":"vecherinka.log.v1","seq":356,"timestamp_ns":689895554957250,"run_id":"stepping-stage-10","component":"codex","event":"protocol.stdout","fields":{"bytes":352}}
{"schema":"vecherinka.log.v1","seq":357,"timestamp_ns":689895575163625,"run_id":"stepping-stage-10","component":"codex","event":"protocol.stdout","fields":{"bytes":515}}
{"schema":"vecherinka.log.v1","seq":358,"timestamp_ns":689895575393166,"run_id":"stepping-stage-10","component":"codex","event":"protocol.stdout","fields":{"bytes":456}}
{"schema":"vecherinka.log.v1","seq":359,"timestamp_ns":689895580638916,"run_id":"stepping-stage-10","component":"codex","event":"protocol.stdout","fields":{"bytes":473}}
{"schema":"vecherinka.log.v1","seq":360,"timestamp_ns":689895580849875,"run_id":"stepping-stage-10","component":"codex","event":"protocol.stdout","fields":{"bytes":148}}
{"schema":"vecherinka.log.v1","seq":361,"timestamp_ns":689895580977875,"run_id":"stepping-stage-10","component":"codex","event":"protocol.stdout","fields":{"bytes":452}}
{"schema":"vecherinka.log.v1","seq":362,"timestamp_ns":689895591471958,"run_id":"stepping-stage-10","component":"codex","event":"protocol.stdout","fields":{"bytes":167}}
{"schema":"vecherinka.log.v1","seq":363,"timestamp_ns":689895591630416,"run_id":"stepping-stage-10","component":"codex","event":"protocol.stdout","fields":{"bytes":297}}
{"schema":"vecherinka.log.v1","seq":364,"timestamp_ns":689895847810166,"run_id":"stepping-stage-10","component":"codex","event":"protocol.stdout","fields":{"bytes":309}}
{"schema":"vecherinka.log.v1","seq":365,"timestamp_ns":689895851877541,"run_id":"stepping-stage-10","component":"codex","event":"protocol.stdout","fields":{"bytes":305}}
{"schema":"vecherinka.log.v1","seq":366,"timestamp_ns":689896587790416,"run_id":"stepping-stage-10","component":"codex","event":"protocol.stdout","fields":{"bytes":305}}
{"schema":"vecherinka.log.v1","seq":367,"timestamp_ns":689896755756291,"run_id":"stepping-stage-10","component":"codex","event":"protocol.stdout","fields":{"bytes":309}}
{"schema":"vecherinka.log.v1","seq":368,"timestamp_ns":689896756155958,"run_id":"stepping-stage-10","component":"codex","event":"protocol.stdout","fields":{"bytes":338}}
{"schema":"vecherinka.log.v1","seq":369,"timestamp_ns":689896769076000,"run_id":"stepping-stage-10","component":"codex","event":"protocol.stdout","fields":{"bytes":259}}
{"schema":"vecherinka.log.v1","seq":370,"timestamp_ns":689896796811791,"run_id":"stepping-stage-10","component":"codex","event":"protocol.stdout","fields":{"bytes":251}}
{"schema":"vecherinka.log.v1","seq":371,"timestamp_ns":689896902856416,"run_id":"stepping-stage-10","component":"codex","event":"protocol.stdout","fields":{"bytes":352}}
{"schema":"vecherinka.log.v1","seq":372,"timestamp_ns":689896912095250,"run_id":"stepping-stage-10","component":"codex","event":"protocol.stdout","fields":{"bytes":511}}
{"schema":"vecherinka.log.v1","seq":373,"timestamp_ns":689896912369458,"run_id":"stepping-stage-10","component":"codex","event":"protocol.stdout","fields":{"bytes":456}}
{"schema":"vecherinka.log.v1","seq":374,"timestamp_ns":689896918946250,"run_id":"stepping-stage-10","component":"codex","event":"protocol.stdout","fields":{"bytes":473}}
{"schema":"vecherinka.log.v1","seq":375,"timestamp_ns":689896919160250,"run_id":"stepping-stage-10","component":"codex","event":"protocol.stdout","fields":{"bytes":148}}
{"schema":"vecherinka.log.v1","seq":376,"timestamp_ns":689896919287916,"run_id":"stepping-stage-10","component":"codex","event":"protocol.stdout","fields":{"bytes":452}}
{"schema":"vecherinka.log.v1","seq":377,"timestamp_ns":689896929568250,"run_id":"stepping-stage-10","component":"codex","event":"protocol.stdout","fields":{"bytes":167}}
{"schema":"vecherinka.log.v1","seq":378,"timestamp_ns":689896929724500,"run_id":"stepping-stage-10","component":"codex","event":"protocol.stdout","fields":{"bytes":297}}
{"schema":"vecherinka.log.v1","seq":379,"timestamp_ns":689899070630333,"run_id":"stepping-stage-10","component":"codex","event":"protocol.stdout","fields":{"bytes":305}}
{"schema":"vecherinka.log.v1","seq":380,"timestamp_ns":689899426848458,"run_id":"stepping-stage-10","component":"codex","event":"protocol.stdout","fields":{"bytes":309}}
{"schema":"vecherinka.log.v1","seq":381,"timestamp_ns":689899427108375,"run_id":"stepping-stage-10","component":"codex","event":"protocol.stdout","fields":{"bytes":338}}
{"schema":"vecherinka.log.v1","seq":382,"timestamp_ns":689899441973750,"run_id":"stepping-stage-10","component":"codex","event":"protocol.stdout","fields":{"bytes":259}}
{"schema":"vecherinka.log.v1","seq":383,"timestamp_ns":689899457106458,"run_id":"stepping-stage-10","component":"codex","event":"protocol.stdout","fields":{"bytes":251}}
{"schema":"vecherinka.log.v1","seq":384,"timestamp_ns":689899466293916,"run_id":"stepping-stage-10","component":"codex","event":"protocol.stdout","fields":{"bytes":309}}
{"schema":"vecherinka.log.v1","seq":385,"timestamp_ns":689899466510666,"run_id":"stepping-stage-10","component":"codex","event":"protocol.stdout","fields":{"bytes":336}}
{"schema":"vecherinka.log.v1","seq":386,"timestamp_ns":689899471717791,"run_id":"stepping-stage-10","component":"codex","event":"protocol.stdout","fields":{"bytes":253}}
{"schema":"vecherinka.log.v1","seq":387,"timestamp_ns":689899485767583,"run_id":"stepping-stage-10","component":"codex","event":"protocol.stdout","fields":{"bytes":261}}
{"schema":"vecherinka.log.v1","seq":388,"timestamp_ns":689899507878333,"run_id":"stepping-stage-10","component":"codex","event":"protocol.stdout","fields":{"bytes":255}}
{"schema":"vecherinka.log.v1","seq":389,"timestamp_ns":689899529725000,"run_id":"stepping-stage-10","component":"codex","event":"protocol.stdout","fields":{"bytes":253}}
{"schema":"vecherinka.log.v1","seq":390,"timestamp_ns":689899549158000,"run_id":"stepping-stage-10","component":"codex","event":"protocol.stdout","fields":{"bytes":258}}
{"schema":"vecherinka.log.v1","seq":391,"timestamp_ns":689899563039583,"run_id":"stepping-stage-10","component":"codex","event":"protocol.stdout","fields":{"bytes":252}}
{"schema":"vecherinka.log.v1","seq":392,"timestamp_ns":689899568517583,"run_id":"stepping-stage-10","component":"codex","event":"protocol.stdout","fields":{"bytes":352}}
{"schema":"vecherinka.log.v1","seq":393,"timestamp_ns":689899587730708,"run_id":"stepping-stage-10","component":"codex","event":"protocol.stdout","fields":{"bytes":256}}
{"schema":"vecherinka.log.v1","seq":394,"timestamp_ns":689899591772583,"run_id":"stepping-stage-10","component":"codex","event":"protocol.stdout","fields":{"bytes":516}}
{"schema":"vecherinka.log.v1","seq":395,"timestamp_ns":689899591976958,"run_id":"stepping-stage-10","component":"codex","event":"protocol.stdout","fields":{"bytes":456}}
{"schema":"vecherinka.log.v1","seq":396,"timestamp_ns":689899598617125,"run_id":"stepping-stage-10","component":"codex","event":"protocol.stdout","fields":{"bytes":473}}
{"schema":"vecherinka.log.v1","seq":397,"timestamp_ns":689899598839208,"run_id":"stepping-stage-10","component":"codex","event":"protocol.stdout","fields":{"bytes":148}}
{"schema":"vecherinka.log.v1","seq":398,"timestamp_ns":689899598959541,"run_id":"stepping-stage-10","component":"codex","event":"protocol.stdout","fields":{"bytes":452}}
{"schema":"vecherinka.log.v1","seq":399,"timestamp_ns":689899599115208,"run_id":"stepping-stage-10","component":"codex","event":"protocol.stdout","fields":{"bytes":251}}
{"schema":"vecherinka.log.v1","seq":400,"timestamp_ns":689899608131291,"run_id":"stepping-stage-10","component":"codex","event":"protocol.stdout","fields":{"bytes":167}}
{"schema":"vecherinka.log.v1","seq":401,"timestamp_ns":689899608275333,"run_id":"stepping-stage-10","component":"codex","event":"protocol.stdout","fields":{"bytes":297}}
{"schema":"vecherinka.log.v1","seq":402,"timestamp_ns":689899618558750,"run_id":"stepping-stage-10","component":"codex","event":"protocol.stdout","fields":{"bytes":253}}
{"schema":"vecherinka.log.v1","seq":403,"timestamp_ns":689899642582875,"run_id":"stepping-stage-10","component":"codex","event":"protocol.stdout","fields":{"bytes":252}}
{"schema":"vecherinka.log.v1","seq":404,"timestamp_ns":689899659074083,"run_id":"stepping-stage-10","component":"codex","event":"protocol.stdout","fields":{"bytes":255}}
{"schema":"vecherinka.log.v1","seq":405,"timestamp_ns":689899680465291,"run_id":"stepping-stage-10","component":"codex","event":"protocol.stdout","fields":{"bytes":259}}
{"schema":"vecherinka.log.v1","seq":406,"timestamp_ns":689899680557625,"run_id":"stepping-stage-10","component":"codex","event":"protocol.stdout","fields":{"bytes":251}}
{"schema":"vecherinka.log.v1","seq":407,"timestamp_ns":689899707074500,"run_id":"stepping-stage-10","component":"codex","event":"protocol.stdout","fields":{"bytes":253}}
{"schema":"vecherinka.log.v1","seq":408,"timestamp_ns":689899717319083,"run_id":"stepping-stage-10","component":"codex","event":"protocol.stdout","fields":{"bytes":252}}
{"schema":"vecherinka.log.v1","seq":409,"timestamp_ns":689899734754666,"run_id":"stepping-stage-10","component":"codex","event":"protocol.stdout","fields":{"bytes":254}}
{"schema":"vecherinka.log.v1","seq":410,"timestamp_ns":689899753228208,"run_id":"stepping-stage-10","component":"codex","event":"protocol.stdout","fields":{"bytes":261}}
{"schema":"vecherinka.log.v1","seq":411,"timestamp_ns":689899778674458,"run_id":"stepping-stage-10","component":"codex","event":"protocol.stdout","fields":{"bytes":254}}
{"schema":"vecherinka.log.v1","seq":412,"timestamp_ns":689899794197458,"run_id":"stepping-stage-10","component":"codex","event":"protocol.stdout","fields":{"bytes":259}}
{"schema":"vecherinka.log.v1","seq":413,"timestamp_ns":689899813384000,"run_id":"stepping-stage-10","component":"codex","event":"protocol.stdout","fields":{"bytes":252}}
{"schema":"vecherinka.log.v1","seq":414,"timestamp_ns":689899837171875,"run_id":"stepping-stage-10","component":"codex","event":"protocol.stdout","fields":{"bytes":256}}
{"schema":"vecherinka.log.v1","seq":415,"timestamp_ns":689899860163541,"run_id":"stepping-stage-10","component":"codex","event":"protocol.stdout","fields":{"bytes":254}}
{"schema":"vecherinka.log.v1","seq":416,"timestamp_ns":689899869223666,"run_id":"stepping-stage-10","component":"codex","event":"protocol.stdout","fields":{"bytes":251}}
{"schema":"vecherinka.log.v1","seq":417,"timestamp_ns":689899887276625,"run_id":"stepping-stage-10","component":"codex","event":"protocol.stdout","fields":{"bytes":255}}
{"schema":"vecherinka.log.v1","seq":418,"timestamp_ns":689899904424791,"run_id":"stepping-stage-10","component":"codex","event":"protocol.stdout","fields":{"bytes":256}}
{"schema":"vecherinka.log.v1","seq":419,"timestamp_ns":689899928336416,"run_id":"stepping-stage-10","component":"codex","event":"protocol.stdout","fields":{"bytes":258}}
{"schema":"vecherinka.log.v1","seq":420,"timestamp_ns":689899946831875,"run_id":"stepping-stage-10","component":"codex","event":"protocol.stdout","fields":{"bytes":254}}
{"schema":"vecherinka.log.v1","seq":421,"timestamp_ns":689899966811708,"run_id":"stepping-stage-10","component":"codex","event":"protocol.stdout","fields":{"bytes":255}}
{"schema":"vecherinka.log.v1","seq":422,"timestamp_ns":689899989131708,"run_id":"stepping-stage-10","component":"codex","event":"protocol.stdout","fields":{"bytes":260}}
{"schema":"vecherinka.log.v1","seq":423,"timestamp_ns":689900011029041,"run_id":"stepping-stage-10","component":"codex","event":"protocol.stdout","fields":{"bytes":251}}
{"schema":"vecherinka.log.v1","seq":424,"timestamp_ns":689900228312583,"run_id":"stepping-stage-10","component":"codex","event":"protocol.stdout","fields":{"bytes":484}}
{"schema":"vecherinka.log.v1","seq":425,"timestamp_ns":689900583391958,"run_id":"stepping-stage-10","component":"codex","event":"protocol.stdout","fields":{"bytes":305}}
{"schema":"vecherinka.log.v1","seq":426,"timestamp_ns":689900760882083,"run_id":"stepping-stage-10","component":"codex","event":"protocol.stdout","fields":{"bytes":309}}
{"schema":"vecherinka.log.v1","seq":427,"timestamp_ns":689900761115583,"run_id":"stepping-stage-10","component":"codex","event":"protocol.stdout","fields":{"bytes":338}}
{"schema":"vecherinka.log.v1","seq":428,"timestamp_ns":689900761233000,"run_id":"stepping-stage-10","component":"codex","event":"protocol.stdout","fields":{"bytes":259}}
{"schema":"vecherinka.log.v1","seq":429,"timestamp_ns":689900775116416,"run_id":"stepping-stage-10","component":"codex","event":"protocol.stdout","fields":{"bytes":251}}
{"schema":"vecherinka.log.v1","seq":430,"timestamp_ns":689900883588166,"run_id":"stepping-stage-10","component":"codex","event":"protocol.stdout","fields":{"bytes":352}}
{"schema":"vecherinka.log.v1","seq":431,"timestamp_ns":689900909955458,"run_id":"stepping-stage-10","component":"codex","event":"protocol.stdout","fields":{"bytes":515}}
{"schema":"vecherinka.log.v1","seq":432,"timestamp_ns":689900910236750,"run_id":"stepping-stage-10","component":"codex","event":"protocol.stdout","fields":{"bytes":456}}
{"schema":"vecherinka.log.v1","seq":433,"timestamp_ns":689900916811583,"run_id":"stepping-stage-10","component":"codex","event":"protocol.stdout","fields":{"bytes":473}}
{"schema":"vecherinka.log.v1","seq":434,"timestamp_ns":689900917016291,"run_id":"stepping-stage-10","component":"codex","event":"protocol.stdout","fields":{"bytes":148}}
{"schema":"vecherinka.log.v1","seq":435,"timestamp_ns":689900917143333,"run_id":"stepping-stage-10","component":"codex","event":"protocol.stdout","fields":{"bytes":452}}
{"schema":"vecherinka.log.v1","seq":436,"timestamp_ns":689900928588041,"run_id":"stepping-stage-10","component":"codex","event":"protocol.stdout","fields":{"bytes":167}}
{"schema":"vecherinka.log.v1","seq":437,"timestamp_ns":689900928734416,"run_id":"stepping-stage-10","component":"codex","event":"protocol.stdout","fields":{"bytes":297}}
{"schema":"vecherinka.log.v1","seq":438,"timestamp_ns":689901012730875,"run_id":"stepping-stage-10","component":"codex","event":"protocol.stdout","fields":{"bytes":478}}
{"schema":"vecherinka.log.v1","seq":439,"timestamp_ns":689901012868375,"run_id":"stepping-stage-10","component":"codex","event":"protocol.stdout","fields":{"bytes":326}}
{"schema":"vecherinka.log.v1","seq":440,"timestamp_ns":689901012975041,"run_id":"stepping-stage-10","component":"vecherinka","event":"model.output","fields":{"request_id":"i:1","tool":"finish_work","arguments_bytes":79}}
{"schema":"vecherinka.log.v1","seq":441,"timestamp_ns":689901013070666,"run_id":"stepping-stage-10","component":"vecherinka","event":"model.reject","fields":{"request_id":"i:1","error":"invalid finish_work locations: output.source: Location source does not exist: /Users/alex/areas/productive/orchestration/run-EJuYgTkL/artifact-7/run-EJuYgTkL/artifact-7/source.txt\n"}}
{"schema":"vecherinka.log.v1","seq":442,"timestamp_ns":689901014453000,"run_id":"stepping-stage-10","component":"codex","event":"protocol.stdout","fields":{"bytes":713}}
{"schema":"vecherinka.log.v1","seq":443,"timestamp_ns":689901014611583,"run_id":"stepping-stage-10","component":"codex","event":"protocol.stdout","fields":{"bytes":473}}
{"schema":"vecherinka.log.v1","seq":444,"timestamp_ns":689901048722291,"run_id":"stepping-stage-10","component":"codex","event":"protocol.stdout","fields":{"bytes":515}}
{"schema":"vecherinka.log.v1","seq":445,"timestamp_ns":689901048874083,"run_id":"stepping-stage-10","component":"codex","event":"protocol.stdout","fields":{"bytes":456}}
{"schema":"vecherinka.log.v1","seq":446,"timestamp_ns":689901790254375,"run_id":"stepping-stage-10","component":"codex","event":"protocol.stdout","fields":{"bytes":305}}
{"schema":"vecherinka.log.v1","seq":447,"timestamp_ns":689901998921875,"run_id":"stepping-stage-10","component":"codex","event":"protocol.stdout","fields":{"bytes":305}}
{"schema":"vecherinka.log.v1","seq":448,"timestamp_ns":689902117634083,"run_id":"stepping-stage-10","component":"codex","event":"protocol.stdout","fields":{"bytes":309}}
{"schema":"vecherinka.log.v1","seq":449,"timestamp_ns":689902164603458,"run_id":"stepping-stage-10","component":"codex","event":"protocol.stdout","fields":{"bytes":309}}
{"schema":"vecherinka.log.v1","seq":450,"timestamp_ns":689902165623791,"run_id":"stepping-stage-10","component":"codex","event":"protocol.stdout","fields":{"bytes":338}}
{"schema":"vecherinka.log.v1","seq":451,"timestamp_ns":689902181660750,"run_id":"stepping-stage-10","component":"codex","event":"protocol.stdout","fields":{"bytes":259}}
{"schema":"vecherinka.log.v1","seq":452,"timestamp_ns":689902197667500,"run_id":"stepping-stage-10","component":"codex","event":"protocol.stdout","fields":{"bytes":251}}
{"schema":"vecherinka.log.v1","seq":453,"timestamp_ns":689902298053250,"run_id":"stepping-stage-10","component":"codex","event":"protocol.stdout","fields":{"bytes":352}}
{"schema":"vecherinka.log.v1","seq":454,"timestamp_ns":689902323240583,"run_id":"stepping-stage-10","component":"codex","event":"protocol.stdout","fields":{"bytes":515}}
{"schema":"vecherinka.log.v1","seq":455,"timestamp_ns":689902323538458,"run_id":"stepping-stage-10","component":"codex","event":"protocol.stdout","fields":{"bytes":456}}
{"schema":"vecherinka.log.v1","seq":456,"timestamp_ns":689902328804375,"run_id":"stepping-stage-10","component":"codex","event":"protocol.stdout","fields":{"bytes":473}}
{"schema":"vecherinka.log.v1","seq":457,"timestamp_ns":689902328988333,"run_id":"stepping-stage-10","component":"codex","event":"protocol.stdout","fields":{"bytes":148}}
{"schema":"vecherinka.log.v1","seq":458,"timestamp_ns":689902329115250,"run_id":"stepping-stage-10","component":"codex","event":"protocol.stdout","fields":{"bytes":452}}
{"schema":"vecherinka.log.v1","seq":459,"timestamp_ns":689902340774166,"run_id":"stepping-stage-10","component":"codex","event":"protocol.stdout","fields":{"bytes":167}}
{"schema":"vecherinka.log.v1","seq":460,"timestamp_ns":689902340942500,"run_id":"stepping-stage-10","component":"codex","event":"protocol.stdout","fields":{"bytes":297}}
{"schema":"vecherinka.log.v1","seq":461,"timestamp_ns":689902984134791,"run_id":"stepping-stage-10","component":"codex","event":"protocol.stdout","fields":{"bytes":309}}
{"schema":"vecherinka.log.v1","seq":462,"timestamp_ns":689903238950166,"run_id":"stepping-stage-10","component":"codex","event":"protocol.stdout","fields":{"bytes":305}}
{"schema":"vecherinka.log.v1","seq":463,"timestamp_ns":689903569152375,"run_id":"stepping-stage-10","component":"codex","event":"protocol.stdout","fields":{"bytes":454}}
{"schema":"vecherinka.log.v1","seq":464,"timestamp_ns":689903569411541,"run_id":"stepping-stage-10","component":"codex","event":"protocol.stdout","fields":{"bytes":302}}
{"schema":"vecherinka.log.v1","seq":465,"timestamp_ns":689903569572458,"run_id":"stepping-stage-10","component":"vecherinka","event":"model.output","fields":{"request_id":"i:1","tool":"finish_work","arguments_bytes":55}}
{"schema":"vecherinka.log.v1","seq":466,"timestamp_ns":689903569812333,"run_id":"stepping-stage-10","component":"vecherinka","event":"artifact.commit","fields":{"artifact_id":7,"artifact_dir":"artifact-7"}}
{"schema":"vecherinka.log.v1","seq":467,"timestamp_ns":689903569843625,"run_id":"stepping-stage-10","component":"vecherinka","event":"model.finish","fields":{"request_id":"i:1","output_artifact_id":7}}
{"schema":"vecherinka.log.v1","seq":468,"timestamp_ns":689903569876500,"run_id":"stepping-stage-10","component":"vecherinka","event":"join.slot","fields":{"join_id":2,"slot":1,"artifact_id":7,"remaining":1}}
{"schema":"vecherinka.log.v1","seq":469,"timestamp_ns":689903571182708,"run_id":"stepping-stage-10","component":"codex","event":"protocol.stdout","fields":{"bytes":545}}
{"schema":"vecherinka.log.v1","seq":470,"timestamp_ns":689903571355916,"run_id":"stepping-stage-10","component":"codex","event":"protocol.stdout","fields":{"bytes":473}}
{"schema":"vecherinka.log.v1","seq":471,"timestamp_ns":689903595371916,"run_id":"stepping-stage-10","component":"codex","event":"protocol.stdout","fields":{"bytes":513}}
{"schema":"vecherinka.log.v1","seq":472,"timestamp_ns":689903595628041,"run_id":"stepping-stage-10","component":"codex","event":"protocol.stdout","fields":{"bytes":456}}
{"schema":"vecherinka.log.v1","seq":473,"timestamp_ns":689903793808500,"run_id":"stepping-stage-10","component":"codex","event":"protocol.stdout","fields":{"bytes":309}}
{"schema":"vecherinka.log.v1","seq":474,"timestamp_ns":689903793935000,"run_id":"stepping-stage-10","component":"codex","event":"protocol.stdout","fields":{"bytes":338}}
{"schema":"vecherinka.log.v1","seq":475,"timestamp_ns":689903811540458,"run_id":"stepping-stage-10","component":"codex","event":"protocol.stdout","fields":{"bytes":259}}
{"schema":"vecherinka.log.v1","seq":476,"timestamp_ns":689903825585958,"run_id":"stepping-stage-10","component":"codex","event":"protocol.stdout","fields":{"bytes":251}}
{"schema":"vecherinka.log.v1","seq":477,"timestamp_ns":689903849430166,"run_id":"stepping-stage-10","component":"codex","event":"protocol.stdout","fields":{"bytes":807}}
{"schema":"vecherinka.log.v1","seq":478,"timestamp_ns":689903849581250,"run_id":"stepping-stage-10","component":"codex","event":"protocol.stdout","fields":{"bytes":1883}}
{"schema":"vecherinka.log.v1","seq":479,"timestamp_ns":689903850957833,"run_id":"stepping-stage-10","component":"codex","event":"protocol.stdout","fields":{"bytes":473}}
{"schema":"vecherinka.log.v1","seq":480,"timestamp_ns":689903853574666,"run_id":"stepping-stage-10","component":"codex","event":"protocol.stdout","fields":{"bytes":516}}
{"schema":"vecherinka.log.v1","seq":481,"timestamp_ns":689903853689791,"run_id":"stepping-stage-10","component":"codex","event":"protocol.stdout","fields":{"bytes":456}}
{"schema":"vecherinka.log.v1","seq":482,"timestamp_ns":689903930526541,"run_id":"stepping-stage-10","component":"codex","event":"protocol.stdout","fields":{"bytes":352}}
{"schema":"vecherinka.log.v1","seq":483,"timestamp_ns":689903952069375,"run_id":"stepping-stage-10","component":"codex","event":"protocol.stdout","fields":{"bytes":516}}
{"schema":"vecherinka.log.v1","seq":484,"timestamp_ns":689903952180958,"run_id":"stepping-stage-10","component":"codex","event":"protocol.stdout","fields":{"bytes":456}}
{"schema":"vecherinka.log.v1","seq":485,"timestamp_ns":689903954810875,"run_id":"stepping-stage-10","component":"codex","event":"protocol.stdout","fields":{"bytes":473}}
{"schema":"vecherinka.log.v1","seq":486,"timestamp_ns":689903954915416,"run_id":"stepping-stage-10","component":"codex","event":"protocol.stdout","fields":{"bytes":148}}
{"schema":"vecherinka.log.v1","seq":487,"timestamp_ns":689903954988083,"run_id":"stepping-stage-10","component":"codex","event":"protocol.stdout","fields":{"bytes":452}}
{"schema":"vecherinka.log.v1","seq":488,"timestamp_ns":689903962723791,"run_id":"stepping-stage-10","component":"codex","event":"protocol.stdout","fields":{"bytes":167}}
{"schema":"vecherinka.log.v1","seq":489,"timestamp_ns":689903962846625,"run_id":"stepping-stage-10","component":"codex","event":"protocol.stdout","fields":{"bytes":297}}
{"schema":"vecherinka.log.v1","seq":490,"timestamp_ns":689904615053791,"run_id":"stepping-stage-10","component":"codex","event":"protocol.stdout","fields":{"bytes":305}}
{"schema":"vecherinka.log.v1","seq":491,"timestamp_ns":689904730686666,"run_id":"stepping-stage-10","component":"codex","event":"protocol.stdout","fields":{"bytes":305}}
{"schema":"vecherinka.log.v1","seq":492,"timestamp_ns":689904884758666,"run_id":"stepping-stage-10","component":"codex","event":"protocol.stdout","fields":{"bytes":309}}
{"schema":"vecherinka.log.v1","seq":493,"timestamp_ns":689904887180291,"run_id":"stepping-stage-10","component":"codex","event":"protocol.stdout","fields":{"bytes":338}}
{"schema":"vecherinka.log.v1","seq":494,"timestamp_ns":689904905930208,"run_id":"stepping-stage-10","component":"codex","event":"protocol.stdout","fields":{"bytes":259}}
{"schema":"vecherinka.log.v1","seq":495,"timestamp_ns":689904922543541,"run_id":"stepping-stage-10","component":"codex","event":"protocol.stdout","fields":{"bytes":251}}
{"schema":"vecherinka.log.v1","seq":496,"timestamp_ns":689904961481625,"run_id":"stepping-stage-10","component":"codex","event":"protocol.stdout","fields":{"bytes":252}}
{"schema":"vecherinka.log.v1","seq":497,"timestamp_ns":689904962087416,"run_id":"stepping-stage-10","component":"codex","event":"protocol.stdout","fields":{"bytes":256}}
{"schema":"vecherinka.log.v1","seq":498,"timestamp_ns":689904978368416,"run_id":"stepping-stage-10","component":"codex","event":"protocol.stdout","fields":{"bytes":254}}
{"schema":"vecherinka.log.v1","seq":499,"timestamp_ns":689905010587291,"run_id":"stepping-stage-10","component":"codex","event":"protocol.stdout","fields":{"bytes":251}}
{"schema":"vecherinka.log.v1","seq":500,"timestamp_ns":689905010842666,"run_id":"stepping-stage-10","component":"codex","event":"protocol.stdout","fields":{"bytes":260}}
{"schema":"vecherinka.log.v1","seq":501,"timestamp_ns":689905014703166,"run_id":"stepping-stage-10","component":"codex","event":"protocol.stdout","fields":{"bytes":260}}
{"schema":"vecherinka.log.v1","seq":502,"timestamp_ns":689905043787041,"run_id":"stepping-stage-10","component":"codex","event":"protocol.stdout","fields":{"bytes":255}}
{"schema":"vecherinka.log.v1","seq":503,"timestamp_ns":689905052452375,"run_id":"stepping-stage-10","component":"codex","event":"protocol.stdout","fields":{"bytes":305}}
{"schema":"vecherinka.log.v1","seq":504,"timestamp_ns":689905055173166,"run_id":"stepping-stage-10","component":"codex","event":"protocol.stdout","fields":{"bytes":257}}
{"schema":"vecherinka.log.v1","seq":505,"timestamp_ns":689905123731958,"run_id":"stepping-stage-10","component":"codex","event":"protocol.stdout","fields":{"bytes":252}}
{"schema":"vecherinka.log.v1","seq":506,"timestamp_ns":689905124144416,"run_id":"stepping-stage-10","component":"codex","event":"protocol.stdout","fields":{"bytes":255}}
{"schema":"vecherinka.log.v1","seq":507,"timestamp_ns":689905124328750,"run_id":"stepping-stage-10","component":"codex","event":"protocol.stdout","fields":{"bytes":251}}
{"schema":"vecherinka.log.v1","seq":508,"timestamp_ns":689905138363500,"run_id":"stepping-stage-10","component":"codex","event":"protocol.stdout","fields":{"bytes":252}}
{"schema":"vecherinka.log.v1","seq":509,"timestamp_ns":689905164499583,"run_id":"stepping-stage-10","component":"codex","event":"protocol.stdout","fields":{"bytes":255}}
{"schema":"vecherinka.log.v1","seq":510,"timestamp_ns":689905173402625,"run_id":"stepping-stage-10","component":"codex","event":"protocol.stdout","fields":{"bytes":251}}
{"schema":"vecherinka.log.v1","seq":511,"timestamp_ns":689905190251083,"run_id":"stepping-stage-10","component":"codex","event":"protocol.stdout","fields":{"bytes":251}}
{"schema":"vecherinka.log.v1","seq":512,"timestamp_ns":689905216314083,"run_id":"stepping-stage-10","component":"codex","event":"protocol.stdout","fields":{"bytes":251}}
{"schema":"vecherinka.log.v1","seq":513,"timestamp_ns":689905228474541,"run_id":"stepping-stage-10","component":"codex","event":"protocol.stdout","fields":{"bytes":252}}
{"schema":"vecherinka.log.v1","seq":514,"timestamp_ns":689905246141625,"run_id":"stepping-stage-10","component":"codex","event":"protocol.stdout","fields":{"bytes":252}}
{"schema":"vecherinka.log.v1","seq":515,"timestamp_ns":689905268867125,"run_id":"stepping-stage-10","component":"codex","event":"protocol.stdout","fields":{"bytes":252}}
{"schema":"vecherinka.log.v1","seq":516,"timestamp_ns":689905373173791,"run_id":"stepping-stage-10","component":"codex","event":"protocol.stdout","fields":{"bytes":421}}
{"schema":"vecherinka.log.v1","seq":517,"timestamp_ns":689905379936416,"run_id":"stepping-stage-10","component":"codex","event":"protocol.stdout","fields":{"bytes":515}}
{"schema":"vecherinka.log.v1","seq":518,"timestamp_ns":689905380201541,"run_id":"stepping-stage-10","component":"codex","event":"protocol.stdout","fields":{"bytes":456}}
{"schema":"vecherinka.log.v1","seq":519,"timestamp_ns":689905385475458,"run_id":"stepping-stage-10","component":"codex","event":"protocol.stdout","fields":{"bytes":473}}
{"schema":"vecherinka.log.v1","seq":520,"timestamp_ns":689905385695333,"run_id":"stepping-stage-10","component":"codex","event":"protocol.stdout","fields":{"bytes":148}}
{"schema":"vecherinka.log.v1","seq":521,"timestamp_ns":689905385840916,"run_id":"stepping-stage-10","component":"codex","event":"protocol.stdout","fields":{"bytes":522}}
{"schema":"vecherinka.log.v1","seq":522,"timestamp_ns":689905397744500,"run_id":"stepping-stage-10","component":"codex","event":"protocol.stdout","fields":{"bytes":167}}
{"schema":"vecherinka.log.v1","seq":523,"timestamp_ns":689905397916166,"run_id":"stepping-stage-10","component":"codex","event":"protocol.stdout","fields":{"bytes":297}}
{"schema":"vecherinka.log.v1","seq":524,"timestamp_ns":689905877943708,"run_id":"stepping-stage-10","component":"codex","event":"protocol.stdout","fields":{"bytes":309}}
{"schema":"vecherinka.log.v1","seq":525,"timestamp_ns":689905878114541,"run_id":"stepping-stage-10","component":"codex","event":"protocol.stdout","fields":{"bytes":338}}
{"schema":"vecherinka.log.v1","seq":526,"timestamp_ns":689905890850166,"run_id":"stepping-stage-10","component":"codex","event":"protocol.stdout","fields":{"bytes":259}}
{"schema":"vecherinka.log.v1","seq":527,"timestamp_ns":689905890965083,"run_id":"stepping-stage-10","component":"codex","event":"protocol.stdout","fields":{"bytes":251}}
{"schema":"vecherinka.log.v1","seq":528,"timestamp_ns":689906000934375,"run_id":"stepping-stage-10","component":"codex","event":"protocol.stdout","fields":{"bytes":352}}
{"schema":"vecherinka.log.v1","seq":529,"timestamp_ns":689906023828875,"run_id":"stepping-stage-10","component":"codex","event":"protocol.stdout","fields":{"bytes":515}}
{"schema":"vecherinka.log.v1","seq":530,"timestamp_ns":689906024031375,"run_id":"stepping-stage-10","component":"codex","event":"protocol.stdout","fields":{"bytes":456}}
{"schema":"vecherinka.log.v1","seq":531,"timestamp_ns":689906029252666,"run_id":"stepping-stage-10","component":"codex","event":"protocol.stdout","fields":{"bytes":473}}
{"schema":"vecherinka.log.v1","seq":532,"timestamp_ns":689906029406791,"run_id":"stepping-stage-10","component":"codex","event":"protocol.stdout","fields":{"bytes":148}}
{"schema":"vecherinka.log.v1","seq":533,"timestamp_ns":689906029488166,"run_id":"stepping-stage-10","component":"codex","event":"protocol.stdout","fields":{"bytes":452}}
{"schema":"vecherinka.log.v1","seq":534,"timestamp_ns":689906038509083,"run_id":"stepping-stage-10","component":"codex","event":"protocol.stdout","fields":{"bytes":167}}
{"schema":"vecherinka.log.v1","seq":535,"timestamp_ns":689906038658583,"run_id":"stepping-stage-10","component":"codex","event":"protocol.stdout","fields":{"bytes":297}}
{"schema":"vecherinka.log.v1","seq":536,"timestamp_ns":689906864175750,"run_id":"stepping-stage-10","component":"codex","event":"protocol.stdout","fields":{"bytes":305}}
{"schema":"vecherinka.log.v1","seq":537,"timestamp_ns":689907056119041,"run_id":"stepping-stage-10","component":"codex","event":"protocol.stdout","fields":{"bytes":305}}
{"schema":"vecherinka.log.v1","seq":538,"timestamp_ns":689907207000750,"run_id":"stepping-stage-10","component":"codex","event":"protocol.stdout","fields":{"bytes":309}}
{"schema":"vecherinka.log.v1","seq":539,"timestamp_ns":689907207407666,"run_id":"stepping-stage-10","component":"codex","event":"protocol.stdout","fields":{"bytes":338}}
{"schema":"vecherinka.log.v1","seq":540,"timestamp_ns":689907211710083,"run_id":"stepping-stage-10","component":"codex","event":"protocol.stdout","fields":{"bytes":259}}
{"schema":"vecherinka.log.v1","seq":541,"timestamp_ns":689907227750458,"run_id":"stepping-stage-10","component":"codex","event":"protocol.stdout","fields":{"bytes":251}}
{"schema":"vecherinka.log.v1","seq":542,"timestamp_ns":689907346538500,"run_id":"stepping-stage-10","component":"codex","event":"protocol.stdout","fields":{"bytes":352}}
{"schema":"vecherinka.log.v1","seq":543,"timestamp_ns":689907376910041,"run_id":"stepping-stage-10","component":"codex","event":"protocol.stdout","fields":{"bytes":515}}
{"schema":"vecherinka.log.v1","seq":544,"timestamp_ns":689907377160166,"run_id":"stepping-stage-10","component":"codex","event":"protocol.stdout","fields":{"bytes":456}}
{"schema":"vecherinka.log.v1","seq":545,"timestamp_ns":689907381157791,"run_id":"stepping-stage-10","component":"codex","event":"protocol.stdout","fields":{"bytes":473}}
{"schema":"vecherinka.log.v1","seq":546,"timestamp_ns":689907381361666,"run_id":"stepping-stage-10","component":"codex","event":"protocol.stdout","fields":{"bytes":148}}
{"schema":"vecherinka.log.v1","seq":547,"timestamp_ns":689907381498375,"run_id":"stepping-stage-10","component":"codex","event":"protocol.stdout","fields":{"bytes":452}}
{"schema":"vecherinka.log.v1","seq":548,"timestamp_ns":689907392056041,"run_id":"stepping-stage-10","component":"codex","event":"protocol.stdout","fields":{"bytes":167}}
{"schema":"vecherinka.log.v1","seq":549,"timestamp_ns":689907392222375,"run_id":"stepping-stage-10","component":"codex","event":"protocol.stdout","fields":{"bytes":297}}
{"schema":"vecherinka.log.v1","seq":550,"timestamp_ns":689907956954083,"run_id":"stepping-stage-10","component":"codex","event":"protocol.stdout","fields":{"bytes":309}}
{"schema":"vecherinka.log.v1","seq":551,"timestamp_ns":689908911629958,"run_id":"stepping-stage-10","component":"codex","event":"protocol.stdout","fields":{"bytes":522}}
{"schema":"vecherinka.log.v1","seq":552,"timestamp_ns":689908911928541,"run_id":"stepping-stage-10","component":"codex","event":"protocol.stdout","fields":{"bytes":370}}
{"schema":"vecherinka.log.v1","seq":553,"timestamp_ns":689908912128791,"run_id":"stepping-stage-10","component":"vecherinka","event":"model.output","fields":{"request_id":"i:0","tool":"finish_work","arguments_bytes":123}}
{"schema":"vecherinka.log.v1","seq":554,"timestamp_ns":689908912336083,"run_id":"stepping-stage-10","component":"vecherinka","event":"model.reject","fields":{"request_id":"i:0","error":"invalid finish_work locations: output.source: Location source does not exist: /Users/alex/areas/productive/orchestration/run-EJuYgTkL/artifact-6/source.txt contains the preserved source exactly: stage-10-source-payload-6a52\n"}}
{"schema":"vecherinka.log.v1","seq":555,"timestamp_ns":689908913757000,"run_id":"stepping-stage-10","component":"codex","event":"protocol.stdout","fields":{"bytes":801}}
{"schema":"vecherinka.log.v1","seq":556,"timestamp_ns":689908913973375,"run_id":"stepping-stage-10","component":"codex","event":"protocol.stdout","fields":{"bytes":473}}
{"schema":"vecherinka.log.v1","seq":557,"timestamp_ns":689908930688458,"run_id":"stepping-stage-10","component":"codex","event":"protocol.stdout","fields":{"bytes":517}}
{"schema":"vecherinka.log.v1","seq":558,"timestamp_ns":689908930930500,"run_id":"stepping-stage-10","component":"codex","event":"protocol.stdout","fields":{"bytes":456}}
{"schema":"vecherinka.log.v1","seq":559,"timestamp_ns":689908962131458,"run_id":"stepping-stage-10","component":"codex","event":"protocol.stdout","fields":{"bytes":305}}
{"schema":"vecherinka.log.v1","seq":560,"timestamp_ns":689909113974208,"run_id":"stepping-stage-10","component":"codex","event":"protocol.stdout","fields":{"bytes":309}}
{"schema":"vecherinka.log.v1","seq":561,"timestamp_ns":689909114270166,"run_id":"stepping-stage-10","component":"codex","event":"protocol.stdout","fields":{"bytes":338}}
{"schema":"vecherinka.log.v1","seq":562,"timestamp_ns":689909136923333,"run_id":"stepping-stage-10","component":"codex","event":"protocol.stdout","fields":{"bytes":259}}
{"schema":"vecherinka.log.v1","seq":563,"timestamp_ns":689909155577208,"run_id":"stepping-stage-10","component":"codex","event":"protocol.stdout","fields":{"bytes":251}}
{"schema":"vecherinka.log.v1","seq":564,"timestamp_ns":689909233823583,"run_id":"stepping-stage-10","component":"codex","event":"protocol.stdout","fields":{"bytes":352}}
{"schema":"vecherinka.log.v1","seq":565,"timestamp_ns":689909252910416,"run_id":"stepping-stage-10","component":"codex","event":"protocol.stdout","fields":{"bytes":515}}
{"schema":"vecherinka.log.v1","seq":566,"timestamp_ns":689909253168875,"run_id":"stepping-stage-10","component":"codex","event":"protocol.stdout","fields":{"bytes":456}}
{"schema":"vecherinka.log.v1","seq":567,"timestamp_ns":689909258469625,"run_id":"stepping-stage-10","component":"codex","event":"protocol.stdout","fields":{"bytes":473}}
{"schema":"vecherinka.log.v1","seq":568,"timestamp_ns":689909258726458,"run_id":"stepping-stage-10","component":"codex","event":"protocol.stdout","fields":{"bytes":148}}
{"schema":"vecherinka.log.v1","seq":569,"timestamp_ns":689909258836958,"run_id":"stepping-stage-10","component":"codex","event":"protocol.stdout","fields":{"bytes":452}}
{"schema":"vecherinka.log.v1","seq":570,"timestamp_ns":689909271867666,"run_id":"stepping-stage-10","component":"codex","event":"protocol.stdout","fields":{"bytes":167}}
{"schema":"vecherinka.log.v1","seq":571,"timestamp_ns":689909272007083,"run_id":"stepping-stage-10","component":"codex","event":"protocol.stdout","fields":{"bytes":297}}
{"schema":"vecherinka.log.v1","seq":572,"timestamp_ns":689909422044625,"run_id":"stepping-stage-10","component":"codex","event":"protocol.stdout","fields":{"bytes":309}}
{"schema":"vecherinka.log.v1","seq":573,"timestamp_ns":689909422186666,"run_id":"stepping-stage-10","component":"codex","event":"protocol.stdout","fields":{"bytes":338}}
{"schema":"vecherinka.log.v1","seq":574,"timestamp_ns":689909422288000,"run_id":"stepping-stage-10","component":"codex","event":"protocol.stdout","fields":{"bytes":254}}
{"schema":"vecherinka.log.v1","seq":575,"timestamp_ns":689909422381375,"run_id":"stepping-stage-10","component":"codex","event":"protocol.stdout","fields":{"bytes":258}}
{"schema":"vecherinka.log.v1","seq":576,"timestamp_ns":689909422472041,"run_id":"stepping-stage-10","component":"codex","event":"protocol.stdout","fields":{"bytes":259}}
{"schema":"vecherinka.log.v1","seq":577,"timestamp_ns":689909496470708,"run_id":"stepping-stage-10","component":"codex","event":"protocol.stdout","fields":{"bytes":251}}
{"schema":"vecherinka.log.v1","seq":578,"timestamp_ns":689909496669541,"run_id":"stepping-stage-10","component":"codex","event":"protocol.stdout","fields":{"bytes":252}}
{"schema":"vecherinka.log.v1","seq":579,"timestamp_ns":689909496774666,"run_id":"stepping-stage-10","component":"codex","event":"protocol.stdout","fields":{"bytes":256}}
{"schema":"vecherinka.log.v1","seq":580,"timestamp_ns":689909508234750,"run_id":"stepping-stage-10","component":"codex","event":"protocol.stdout","fields":{"bytes":254}}
{"schema":"vecherinka.log.v1","seq":581,"timestamp_ns":689909508367583,"run_id":"stepping-stage-10","component":"codex","event":"protocol.stdout","fields":{"bytes":251}}
{"schema":"vecherinka.log.v1","seq":582,"timestamp_ns":689909521179166,"run_id":"stepping-stage-10","component":"codex","event":"protocol.stdout","fields":{"bytes":253}}
{"schema":"vecherinka.log.v1","seq":583,"timestamp_ns":689909538908333,"run_id":"stepping-stage-10","component":"codex","event":"protocol.stdout","fields":{"bytes":260}}
{"schema":"vecherinka.log.v1","seq":584,"timestamp_ns":689909559154250,"run_id":"stepping-stage-10","component":"codex","event":"protocol.stdout","fields":{"bytes":260}}
{"schema":"vecherinka.log.v1","seq":585,"timestamp_ns":689909580896291,"run_id":"stepping-stage-10","component":"codex","event":"protocol.stdout","fields":{"bytes":251}}
{"schema":"vecherinka.log.v1","seq":586,"timestamp_ns":689909585034458,"run_id":"stepping-stage-10","component":"codex","event":"protocol.stdout","fields":{"bytes":254}}
{"schema":"vecherinka.log.v1","seq":587,"timestamp_ns":689909642230250,"run_id":"stepping-stage-10","component":"codex","event":"protocol.stdout","fields":{"bytes":254}}
{"schema":"vecherinka.log.v1","seq":588,"timestamp_ns":689909642533458,"run_id":"stepping-stage-10","component":"codex","event":"protocol.stdout","fields":{"bytes":259}}
{"schema":"vecherinka.log.v1","seq":589,"timestamp_ns":689909669023958,"run_id":"stepping-stage-10","component":"codex","event":"protocol.stdout","fields":{"bytes":305}}
{"schema":"vecherinka.log.v1","seq":590,"timestamp_ns":689909686860791,"run_id":"stepping-stage-10","component":"codex","event":"protocol.stdout","fields":{"bytes":255}}
{"schema":"vecherinka.log.v1","seq":591,"timestamp_ns":689909687096000,"run_id":"stepping-stage-10","component":"codex","event":"protocol.stdout","fields":{"bytes":253}}
{"schema":"vecherinka.log.v1","seq":592,"timestamp_ns":689909687234041,"run_id":"stepping-stage-10","component":"codex","event":"protocol.stdout","fields":{"bytes":254}}
{"schema":"vecherinka.log.v1","seq":593,"timestamp_ns":689909697549041,"run_id":"stepping-stage-10","component":"codex","event":"protocol.stdout","fields":{"bytes":260}}
{"schema":"vecherinka.log.v1","seq":594,"timestamp_ns":689909720628166,"run_id":"stepping-stage-10","component":"codex","event":"protocol.stdout","fields":{"bytes":263}}
{"schema":"vecherinka.log.v1","seq":595,"timestamp_ns":689909767292083,"run_id":"stepping-stage-10","component":"codex","event":"protocol.stdout","fields":{"bytes":251}}
{"schema":"vecherinka.log.v1","seq":596,"timestamp_ns":689909829486500,"run_id":"stepping-stage-10","component":"codex","event":"protocol.stdout","fields":{"bytes":454}}
{"schema":"vecherinka.log.v1","seq":597,"timestamp_ns":689909856471833,"run_id":"stepping-stage-10","component":"codex","event":"protocol.stdout","fields":{"bytes":514}}
{"schema":"vecherinka.log.v1","seq":598,"timestamp_ns":689909856768208,"run_id":"stepping-stage-10","component":"codex","event":"protocol.stdout","fields":{"bytes":456}}
{"schema":"vecherinka.log.v1","seq":599,"timestamp_ns":689909863437666,"run_id":"stepping-stage-10","component":"codex","event":"protocol.stdout","fields":{"bytes":473}}
{"schema":"vecherinka.log.v1","seq":600,"timestamp_ns":689909863663333,"run_id":"stepping-stage-10","component":"codex","event":"protocol.stdout","fields":{"bytes":148}}
{"schema":"vecherinka.log.v1","seq":601,"timestamp_ns":689909863791541,"run_id":"stepping-stage-10","component":"codex","event":"protocol.stdout","fields":{"bytes":554}}
{"schema":"vecherinka.log.v1","seq":602,"timestamp_ns":689909875416166,"run_id":"stepping-stage-10","component":"codex","event":"protocol.stdout","fields":{"bytes":167}}
{"schema":"vecherinka.log.v1","seq":603,"timestamp_ns":689909875573375,"run_id":"stepping-stage-10","component":"codex","event":"protocol.stdout","fields":{"bytes":297}}
{"schema":"vecherinka.log.v1","seq":604,"timestamp_ns":689910158901458,"run_id":"stepping-stage-10","component":"codex","event":"protocol.stdout","fields":{"bytes":305}}
{"schema":"vecherinka.log.v1","seq":605,"timestamp_ns":689910290916041,"run_id":"stepping-stage-10","component":"codex","event":"protocol.stdout","fields":{"bytes":309}}
{"schema":"vecherinka.log.v1","seq":606,"timestamp_ns":689910291325750,"run_id":"stepping-stage-10","component":"codex","event":"protocol.stdout","fields":{"bytes":338}}
{"schema":"vecherinka.log.v1","seq":607,"timestamp_ns":689910295689125,"run_id":"stepping-stage-10","component":"codex","event":"protocol.stdout","fields":{"bytes":259}}
{"schema":"vecherinka.log.v1","seq":608,"timestamp_ns":689910316420416,"run_id":"stepping-stage-10","component":"codex","event":"protocol.stdout","fields":{"bytes":251}}
{"schema":"vecherinka.log.v1","seq":609,"timestamp_ns":689910416272041,"run_id":"stepping-stage-10","component":"codex","event":"protocol.stdout","fields":{"bytes":352}}
{"schema":"vecherinka.log.v1","seq":610,"timestamp_ns":689910449920791,"run_id":"stepping-stage-10","component":"codex","event":"protocol.stdout","fields":{"bytes":515}}
{"schema":"vecherinka.log.v1","seq":611,"timestamp_ns":689910450159333,"run_id":"stepping-stage-10","component":"codex","event":"protocol.stdout","fields":{"bytes":456}}
{"schema":"vecherinka.log.v1","seq":612,"timestamp_ns":689910455395166,"run_id":"stepping-stage-10","component":"codex","event":"protocol.stdout","fields":{"bytes":473}}
{"schema":"vecherinka.log.v1","seq":613,"timestamp_ns":689910455553458,"run_id":"stepping-stage-10","component":"codex","event":"protocol.stdout","fields":{"bytes":148}}
{"schema":"vecherinka.log.v1","seq":614,"timestamp_ns":689910455653750,"run_id":"stepping-stage-10","component":"codex","event":"protocol.stdout","fields":{"bytes":452}}
{"schema":"vecherinka.log.v1","seq":615,"timestamp_ns":689910464850333,"run_id":"stepping-stage-10","component":"codex","event":"protocol.stdout","fields":{"bytes":167}}
{"schema":"vecherinka.log.v1","seq":616,"timestamp_ns":689910464985541,"run_id":"stepping-stage-10","component":"codex","event":"protocol.stdout","fields":{"bytes":297}}
{"schema":"vecherinka.log.v1","seq":617,"timestamp_ns":689910896802791,"run_id":"stepping-stage-10","component":"codex","event":"protocol.stdout","fields":{"bytes":305}}
{"schema":"vecherinka.log.v1","seq":618,"timestamp_ns":689911817163333,"run_id":"stepping-stage-10","component":"codex","event":"protocol.stdout","fields":{"bytes":309}}
{"schema":"vecherinka.log.v1","seq":619,"timestamp_ns":689911940087583,"run_id":"stepping-stage-10","component":"codex","event":"protocol.stdout","fields":{"bytes":305}}
{"schema":"vecherinka.log.v1","seq":620,"timestamp_ns":689912301157750,"run_id":"stepping-stage-10","component":"codex","event":"protocol.stdout","fields":{"bytes":309}}
{"schema":"vecherinka.log.v1","seq":621,"timestamp_ns":689912301807375,"run_id":"stepping-stage-10","component":"codex","event":"protocol.stdout","fields":{"bytes":338}}
{"schema":"vecherinka.log.v1","seq":622,"timestamp_ns":689912301989041,"run_id":"stepping-stage-10","component":"codex","event":"protocol.stdout","fields":{"bytes":259}}
{"schema":"vecherinka.log.v1","seq":623,"timestamp_ns":689912353373750,"run_id":"stepping-stage-10","component":"codex","event":"protocol.stdout","fields":{"bytes":251}}
{"schema":"vecherinka.log.v1","seq":624,"timestamp_ns":689912549853916,"run_id":"stepping-stage-10","component":"codex","event":"protocol.stdout","fields":{"bytes":454}}
{"schema":"vecherinka.log.v1","seq":625,"timestamp_ns":689912550082625,"run_id":"stepping-stage-10","component":"codex","event":"protocol.stdout","fields":{"bytes":302}}
{"schema":"vecherinka.log.v1","seq":626,"timestamp_ns":689912550239500,"run_id":"stepping-stage-10","component":"vecherinka","event":"model.output","fields":{"request_id":"i:0","tool":"finish_work","arguments_bytes":55}}
{"schema":"vecherinka.log.v1","seq":627,"timestamp_ns":689912550478458,"run_id":"stepping-stage-10","component":"vecherinka","event":"artifact.commit","fields":{"artifact_id":6,"artifact_dir":"artifact-6"}}
{"schema":"vecherinka.log.v1","seq":628,"timestamp_ns":689912550515541,"run_id":"stepping-stage-10","component":"vecherinka","event":"model.finish","fields":{"request_id":"i:0","output_artifact_id":6}}
{"schema":"vecherinka.log.v1","seq":629,"timestamp_ns":689912550550500,"run_id":"stepping-stage-10","component":"vecherinka","event":"join.slot","fields":{"join_id":2,"slot":0,"artifact_id":6,"remaining":0}}
{"schema":"vecherinka.log.v1","seq":630,"timestamp_ns":689912550800000,"run_id":"stepping-stage-10","component":"vecherinka","event":"artifact.reserve","fields":{"artifact_id":9,"artifact_dir":"artifact-9"}}
{"schema":"vecherinka.log.v1","seq":631,"timestamp_ns":689912550835625,"run_id":"stepping-stage-10","component":"vecherinka","event":"artifact.commit","fields":{"artifact_id":9,"artifact_dir":"artifact-9"}}
{"schema":"vecherinka.log.v1","seq":632,"timestamp_ns":689912550864291,"run_id":"stepping-stage-10","component":"vecherinka","event":"join.close","fields":{"join_id":2,"output_artifact_id":9}}
{"schema":"vecherinka.log.v1","seq":633,"timestamp_ns":689912550896291,"run_id":"stepping-stage-10","component":"vecherinka","event":"join.slot","fields":{"join_id":1,"slot":0,"artifact_id":9,"remaining":0}}
{"schema":"vecherinka.log.v1","seq":634,"timestamp_ns":689912551025041,"run_id":"stepping-stage-10","component":"vecherinka","event":"artifact.reserve","fields":{"artifact_id":10,"artifact_dir":"artifact-10"}}
{"schema":"vecherinka.log.v1","seq":635,"timestamp_ns":689912551069500,"run_id":"stepping-stage-10","component":"vecherinka","event":"artifact.commit","fields":{"artifact_id":10,"artifact_dir":"artifact-10"}}
{"schema":"vecherinka.log.v1","seq":636,"timestamp_ns":689912551097333,"run_id":"stepping-stage-10","component":"vecherinka","event":"join.close","fields":{"join_id":1,"output_artifact_id":10}}
{"schema":"vecherinka.log.v1","seq":637,"timestamp_ns":689912551140958,"run_id":"stepping-stage-10","component":"vecherinka","event":"run.finish","fields":{"failed":false,"finished":true}}
DIRECT_RESULT item0=stage-10-item-0-2d8a item1=stage-10-item-1-71cf variant=stage-10-text
STAGE_10_ASSERTIONS fan=true so=true pure=true sequence_lift=true it=true tuple=true variant=true location=true no_unrequested_files=manual_review
