Hint: used config file '/Users/alex/.choosenim/toolchains/nim-2.3.1/config/nim.cfg' [Conf]
Hint: used config file '/Users/alex/.choosenim/toolchains/nim-2.3.1/config/config.nims' [Conf]
....................................................................................................................................
/Users/alex/areas/productive/orchestration/src/structured_log.nim(6, 30) Warning: imported and not used: 'os' [UnusedImport]
.......
/Users/alex/areas/productive/orchestration/src/codex_json.nim(634, 6) Hint: 'parse_reasoning_effort' is declared but not used [XDeclaredButNotUsed]
/Users/alex/areas/productive/orchestration/src/codex_json.nim(686, 6) Hint: 'parse_initialize_params' is declared but not used [XDeclaredButNotUsed]
/Users/alex/areas/productive/orchestration/src/codex_json.nim(723, 6) Hint: 'parse_thread_start_params' is declared but not used [XDeclaredButNotUsed]
..........
/Users/alex/areas/productive/orchestration/src/vecherinka_runtime.nim(10, 8) Hint: duplicate import of 'structured_log'; previous import here: /Users/alex/areas/productive/orchestration/src/vecherinka.nim(5, 8) [DuplicateModuleImport]
.
/Users/alex/areas/productive/orchestration/src/vecherinka_comptime.nim(4, 33) Hint: duplicate import of 'options'; previous import here: /Users/alex/areas/productive/orchestration/src/vecherinka_runtime.nim(6, 19) [DuplicateModuleImport]
/Users/alex/areas/productive/orchestration/src/vecherinka_comptime.nim(4, 42) Hint: duplicate import of 'strutils'; previous import here: /Users/alex/areas/productive/orchestration/src/vecherinka_runtime.nim(6, 43) [DuplicateModuleImport]
..................................

type
  VecherinkaArtifactKind_553648579 = enum
    vak_0, vak_1
  VecherinkaArtifact_553648580 = object
    case kind: VecherinkaArtifactKind_553648579
    of vak_0:
      value_0: BaselineInput
    of vak_1:
      value_1: BaselineOutput
proc solve(input_553648790: BaselineInput;
           transport_553648791: LlmTransport[VecherinkaArtifact_553648580] = nil;
           logger_553648792: StructuredLogger = nil): BaselineOutput =
  let data_553648793: seq[Flow[VecherinkaArtifact_553648580]] = @[Flow[
      VecherinkaArtifact_553648580](kind: fk_top, root: "baseline", entry: true, body: Flow[
      VecherinkaArtifact_553648580](kind: fk_model, submit: proc (
      model_context_553648741: RuntimeContext[VecherinkaArtifact_553648580];
      model_request_id_553648742: RequestId; model_input_553648743: VecherinkaArtifact_553648580;
      model_working_dir_553648744: Path) {.nimcall.} =
    let model_typed_input_553648745 = block:
      let artifact_553648747 = model_input_553648743
      const
        loc`gensym25 = (filename: "/Users/alex/areas/productive/orchestration/src/vecherinka_comptime.nim",
          line: 1934, column: 6)
        ploc`gensym25 = "/Users/alex/areas/productive/orchestration/src/vecherinka_comptime.nim(1934, 7)"
      bind instantiationInfo
      mixin failedAssertImpl
      {.line: (filename: "/Users/alex/areas/productive/orchestration/src/vecherinka_comptime.nim",
               line: 1934, column: 6).}:
        if not (artifact_553648747.kind == vak_0):
          failedAssertImpl("/Users/alex/areas/productive/orchestration/src/vecherinka_comptime.nim(1934, 7) `artifact_553648747.kind == vak_0` ")
      artifact_553648747.value_0
    try:
      let model_materialized_input_553648746 = proc (
          materializer_input_553648748: BaselineInput;
          materializer_runtime_dir_553648749, materializer_artifact_dir_553648750: Path;
          materializer_initial_instructions_553648751: string): string {.nimcall.} = result =
        var materialized_instructions_553648752 = materializer_initial_instructions_553648751
        var materialized_names_553648753: seq[string] = @[]
        add(materialized_instructions_553648752,
            "input.marker: string = " & $materializer_input_553648748.marker & "\n")
        materialized_instructions_553648752(model_typed_input_553648745,
          model_context_553648741.runtime_dir, model_working_dir_553648744, "")
      let model_output_contract_553648778 = schemaOf(T)
      let model_output_schema_553648779 = toJsonSchema(model_output_contract_553648778)
      let model_materializer_553648780 = proc (model_output_kind_553648703: int;
          model_output_553648704: LlmOutput): ModelMaterialization[
          VecherinkaArtifact_553648580] {.nimcall, noinit.} = case model_output_kind_553648703
      of 1:
        let model_output_contract_553648705 = schemaOf(T)
        let model_parsed_output_553648706 = tryParse(model_output_contract_553648705,
            model_output_553648704.arguments)
        if not model_parsed_output_553648706.ok:
          return ModelMaterialization[VecherinkaArtifact_553648580](ok: false, error: "invalid finish_work result (" &
              $len(model_parsed_output_553648706.issues) &
              " schema issues)")
        var location_errors_553648716 = ""
        if (
          not (len(location_errors_553648716) == 0)):
          return ModelMaterialization[VecherinkaArtifact_553648580](ok: false,
              error: "invalid finish_work locations: " & location_errors_553648716)
        return ModelMaterialization[VecherinkaArtifact_553648580](ok: true, value: VecherinkaArtifact_553648580(
            kind: vak_1, value_1: model_parsed_output_553648706.value))
      else:
        return ModelMaterialization[VecherinkaArtifact_553648580](ok: false,
            error: "unexpected model output kind")
      let model_tool_data_553648781 = register_llm_tool_binding(
          cast[pointer](model_context_553648741), model_request_id_553648742, 1,
          cast[pointer](model_materializer_553648780))
      var model_tools_553648782: DynamicToolRegistry = @[]
      register_dynamic_tool(model_tools_553648782, "finish_work", default_agent_prompt_templates.finish_work_description,
                            model_output_schema_553648779, model_tool_data_553648781, proc (
          tool_data`gensym11: pointer; tool_context`gensym11: ToolCallContext) {.
          nimcall, gcsafe.} = {.cast(gcsafe).}:
        let binding`gensym11 = lookup_llm_tool_binding(tool_data`gensym11)
        if isNone(binding`gensym11):
          return
        let data`gensym11 = get(binding`gensym11)
        enqueue_llm_output_event(cast[RuntimeContext[VecherinkaArtifact_553648580]](data`gensym11.context),
                                 data`gensym11.request_id,
                                 data`gensym11.output_kind, cast[ModelMaterializer[
            VecherinkaArtifact_553648580]](data`gensym11.materializer),
                                 data`gensym11.id, tool_context`gensym11))
      let llm_spec_553648787 = LlmCallSpec[VecherinkaArtifact_553648580](
          profile: profile,
          prompt: "Copy marker exactly into answer. Do not create files.",
          prompt_templates: default_agent_prompt_templates,
          materialized_input: model_materialized_input_553648746,
          runtime_dir: model_context_553648741.runtime_dir,
          working_dir: model_working_dir_553648744, tools: model_tools_553648782,
          output_kind: 1, materialize: model_materializer_553648780)
      submit_llm(model_context_553648741, model_request_id_553648742, llm_spec_553648787)
    except CatchableError as error`gensym14:
      let event`gensym14 = RuntimeEvent[VecherinkaArtifact_553648580](
          kind: rev_model_error, request_id: model_request_id_553648742,
          error_message: error`gensym14.msg)
      enqueue_runtime_event(model_context_553648741, event`gensym14)))]
  let input_artifact_553648794 = VecherinkaArtifact_553648580(kind: vak_0,
      value_0: input_553648790)
  let work_plan_553648795 = execute_flows(data_553648793, input_artifact_553648794,
      nil, transport_553648791, nil, logger_553648792)
  if isNone(work_plan_553648795.output):
    if isSome(work_plan_553648795.failure_message):
      raise
        (ref ValueError)(msg: get(work_plan_553648795.failure_message),
                         parent: nil)
    raise
      (ref ValueError)(msg: "vecherinka execution completed without output",
                       parent: nil)
  return block:
    let artifact_553648796 = lookup_artifact(work_plan_553648795.context,
        get(work_plan_553648795.output)).data
    const
      loc`gensym238 = (filename: "/Users/alex/areas/productive/orchestration/src/vecherinka_comptime.nim",
        line: 1934, column: 6)
      ploc`gensym238 = "/Users/alex/areas/productive/orchestration/src/vecherinka_comptime.nim(1934, 7)"
    bind instantiationInfo
    mixin failedAssertImpl
    {.line: (filename: "/Users/alex/areas/productive/orchestration/src/vecherinka_comptime.nim",
             line: 1934, column: 6).}:
      if not (artifact_553648796.kind == vak_1):
        failedAssertImpl("/Users/alex/areas/productive/orchestration/src/vecherinka_comptime.nim(1934, 7) `artifact_553648796.kind == vak_1` ")
    artifact_553648796.value_1


type
  VecherinkaArtifactKind_553687950 = enum
    vak_0, vak_1
  VecherinkaArtifact_553687951 = object
    case kind: VecherinkaArtifactKind_553687950
    of vak_0:
      value_0: Stage1Input
    of vak_1:
      value_1: Stage1Output
proc solve_stage_1(input_553688014: Stage1Input;
                   transport_553688015: LlmTransport[VecherinkaArtifact_553687951] = nil;
                   logger_553688016: StructuredLogger = nil): Stage1Output =
  let data_553688017: seq[Flow[VecherinkaArtifact_553687951]] = @[Flow[
      VecherinkaArtifact_553687951](kind: fk_top, root: "copy_fields",
                                    entry: true, body: Flow[VecherinkaArtifact_553687951](
      kind: fk_model, submit: proc (model_context_553687981: RuntimeContext[
      VecherinkaArtifact_553687951]; model_request_id_553687982: RequestId;
                                    model_input_553687983: VecherinkaArtifact_553687951;
                                    model_working_dir_553687984: Path) {.nimcall.} =
    let model_typed_input_553687985 = block:
      let artifact_553687987 = model_input_553687983
      const
        loc`gensym265 = (filename: "/Users/alex/areas/productive/orchestration/src/vecherinka_comptime.nim",
          line: 1934, column: 6)
        ploc`gensym265 = "/Users/alex/areas/productive/orchestration/src/vecherinka_comptime.nim(1934, 7)"
      bind instantiationInfo
      mixin failedAssertImpl
      {.line: (filename: "/Users/alex/areas/productive/orchestration/src/vecherinka_comptime.nim",
               line: 1934, column: 6).}:
        if not (artifact_553687987.kind == vak_0):
          failedAssertImpl("/Users/alex/areas/productive/orchestration/src/vecherinka_comptime.nim(1934, 7) `artifact_553687987.kind == vak_0` ")
      artifact_553687987.value_0
    try:
      let model_materialized_input_553687986 = proc (
          materializer_input_553687988: Stage1Input;
          materializer_runtime_dir_553687989, materializer_artifact_dir_553687990: Path;
          materializer_initial_instructions_553687991: string): string {.nimcall.} = result =
        var materialized_instructions_553687992 = materializer_initial_instructions_553687991
        var materialized_names_553687993: seq[string] = @[]
        add(materialized_instructions_553687992,
            "input.first: string = " & $materializer_input_553687988.first & "\n")
        add(materialized_instructions_553687992,
            "input.second: string = " & $materializer_input_553687988.second & "\n")
        materialized_instructions_553687992(model_typed_input_553687985,
          model_context_553687981.runtime_dir, model_working_dir_553687984, "")
      let model_output_contract_553688002 = schemaOf(T)
      let model_output_schema_553688003 = toJsonSchema(model_output_contract_553688002)
      let model_materializer_553688004 = proc (model_output_kind_553687960: int;
          model_output_553687961: LlmOutput): ModelMaterialization[
          VecherinkaArtifact_553687951] {.nimcall, noinit.} = case model_output_kind_553687960
      of 1:
        let model_output_contract_553687962 = schemaOf(T)
        let model_parsed_output_553687963 = tryParse(model_output_contract_553687962,
            model_output_553687961.arguments)
        if not model_parsed_output_553687963.ok:
          return ModelMaterialization[VecherinkaArtifact_553687951](ok: false, error: "invalid finish_work result (" &
              $len(model_parsed_output_553687963.issues) &
              " schema issues)")
        var location_errors_553687972 = ""
        if (
          not (len(location_errors_553687972) == 0)):
          return ModelMaterialization[VecherinkaArtifact_553687951](ok: false,
              error: "invalid finish_work locations: " & location_errors_553687972)
        return ModelMaterialization[VecherinkaArtifact_553687951](ok: true, value: VecherinkaArtifact_553687951(
            kind: vak_1, value_1: model_parsed_output_553687963.value))
      else:
        return ModelMaterialization[VecherinkaArtifact_553687951](ok: false,
            error: "unexpected model output kind")
      let model_tool_data_553688005 = register_llm_tool_binding(
          cast[pointer](model_context_553687981), model_request_id_553687982, 1,
          cast[pointer](model_materializer_553688004))
      var model_tools_553688006: DynamicToolRegistry = @[]
      register_dynamic_tool(model_tools_553688006, "finish_work", default_agent_prompt_templates.finish_work_description,
                            model_output_schema_553688003, model_tool_data_553688005, proc (
          tool_data`gensym251: pointer; tool_context`gensym251: ToolCallContext) {.
          nimcall, gcsafe.} = {.cast(gcsafe).}:
        let binding`gensym251 = lookup_llm_tool_binding(tool_data`gensym251)
        if isNone(binding`gensym251):
          return
        let data`gensym251 = get(binding`gensym251)
        enqueue_llm_output_event(cast[RuntimeContext[VecherinkaArtifact_553687951]](data`gensym251.context),
                                 data`gensym251.request_id,
                                 data`gensym251.output_kind, cast[ModelMaterializer[
            VecherinkaArtifact_553687951]](data`gensym251.materializer),
                                 data`gensym251.id, tool_context`gensym251))
      let llm_spec_553688011 = LlmCallSpec[VecherinkaArtifact_553687951](
          profile: profile, prompt: "Copy first into first_copy and second into second_copy. Do not create files.",
          prompt_templates: default_agent_prompt_templates,
          materialized_input: model_materialized_input_553687986,
          runtime_dir: model_context_553687981.runtime_dir,
          working_dir: model_working_dir_553687984, tools: model_tools_553688006,
          output_kind: 1, materialize: model_materializer_553688004)
      submit_llm(model_context_553687981, model_request_id_553687982, llm_spec_553688011)
    except CatchableError as error`gensym254:
      let event`gensym254 = RuntimeEvent[VecherinkaArtifact_553687951](
          kind: rev_model_error, request_id: model_request_id_553687982,
          error_message: error`gensym254.msg)
      enqueue_runtime_event(model_context_553687981, event`gensym254)))]
  let input_artifact_553688018 = VecherinkaArtifact_553687951(kind: vak_0,
      value_0: input_553688014)
  let work_plan_553688019 = execute_flows(data_553688017, input_artifact_553688018,
      nil, transport_553688015, nil, logger_553688016)
  if isNone(work_plan_553688019.output):
    if isSome(work_plan_553688019.failure_message):
      raise
        (ref ValueError)(msg: get(work_plan_553688019.failure_message),
                         parent: nil)
    raise
      (ref ValueError)(msg: "vecherinka execution completed without output",
                       parent: nil)
  return block:
    let artifact_553688020 = lookup_artifact(work_plan_553688019.context,
        get(work_plan_553688019.output)).data
    const
      loc`gensym448 = (filename: "/Users/alex/areas/productive/orchestration/src/vecherinka_comptime.nim",
        line: 1934, column: 6)
      ploc`gensym448 = "/Users/alex/areas/productive/orchestration/src/vecherinka_comptime.nim(1934, 7)"
    bind instantiationInfo
    mixin failedAssertImpl
    {.line: (filename: "/Users/alex/areas/productive/orchestration/src/vecherinka_comptime.nim",
             line: 1934, column: 6).}:
      if not (artifact_553688020.kind == vak_1):
        failedAssertImpl("/Users/alex/areas/productive/orchestration/src/vecherinka_comptime.nim(1934, 7) `artifact_553688020.kind == vak_1` ")
    artifact_553688020.value_1


type
  VecherinkaArtifactKind_553725993 = enum
    vak_0, vak_1, vak_2
  VecherinkaArtifact_553725994 = object
    case kind: VecherinkaArtifactKind_553725993
    of vak_0:
      value_0: Stage2Intermediate
    of vak_1:
      value_1: Stage2Output
    of vak_2:
      value_2: Stage2Input
proc solve_stage_2(input_553726081: Stage2Input;
                   transport_553726082: LlmTransport[VecherinkaArtifact_553725994] = nil;
                   logger_553726083: StructuredLogger = nil): Stage2Output =
  let data_553726084: seq[Flow[VecherinkaArtifact_553725994]] = @[Flow[
      VecherinkaArtifact_553725994](kind: fk_top, root: "finalise",
                                    entry: false, body: Flow[VecherinkaArtifact_553725994](
      kind: fk_model, submit: proc (model_context_553726012: RuntimeContext[
      VecherinkaArtifact_553725994]; model_request_id_553726013: RequestId;
                                    model_input_553726014: VecherinkaArtifact_553725994;
                                    model_working_dir_553726015: Path) {.nimcall.} =
    let model_typed_input_553726016 = block:
      let artifact_553726018 = model_input_553726014
      const
        loc`gensym485 = (filename: "/Users/alex/areas/productive/orchestration/src/vecherinka_comptime.nim",
          line: 1934, column: 6)
        ploc`gensym485 = "/Users/alex/areas/productive/orchestration/src/vecherinka_comptime.nim(1934, 7)"
      bind instantiationInfo
      mixin failedAssertImpl
      {.line: (filename: "/Users/alex/areas/productive/orchestration/src/vecherinka_comptime.nim",
               line: 1934, column: 6).}:
        if not (artifact_553726018.kind == vak_0):
          failedAssertImpl("/Users/alex/areas/productive/orchestration/src/vecherinka_comptime.nim(1934, 7) `artifact_553726018.kind == vak_0` ")
      artifact_553726018.value_0
    try:
      let model_materialized_input_553726017 = proc (
          materializer_input_553726019: Stage2Intermediate;
          materializer_runtime_dir_553726020, materializer_artifact_dir_553726021: Path;
          materializer_initial_instructions_553726022: string): string {.nimcall.} = result =
        var materialized_instructions_553726023 = materializer_initial_instructions_553726022
        var materialized_names_553726024: seq[string] = @[]
        add(materialized_instructions_553726023,
            "input.payload: string = " & $materializer_input_553726019.payload & "\n")
        materialized_instructions_553726023(model_typed_input_553726016,
          model_context_553726012.runtime_dir, model_working_dir_553726015, "")
      let model_output_contract_553726029 = schemaOf(T)
      let model_output_schema_553726030 = toJsonSchema(model_output_contract_553726029)
      let model_materializer_553726031 = proc (model_output_kind_553725999: int;
          model_output_553726000: LlmOutput): ModelMaterialization[
          VecherinkaArtifact_553725994] {.nimcall, noinit.} = case model_output_kind_553725999
      of 1:
        let model_output_contract_553726001 = schemaOf(T)
        let model_parsed_output_553726002 = tryParse(model_output_contract_553726001,
            model_output_553726000.arguments)
        if not model_parsed_output_553726002.ok:
          return ModelMaterialization[VecherinkaArtifact_553725994](ok: false, error: "invalid finish_work result (" &
              $len(model_parsed_output_553726002.issues) &
              " schema issues)")
        var location_errors_553726007 = ""
        if (
          not (len(location_errors_553726007) == 0)):
          return ModelMaterialization[VecherinkaArtifact_553725994](ok: false,
              error: "invalid finish_work locations: " & location_errors_553726007)
        return ModelMaterialization[VecherinkaArtifact_553725994](ok: true, value: VecherinkaArtifact_553725994(
            kind: vak_1, value_1: model_parsed_output_553726002.value))
      else:
        return ModelMaterialization[VecherinkaArtifact_553725994](ok: false,
            error: "unexpected model output kind")
      let model_tool_data_553726032 = register_llm_tool_binding(
          cast[pointer](model_context_553726012), model_request_id_553726013, 1,
          cast[pointer](model_materializer_553726031))
      var model_tools_553726033: DynamicToolRegistry = @[]
      register_dynamic_tool(model_tools_553726033, "finish_work", default_agent_prompt_templates.finish_work_description,
                            model_output_schema_553726030, model_tool_data_553726032, proc (
          tool_data`gensym464: pointer; tool_context`gensym464: ToolCallContext) {.
          nimcall, gcsafe.} = {.cast(gcsafe).}:
        let binding`gensym464 = lookup_llm_tool_binding(tool_data`gensym464)
        if isNone(binding`gensym464):
          return
        let data`gensym464 = get(binding`gensym464)
        enqueue_llm_output_event(cast[RuntimeContext[VecherinkaArtifact_553725994]](data`gensym464.context),
                                 data`gensym464.request_id,
                                 data`gensym464.output_kind, cast[ModelMaterializer[
            VecherinkaArtifact_553725994]](data`gensym464.materializer),
                                 data`gensym464.id, tool_context`gensym464))
      let llm_spec_553726038 = LlmCallSpec[VecherinkaArtifact_553725994](
          profile: profile,
          prompt: "Copy payload exactly into answer. Do not create files.",
          prompt_templates: default_agent_prompt_templates,
          materialized_input: model_materialized_input_553726017,
          runtime_dir: model_context_553726012.runtime_dir,
          working_dir: model_working_dir_553726015, tools: model_tools_553726033,
          output_kind: 1, materialize: model_materializer_553726031)
      submit_llm(model_context_553726012, model_request_id_553726013, llm_spec_553726038)
    except CatchableError as error`gensym467:
      let event`gensym467 = RuntimeEvent[VecherinkaArtifact_553725994](
          kind: rev_model_error, request_id: model_request_id_553726013,
          error_message: error`gensym467.msg)
      enqueue_runtime_event(model_context_553726012, event`gensym467))), Flow[
      VecherinkaArtifact_553725994](kind: fk_top, root: "seed_then_run",
                                    entry: true, body: Flow[VecherinkaArtifact_553725994](
      kind: fk_so, execute: proc (so_artifact_553726070: VecherinkaArtifact_553725994): Flow[
      VecherinkaArtifact_553725994] {.nimcall.} = result =
    let so_input_553726071 = block:
      let artifact_553726072 = so_artifact_553726070
      const
        loc`gensym510 = (filename: "/Users/alex/areas/productive/orchestration/src/vecherinka_comptime.nim",
          line: 1934, column: 6)
        ploc`gensym510 = "/Users/alex/areas/productive/orchestration/src/vecherinka_comptime.nim(1934, 7)"
      bind instantiationInfo
      mixin failedAssertImpl
      {.line: (filename: "/Users/alex/areas/productive/orchestration/src/vecherinka_comptime.nim",
               line: 1934, column: 6).}:
        if not (artifact_553726072.kind == vak_2):
          failedAssertImpl("/Users/alex/areas/productive/orchestration/src/vecherinka_comptime.nim(1934, 7) `artifact_553726072.kind == vak_2` ")
      artifact_553726072.value_2
    Flow[VecherinkaArtifact_553725994](kind: fk_raw, value: VecherinkaArtifact_553725994(
        kind: vak_0, value_0: Stage2Intermediate(payload: so_input_553726071.marker)), continuation: Flow[
        VecherinkaArtifact_553725994](kind: fk_ref, name: "finalise"))))]
  let input_artifact_553726085 = VecherinkaArtifact_553725994(kind: vak_2,
      value_2: input_553726081)
  let work_plan_553726086 = execute_flows(data_553726084, input_artifact_553726085,
      nil, transport_553726082, nil, logger_553726083)
  if isNone(work_plan_553726086.output):
    if isSome(work_plan_553726086.failure_message):
      raise
        (ref ValueError)(msg: get(work_plan_553726086.failure_message),
                         parent: nil)
    raise
      (ref ValueError)(msg: "vecherinka execution completed without output",
                       parent: nil)
  return block:
    let artifact_553726087 = lookup_artifact(work_plan_553726086.context,
        get(work_plan_553726086.output)).data
    const
      loc`gensym670 = (filename: "/Users/alex/areas/productive/orchestration/src/vecherinka_comptime.nim",
        line: 1934, column: 6)
      ploc`gensym670 = "/Users/alex/areas/productive/orchestration/src/vecherinka_comptime.nim(1934, 7)"
    bind instantiationInfo
    mixin failedAssertImpl
    {.line: (filename: "/Users/alex/areas/productive/orchestration/src/vecherinka_comptime.nim",
             line: 1934, column: 6).}:
      if not (artifact_553726087.kind == vak_1):
        failedAssertImpl("/Users/alex/areas/productive/orchestration/src/vecherinka_comptime.nim(1934, 7) `artifact_553726087.kind == vak_1` ")
    artifact_553726087.value_1


type
  VecherinkaArtifactKind_553764180 = enum
    vak_0, vak_1, vak_2, vak_3, vak_4
  VecherinkaArtifact_553764181 = object
    case kind: VecherinkaArtifactKind_553764180
    of vak_0:
      value_0: (Stage3Left, Stage3Right)
    of vak_1:
      value_1: Stage3Output
    of vak_2:
      value_2: Stage3Input
    of vak_3:
      value_3: Stage3Left
    of vak_4:
      value_4: Stage3Right
proc solve_stage_3(input_553764349: Stage3Input;
                   transport_553764350: LlmTransport[VecherinkaArtifact_553764181] = nil;
                   logger_553764351: StructuredLogger = nil): Stage3Output =
  let data_553764352: seq[Flow[VecherinkaArtifact_553764181]] = @[Flow[
      VecherinkaArtifact_553764181](kind: fk_top, root: "merge_fan",
                                    entry: false, body: Flow[VecherinkaArtifact_553764181](
      kind: fk_model, submit: proc (model_context_553764211: RuntimeContext[
      VecherinkaArtifact_553764181]; model_request_id_553764212: RequestId;
                                    model_input_553764213: VecherinkaArtifact_553764181;
                                    model_working_dir_553764214: Path) {.nimcall.} =
    let model_typed_input_553764215 = block:
      let artifact_553764217 = model_input_553764213
      const
        loc`gensym734 = (filename: "/Users/alex/areas/productive/orchestration/src/vecherinka_comptime.nim",
          line: 1934, column: 6)
        ploc`gensym734 = "/Users/alex/areas/productive/orchestration/src/vecherinka_comptime.nim(1934, 7)"
      bind instantiationInfo
      mixin failedAssertImpl
      {.line: (filename: "/Users/alex/areas/productive/orchestration/src/vecherinka_comptime.nim",
               line: 1934, column: 6).}:
        if not (artifact_553764217.kind == vak_0):
          failedAssertImpl("/Users/alex/areas/productive/orchestration/src/vecherinka_comptime.nim(1934, 7) `artifact_553764217.kind == vak_0` ")
      artifact_553764217.value_0
    try:
      let model_materialized_input_553764216 = proc (
          materializer_input_553764218: (Stage3Left, Stage3Right);
          materializer_runtime_dir_553764219, materializer_artifact_dir_553764220: Path;
          materializer_initial_instructions_553764221: string): string {.nimcall.} = result =
        var materialized_instructions_553764222 = materializer_initial_instructions_553764221
        var materialized_names_553764223: seq[string] = @[]
        add(materialized_instructions_553764222, "input[0].left_value: string = " &
            $materializer_input_553764218[0].left_value &
            "\n")
        add(materialized_instructions_553764222, "input[1].right_value: string = " &
            $materializer_input_553764218[1].right_value &
            "\n")
        materialized_instructions_553764222(model_typed_input_553764215,
          model_context_553764211.runtime_dir, model_working_dir_553764214, "")
      let model_output_contract_553764232 = schemaOf(T)
      let model_output_schema_553764233 = toJsonSchema(model_output_contract_553764232)
      let model_materializer_553764234 = proc (model_output_kind_553764190: int;
          model_output_553764191: LlmOutput): ModelMaterialization[
          VecherinkaArtifact_553764181] {.nimcall, noinit.} = case model_output_kind_553764190
      of 1:
        let model_output_contract_553764192 = schemaOf(T)
        let model_parsed_output_553764193 = tryParse(model_output_contract_553764192,
            model_output_553764191.arguments)
        if not model_parsed_output_553764193.ok:
          return ModelMaterialization[VecherinkaArtifact_553764181](ok: false, error: "invalid finish_work result (" &
              $len(model_parsed_output_553764193.issues) &
              " schema issues)")
        var location_errors_553764202 = ""
        if (
          not (len(location_errors_553764202) == 0)):
          return ModelMaterialization[VecherinkaArtifact_553764181](ok: false,
              error: "invalid finish_work locations: " & location_errors_553764202)
        return ModelMaterialization[VecherinkaArtifact_553764181](ok: true, value: VecherinkaArtifact_553764181(
            kind: vak_1, value_1: model_parsed_output_553764193.value))
      else:
        return ModelMaterialization[VecherinkaArtifact_553764181](ok: false,
            error: "unexpected model output kind")
      let model_tool_data_553764235 = register_llm_tool_binding(
          cast[pointer](model_context_553764211), model_request_id_553764212, 1,
          cast[pointer](model_materializer_553764234))
      var model_tools_553764236: DynamicToolRegistry = @[]
      register_dynamic_tool(model_tools_553764236, "finish_work", default_agent_prompt_templates.finish_work_description,
                            model_output_schema_553764233, model_tool_data_553764235, proc (
          tool_data`gensym687: pointer; tool_context`gensym687: ToolCallContext) {.
          nimcall, gcsafe.} = {.cast(gcsafe).}:
        let binding`gensym687 = lookup_llm_tool_binding(tool_data`gensym687)
        if isNone(binding`gensym687):
          return
        let data`gensym687 = get(binding`gensym687)
        enqueue_llm_output_event(cast[RuntimeContext[VecherinkaArtifact_553764181]](data`gensym687.context),
                                 data`gensym687.request_id,
                                 data`gensym687.output_kind, cast[ModelMaterializer[
            VecherinkaArtifact_553764181]](data`gensym687.materializer),
                                 data`gensym687.id, tool_context`gensym687))
      let llm_spec_553764241 = LlmCallSpec[VecherinkaArtifact_553764181](
          profile: profile, prompt: "Copy left_value exactly into left. Copy right_value exactly into right. Do not create files.",
          prompt_templates: default_agent_prompt_templates,
          materialized_input: model_materialized_input_553764216,
          runtime_dir: model_context_553764211.runtime_dir,
          working_dir: model_working_dir_553764214, tools: model_tools_553764236,
          output_kind: 1, materialize: model_materializer_553764234)
      submit_llm(model_context_553764211, model_request_id_553764212, llm_spec_553764241)
    except CatchableError as error`gensym690:
      let event`gensym690 = RuntimeEvent[VecherinkaArtifact_553764181](
          kind: rev_model_error, request_id: model_request_id_553764212,
          error_message: error`gensym690.msg)
      enqueue_runtime_event(model_context_553764211, event`gensym690))), Flow[
      VecherinkaArtifact_553764181](kind: fk_top, root: "fan_entry",
                                    entry: true, body: Flow[VecherinkaArtifact_553764181](
      kind: fk_fanout, branches: @[Flow[VecherinkaArtifact_553764181](
      kind: fk_model, submit: proc (model_context_553764271: RuntimeContext[
      VecherinkaArtifact_553764181]; model_request_id_553764272: RequestId;
                                    model_input_553764273: VecherinkaArtifact_553764181;
                                    model_working_dir_553764274: Path) {.nimcall.} =
    let model_typed_input_553764275 = block:
      let artifact_553764277 = model_input_553764273
      const
        loc`gensym759 = (filename: "/Users/alex/areas/productive/orchestration/src/vecherinka_comptime.nim",
          line: 1934, column: 6)
        ploc`gensym759 = "/Users/alex/areas/productive/orchestration/src/vecherinka_comptime.nim(1934, 7)"
      bind instantiationInfo
      mixin failedAssertImpl
      {.line: (filename: "/Users/alex/areas/productive/orchestration/src/vecherinka_comptime.nim",
               line: 1934, column: 6).}:
        if not (artifact_553764277.kind == vak_2):
          failedAssertImpl("/Users/alex/areas/productive/orchestration/src/vecherinka_comptime.nim(1934, 7) `artifact_553764277.kind == vak_2` ")
      artifact_553764277.value_2
    try:
      let model_materialized_input_553764276 = proc (
          materializer_input_553764278: Stage3Input;
          materializer_runtime_dir_553764279, materializer_artifact_dir_553764280: Path;
          materializer_initial_instructions_553764281: string): string {.nimcall.} = result =
        var materialized_instructions_553764282 = materializer_initial_instructions_553764281
        var materialized_names_553764283: seq[string] = @[]
        add(materialized_instructions_553764282,
            "input.marker: string = " & $materializer_input_553764278.marker & "\n")
        materialized_instructions_553764282(model_typed_input_553764275,
          model_context_553764271.runtime_dir, model_working_dir_553764274, "")
      let model_output_contract_553764288 = schemaOf(T)
      let model_output_schema_553764289 = toJsonSchema(model_output_contract_553764288)
      let model_materializer_553764290 = proc (model_output_kind_553764258: int;
          model_output_553764259: LlmOutput): ModelMaterialization[
          VecherinkaArtifact_553764181] {.nimcall, noinit.} = case model_output_kind_553764258
      of 3:
        let model_output_contract_553764260 = schemaOf(T)
        let model_parsed_output_553764261 = tryParse(model_output_contract_553764260,
            model_output_553764259.arguments)
        if not model_parsed_output_553764261.ok:
          return ModelMaterialization[VecherinkaArtifact_553764181](ok: false, error: "invalid finish_work result (" &
              $len(model_parsed_output_553764261.issues) &
              " schema issues)")
        var location_errors_553764266 = ""
        if (
          not (len(location_errors_553764266) == 0)):
          return ModelMaterialization[VecherinkaArtifact_553764181](ok: false,
              error: "invalid finish_work locations: " & location_errors_553764266)
        return ModelMaterialization[VecherinkaArtifact_553764181](ok: true, value: VecherinkaArtifact_553764181(
            kind: vak_3, value_3: model_parsed_output_553764261.value))
      else:
        return ModelMaterialization[VecherinkaArtifact_553764181](ok: false,
            error: "unexpected model output kind")
      let model_tool_data_553764291 = register_llm_tool_binding(
          cast[pointer](model_context_553764271), model_request_id_553764272, 3,
          cast[pointer](model_materializer_553764290))
      var model_tools_553764292: DynamicToolRegistry = @[]
      register_dynamic_tool(model_tools_553764292, "finish_work", default_agent_prompt_templates.finish_work_description,
                            model_output_schema_553764289, model_tool_data_553764291, proc (
          tool_data`gensym701: pointer; tool_context`gensym701: ToolCallContext) {.
          nimcall, gcsafe.} = {.cast(gcsafe).}:
        let binding`gensym701 = lookup_llm_tool_binding(tool_data`gensym701)
        if isNone(binding`gensym701):
          return
        let data`gensym701 = get(binding`gensym701)
        enqueue_llm_output_event(cast[RuntimeContext[VecherinkaArtifact_553764181]](data`gensym701.context),
                                 data`gensym701.request_id,
                                 data`gensym701.output_kind, cast[ModelMaterializer[
            VecherinkaArtifact_553764181]](data`gensym701.materializer),
                                 data`gensym701.id, tool_context`gensym701))
      let llm_spec_553764297 = LlmCallSpec[VecherinkaArtifact_553764181](
          profile: profile,
          prompt: "Copy marker exactly into left_value. Do not create files.",
          prompt_templates: default_agent_prompt_templates,
          materialized_input: model_materialized_input_553764276,
          runtime_dir: model_context_553764271.runtime_dir,
          working_dir: model_working_dir_553764274, tools: model_tools_553764292,
          output_kind: 3, materialize: model_materializer_553764290)
      submit_llm(model_context_553764271, model_request_id_553764272, llm_spec_553764297)
    except CatchableError as error`gensym704:
      let event`gensym704 = RuntimeEvent[VecherinkaArtifact_553764181](
          kind: rev_model_error, request_id: model_request_id_553764272,
          error_message: error`gensym704.msg)
      enqueue_runtime_event(model_context_553764271, event`gensym704)), Flow[
      VecherinkaArtifact_553764181](kind: fk_model, submit: proc (
      model_context_553764317: RuntimeContext[VecherinkaArtifact_553764181];
      model_request_id_553764318: RequestId; model_input_553764319: VecherinkaArtifact_553764181;
      model_working_dir_553764320: Path) {.nimcall.} =
    let model_typed_input_553764321 = block:
      let artifact_553764323 = model_input_553764319
      const
        loc`gensym764 = (filename: "/Users/alex/areas/productive/orchestration/src/vecherinka_comptime.nim",
          line: 1934, column: 6)
        ploc`gensym764 = "/Users/alex/areas/productive/orchestration/src/vecherinka_comptime.nim(1934, 7)"
      bind instantiationInfo
      mixin failedAssertImpl
      {.line: (filename: "/Users/alex/areas/productive/orchestration/src/vecherinka_comptime.nim",
               line: 1934, column: 6).}:
        if not (artifact_553764323.kind == vak_2):
          failedAssertImpl("/Users/alex/areas/productive/orchestration/src/vecherinka_comptime.nim(1934, 7) `artifact_553764323.kind == vak_2` ")
      artifact_553764323.value_2
    try:
      let model_materialized_input_553764322 = proc (
          materializer_input_553764324: Stage3Input;
          materializer_runtime_dir_553764325, materializer_artifact_dir_553764326: Path;
          materializer_initial_instructions_553764327: string): string {.nimcall.} = result =
        var materialized_instructions_553764328 = materializer_initial_instructions_553764327
        var materialized_names_553764329: seq[string] = @[]
        add(materialized_instructions_553764328,
            "input.marker: string = " & $materializer_input_553764324.marker & "\n")
        materialized_instructions_553764328(model_typed_input_553764321,
          model_context_553764317.runtime_dir, model_working_dir_553764320, "")
      let model_output_contract_553764334 = schemaOf(T)
      let model_output_schema_553764335 = toJsonSchema(model_output_contract_553764334)
      let model_materializer_553764336 = proc (model_output_kind_553764304: int;
          model_output_553764305: LlmOutput): ModelMaterialization[
          VecherinkaArtifact_553764181] {.nimcall, noinit.} = case model_output_kind_553764304
      of 4:
        let model_output_contract_553764306 = schemaOf(T)
        let model_parsed_output_553764307 = tryParse(model_output_contract_553764306,
            model_output_553764305.arguments)
        if not model_parsed_output_553764307.ok:
          return ModelMaterialization[VecherinkaArtifact_553764181](ok: false, error: "invalid finish_work result (" &
              $len(model_parsed_output_553764307.issues) &
              " schema issues)")
        var location_errors_553764312 = ""
        if (
          not (len(location_errors_553764312) == 0)):
          return ModelMaterialization[VecherinkaArtifact_553764181](ok: false,
              error: "invalid finish_work locations: " & location_errors_553764312)
        return ModelMaterialization[VecherinkaArtifact_553764181](ok: true, value: VecherinkaArtifact_553764181(
            kind: vak_4, value_4: model_parsed_output_553764307.value))
      else:
        return ModelMaterialization[VecherinkaArtifact_553764181](ok: false,
            error: "unexpected model output kind")
      let model_tool_data_553764337 = register_llm_tool_binding(
          cast[pointer](model_context_553764317), model_request_id_553764318, 4,
          cast[pointer](model_materializer_553764336))
      var model_tools_553764338: DynamicToolRegistry = @[]
      register_dynamic_tool(model_tools_553764338, "finish_work", default_agent_prompt_templates.finish_work_description,
                            model_output_schema_553764335, model_tool_data_553764337, proc (
          tool_data`gensym714: pointer; tool_context`gensym714: ToolCallContext) {.
          nimcall, gcsafe.} = {.cast(gcsafe).}:
        let binding`gensym714 = lookup_llm_tool_binding(tool_data`gensym714)
        if isNone(binding`gensym714):
          return
        let data`gensym714 = get(binding`gensym714)
        enqueue_llm_output_event(cast[RuntimeContext[VecherinkaArtifact_553764181]](data`gensym714.context),
                                 data`gensym714.request_id,
                                 data`gensym714.output_kind, cast[ModelMaterializer[
            VecherinkaArtifact_553764181]](data`gensym714.materializer),
                                 data`gensym714.id, tool_context`gensym714))
      let llm_spec_553764343 = LlmCallSpec[VecherinkaArtifact_553764181](
          profile: profile,
          prompt: "Copy marker exactly into right_value. Do not create files.",
          prompt_templates: default_agent_prompt_templates,
          materialized_input: model_materialized_input_553764322,
          runtime_dir: model_context_553764317.runtime_dir,
          working_dir: model_working_dir_553764320, tools: model_tools_553764338,
          output_kind: 4, materialize: model_materializer_553764336)
      submit_llm(model_context_553764317, model_request_id_553764318, llm_spec_553764343)
    except CatchableError as error`gensym717:
      let event`gensym717 = RuntimeEvent[VecherinkaArtifact_553764181](
          kind: rev_model_error, request_id: model_request_id_553764318,
          error_message: error`gensym717.msg)
      enqueue_runtime_event(model_context_553764317, event`gensym717))], coalesce: proc (
      fan_values_553764346: seq[VecherinkaArtifact_553764181]): VecherinkaArtifact_553764181 {.
      nimcall.} = result = VecherinkaArtifact_553764181(kind: vak_0, value_0: (block:
    let artifact_553764347 = fan_values_553764346[0]
    const
      loc`gensym769 = (filename: "/Users/alex/areas/productive/orchestration/src/vecherinka_comptime.nim",
        line: 1934, column: 6)
      ploc`gensym769 = "/Users/alex/areas/productive/orchestration/src/vecherinka_comptime.nim(1934, 7)"
    bind instantiationInfo
    mixin failedAssertImpl
    {.line: (filename: "/Users/alex/areas/productive/orchestration/src/vecherinka_comptime.nim",
             line: 1934, column: 6).}:
      if not (artifact_553764347.kind == vak_3):
        failedAssertImpl("/Users/alex/areas/productive/orchestration/src/vecherinka_comptime.nim(1934, 7) `artifact_553764347.kind == vak_3` ")
    artifact_553764347.value_3, block:
    let artifact_553764348 = fan_values_553764346[1]
    const
      loc`gensym771 = (filename: "/Users/alex/areas/productive/orchestration/src/vecherinka_comptime.nim",
        line: 1934, column: 6)
      ploc`gensym771 = "/Users/alex/areas/productive/orchestration/src/vecherinka_comptime.nim(1934, 7)"
    bind instantiationInfo
    mixin failedAssertImpl
    {.line: (filename: "/Users/alex/areas/productive/orchestration/src/vecherinka_comptime.nim",
             line: 1934, column: 6).}:
      if not (artifact_553764348.kind == vak_4):
        failedAssertImpl("/Users/alex/areas/productive/orchestration/src/vecherinka_comptime.nim(1934, 7) `artifact_553764348.kind == vak_4` ")
    artifact_553764348.value_4)), continuation: Flow[VecherinkaArtifact_553764181](
      kind: fk_ref, name: "merge_fan")))]
  let input_artifact_553764353 = VecherinkaArtifact_553764181(kind: vak_2,
      value_2: input_553764349)
  let work_plan_553764354 = execute_flows(data_553764352, input_artifact_553764353,
      nil, transport_553764350, nil, logger_553764351)
  if isNone(work_plan_553764354.output):
    if isSome(work_plan_553764354.failure_message):
      raise
        (ref ValueError)(msg: get(work_plan_553764354.failure_message),
                         parent: nil)
    raise
      (ref ValueError)(msg: "vecherinka execution completed without output",
                       parent: nil)
  return block:
    let artifact_553764355 = lookup_artifact(work_plan_553764354.context,
        get(work_plan_553764354.output)).data
    const
      loc`gensym931 = (filename: "/Users/alex/areas/productive/orchestration/src/vecherinka_comptime.nim",
        line: 1934, column: 6)
      ploc`gensym931 = "/Users/alex/areas/productive/orchestration/src/vecherinka_comptime.nim(1934, 7)"
    bind instantiationInfo
    mixin failedAssertImpl
    {.line: (filename: "/Users/alex/areas/productive/orchestration/src/vecherinka_comptime.nim",
             line: 1934, column: 6).}:
      if not (artifact_553764355.kind == vak_1):
        failedAssertImpl("/Users/alex/areas/productive/orchestration/src/vecherinka_comptime.nim(1934, 7) `artifact_553764355.kind == vak_1` ")
    artifact_553764355.value_1


type
  VecherinkaArtifactKind_553803315 = enum
    vak_0, vak_1, vak_2, vak_3
  VecherinkaArtifact_553803316 = object
    case kind: VecherinkaArtifactKind_553803315
    of vak_0:
      value_0: Stage3Input
    of vak_1:
      value_1: (Stage3Left, Stage3Right)
    of vak_2:
      value_2: Stage3Left
    of vak_3:
      value_3: Stage3Right
proc solve_stage_3_fan(input_553803412: Stage3Input;
                       transport_553803413: LlmTransport[VecherinkaArtifact_553803316] = nil;
                       logger_553803414: StructuredLogger = nil): (Stage3Left,
    Stage3Right) =
  let data_553803415: seq[Flow[VecherinkaArtifact_553803316]] = @[Flow[
      VecherinkaArtifact_553803316](kind: fk_top, root: "fan_only", entry: true, body: Flow[
      VecherinkaArtifact_553803316](kind: fk_fanout, branches: @[Flow[
      VecherinkaArtifact_553803316](kind: fk_model, submit: proc (
      model_context_553803334: RuntimeContext[VecherinkaArtifact_553803316];
      model_request_id_553803335: RequestId; model_input_553803336: VecherinkaArtifact_553803316;
      model_working_dir_553803337: Path) {.nimcall.} =
    let model_typed_input_553803338 = block:
      let artifact_553803340 = model_input_553803336
      const
        loc`gensym976 = (filename: "/Users/alex/areas/productive/orchestration/src/vecherinka_comptime.nim",
          line: 1934, column: 6)
        ploc`gensym976 = "/Users/alex/areas/productive/orchestration/src/vecherinka_comptime.nim(1934, 7)"
      bind instantiationInfo
      mixin failedAssertImpl
      {.line: (filename: "/Users/alex/areas/productive/orchestration/src/vecherinka_comptime.nim",
               line: 1934, column: 6).}:
        if not (artifact_553803340.kind == vak_0):
          failedAssertImpl("/Users/alex/areas/productive/orchestration/src/vecherinka_comptime.nim(1934, 7) `artifact_553803340.kind == vak_0` ")
      artifact_553803340.value_0
    try:
      let model_materialized_input_553803339 = proc (
          materializer_input_553803341: Stage3Input;
          materializer_runtime_dir_553803342, materializer_artifact_dir_553803343: Path;
          materializer_initial_instructions_553803344: string): string {.nimcall.} = result =
        var materialized_instructions_553803345 = materializer_initial_instructions_553803344
        var materialized_names_553803346: seq[string] = @[]
        add(materialized_instructions_553803345,
            "input.marker: string = " & $materializer_input_553803341.marker & "\n")
        materialized_instructions_553803345(model_typed_input_553803338,
          model_context_553803334.runtime_dir, model_working_dir_553803337, "")
      let model_output_contract_553803351 = schemaOf(T)
      let model_output_schema_553803352 = toJsonSchema(model_output_contract_553803351)
      let model_materializer_553803353 = proc (model_output_kind_553803321: int;
          model_output_553803322: LlmOutput): ModelMaterialization[
          VecherinkaArtifact_553803316] {.nimcall, noinit.} = case model_output_kind_553803321
      of 2:
        let model_output_contract_553803323 = schemaOf(T)
        let model_parsed_output_553803324 = tryParse(model_output_contract_553803323,
            model_output_553803322.arguments)
        if not model_parsed_output_553803324.ok:
          return ModelMaterialization[VecherinkaArtifact_553803316](ok: false, error: "invalid finish_work result (" &
              $len(model_parsed_output_553803324.issues) &
              " schema issues)")
        var location_errors_553803329 = ""
        if (
          not (len(location_errors_553803329) == 0)):
          return ModelMaterialization[VecherinkaArtifact_553803316](ok: false,
              error: "invalid finish_work locations: " & location_errors_553803329)
        return ModelMaterialization[VecherinkaArtifact_553803316](ok: true, value: VecherinkaArtifact_553803316(
            kind: vak_2, value_2: model_parsed_output_553803324.value))
      else:
        return ModelMaterialization[VecherinkaArtifact_553803316](ok: false,
            error: "unexpected model output kind")
      let model_tool_data_553803354 = register_llm_tool_binding(
          cast[pointer](model_context_553803334), model_request_id_553803335, 2,
          cast[pointer](model_materializer_553803353))
      var model_tools_553803355: DynamicToolRegistry = @[]
      register_dynamic_tool(model_tools_553803355, "finish_work", default_agent_prompt_templates.finish_work_description,
                            model_output_schema_553803352, model_tool_data_553803354, proc (
          tool_data`gensym944: pointer; tool_context`gensym944: ToolCallContext) {.
          nimcall, gcsafe.} = {.cast(gcsafe).}:
        let binding`gensym944 = lookup_llm_tool_binding(tool_data`gensym944)
        if isNone(binding`gensym944):
          return
        let data`gensym944 = get(binding`gensym944)
        enqueue_llm_output_event(cast[RuntimeContext[VecherinkaArtifact_553803316]](data`gensym944.context),
                                 data`gensym944.request_id,
                                 data`gensym944.output_kind, cast[ModelMaterializer[
            VecherinkaArtifact_553803316]](data`gensym944.materializer),
                                 data`gensym944.id, tool_context`gensym944))
      let llm_spec_553803360 = LlmCallSpec[VecherinkaArtifact_553803316](
          profile: profile,
          prompt: "Copy marker exactly into left_value. Do not create files.",
          prompt_templates: default_agent_prompt_templates,
          materialized_input: model_materialized_input_553803339,
          runtime_dir: model_context_553803334.runtime_dir,
          working_dir: model_working_dir_553803337, tools: model_tools_553803355,
          output_kind: 2, materialize: model_materializer_553803353)
      submit_llm(model_context_553803334, model_request_id_553803335, llm_spec_553803360)
    except CatchableError as error`gensym947:
      let event`gensym947 = RuntimeEvent[VecherinkaArtifact_553803316](
          kind: rev_model_error, request_id: model_request_id_553803335,
          error_message: error`gensym947.msg)
      enqueue_runtime_event(model_context_553803334, event`gensym947)), Flow[
      VecherinkaArtifact_553803316](kind: fk_model, submit: proc (
      model_context_553803380: RuntimeContext[VecherinkaArtifact_553803316];
      model_request_id_553803381: RequestId; model_input_553803382: VecherinkaArtifact_553803316;
      model_working_dir_553803383: Path) {.nimcall.} =
    let model_typed_input_553803384 = block:
      let artifact_553803386 = model_input_553803382
      const
        loc`gensym1001 = (filename: "/Users/alex/areas/productive/orchestration/src/vecherinka_comptime.nim",
          line: 1934, column: 6)
        ploc`gensym1001 = "/Users/alex/areas/productive/orchestration/src/vecherinka_comptime.nim(1934, 7)"
      bind instantiationInfo
      mixin failedAssertImpl
      {.line: (filename: "/Users/alex/areas/productive/orchestration/src/vecherinka_comptime.nim",
               line: 1934, column: 6).}:
        if not (artifact_553803386.kind == vak_0):
          failedAssertImpl("/Users/alex/areas/productive/orchestration/src/vecherinka_comptime.nim(1934, 7) `artifact_553803386.kind == vak_0` ")
      artifact_553803386.value_0
    try:
      let model_materialized_input_553803385 = proc (
          materializer_input_553803387: Stage3Input;
          materializer_runtime_dir_553803388, materializer_artifact_dir_553803389: Path;
          materializer_initial_instructions_553803390: string): string {.nimcall.} = result =
        var materialized_instructions_553803391 = materializer_initial_instructions_553803390
        var materialized_names_553803392: seq[string] = @[]
        add(materialized_instructions_553803391,
            "input.marker: string = " & $materializer_input_553803387.marker & "\n")
        materialized_instructions_553803391(model_typed_input_553803384,
          model_context_553803380.runtime_dir, model_working_dir_553803383, "")
      let model_output_contract_553803397 = schemaOf(T)
      let model_output_schema_553803398 = toJsonSchema(model_output_contract_553803397)
      let model_materializer_553803399 = proc (model_output_kind_553803367: int;
          model_output_553803368: LlmOutput): ModelMaterialization[
          VecherinkaArtifact_553803316] {.nimcall, noinit.} = case model_output_kind_553803367
      of 3:
        let model_output_contract_553803369 = schemaOf(T)
        let model_parsed_output_553803370 = tryParse(model_output_contract_553803369,
            model_output_553803368.arguments)
        if not model_parsed_output_553803370.ok:
          return ModelMaterialization[VecherinkaArtifact_553803316](ok: false, error: "invalid finish_work result (" &
              $len(model_parsed_output_553803370.issues) &
              " schema issues)")
        var location_errors_553803375 = ""
        if (
          not (len(location_errors_553803375) == 0)):
          return ModelMaterialization[VecherinkaArtifact_553803316](ok: false,
              error: "invalid finish_work locations: " & location_errors_553803375)
        return ModelMaterialization[VecherinkaArtifact_553803316](ok: true, value: VecherinkaArtifact_553803316(
            kind: vak_3, value_3: model_parsed_output_553803370.value))
      else:
        return ModelMaterialization[VecherinkaArtifact_553803316](ok: false,
            error: "unexpected model output kind")
      let model_tool_data_553803400 = register_llm_tool_binding(
          cast[pointer](model_context_553803380), model_request_id_553803381, 3,
          cast[pointer](model_materializer_553803399))
      var model_tools_553803401: DynamicToolRegistry = @[]
      register_dynamic_tool(model_tools_553803401, "finish_work", default_agent_prompt_templates.finish_work_description,
                            model_output_schema_553803398, model_tool_data_553803400, proc (
          tool_data`gensym957: pointer; tool_context`gensym957: ToolCallContext) {.
          nimcall, gcsafe.} = {.cast(gcsafe).}:
        let binding`gensym957 = lookup_llm_tool_binding(tool_data`gensym957)
        if isNone(binding`gensym957):
          return
        let data`gensym957 = get(binding`gensym957)
        enqueue_llm_output_event(cast[RuntimeContext[VecherinkaArtifact_553803316]](data`gensym957.context),
                                 data`gensym957.request_id,
                                 data`gensym957.output_kind, cast[ModelMaterializer[
            VecherinkaArtifact_553803316]](data`gensym957.materializer),
                                 data`gensym957.id, tool_context`gensym957))
      let llm_spec_553803406 = LlmCallSpec[VecherinkaArtifact_553803316](
          profile: profile,
          prompt: "Copy marker exactly into right_value. Do not create files.",
          prompt_templates: default_agent_prompt_templates,
          materialized_input: model_materialized_input_553803385,
          runtime_dir: model_context_553803380.runtime_dir,
          working_dir: model_working_dir_553803383, tools: model_tools_553803401,
          output_kind: 3, materialize: model_materializer_553803399)
      submit_llm(model_context_553803380, model_request_id_553803381, llm_spec_553803406)
    except CatchableError as error`gensym960:
      let event`gensym960 = RuntimeEvent[VecherinkaArtifact_553803316](
          kind: rev_model_error, request_id: model_request_id_553803381,
          error_message: error`gensym960.msg)
      enqueue_runtime_event(model_context_553803380, event`gensym960))], coalesce: proc (
      fan_values_553803409: seq[VecherinkaArtifact_553803316]): VecherinkaArtifact_553803316 {.
      nimcall.} = result = VecherinkaArtifact_553803316(kind: vak_1, value_1: (block:
    let artifact_553803410 = fan_values_553803409[0]
    const
      loc`gensym1006 = (filename: "/Users/alex/areas/productive/orchestration/src/vecherinka_comptime.nim",
        line: 1934, column: 6)
      ploc`gensym1006 = "/Users/alex/areas/productive/orchestration/src/vecherinka_comptime.nim(1934, 7)"
    bind instantiationInfo
    mixin failedAssertImpl
    {.line: (filename: "/Users/alex/areas/productive/orchestration/src/vecherinka_comptime.nim",
             line: 1934, column: 6).}:
      if not (artifact_553803410.kind == vak_2):
        failedAssertImpl("/Users/alex/areas/productive/orchestration/src/vecherinka_comptime.nim(1934, 7) `artifact_553803410.kind == vak_2` ")
    artifact_553803410.value_2, block:
    let artifact_553803411 = fan_values_553803409[1]
    const
      loc`gensym1008 = (filename: "/Users/alex/areas/productive/orchestration/src/vecherinka_comptime.nim",
        line: 1934, column: 6)
      ploc`gensym1008 = "/Users/alex/areas/productive/orchestration/src/vecherinka_comptime.nim(1934, 7)"
    bind instantiationInfo
    mixin failedAssertImpl
    {.line: (filename: "/Users/alex/areas/productive/orchestration/src/vecherinka_comptime.nim",
             line: 1934, column: 6).}:
      if not (artifact_553803411.kind == vak_3):
        failedAssertImpl("/Users/alex/areas/productive/orchestration/src/vecherinka_comptime.nim(1934, 7) `artifact_553803411.kind == vak_3` ")
    artifact_553803411.value_3))))]
  let input_artifact_553803416 = VecherinkaArtifact_553803316(kind: vak_0,
      value_0: input_553803412)
  let work_plan_553803417 = execute_flows(data_553803415, input_artifact_553803416,
      nil, transport_553803413, nil, logger_553803414)
  if isNone(work_plan_553803417.output):
    if isSome(work_plan_553803417.failure_message):
      raise
        (ref ValueError)(msg: get(work_plan_553803417.failure_message),
                         parent: nil)
    raise
      (ref ValueError)(msg: "vecherinka execution completed without output",
                       parent: nil)
  return block:
    let artifact_553803418 = lookup_artifact(work_plan_553803417.context,
        get(work_plan_553803417.output)).data
    const
      loc`gensym1168 = (filename: "/Users/alex/areas/productive/orchestration/src/vecherinka_comptime.nim",
        line: 1934, column: 6)
      ploc`gensym1168 = "/Users/alex/areas/productive/orchestration/src/vecherinka_comptime.nim(1934, 7)"
    bind instantiationInfo
    mixin failedAssertImpl
    {.line: (filename: "/Users/alex/areas/productive/orchestration/src/vecherinka_comptime.nim",
             line: 1934, column: 6).}:
      if not (artifact_553803418.kind == vak_1):
        failedAssertImpl("/Users/alex/areas/productive/orchestration/src/vecherinka_comptime.nim(1934, 7) `artifact_553803418.kind == vak_1` ")
    artifact_553803418.value_1


type
  VecherinkaArtifactKind_553841585 = enum
    vak_0, vak_1
  VecherinkaArtifact_553841586 = object
    case kind: VecherinkaArtifactKind_553841585
    of vak_0:
      value_0: Stage4Input
    of vak_1:
      value_1: Stage4Output
proc solve_stage_4(input_553841640: Stage4Input;
                   transport_553841641: LlmTransport[VecherinkaArtifact_553841586] = nil;
                   logger_553841642: StructuredLogger = nil): Stage4Output =
  let data_553841643: seq[Flow[VecherinkaArtifact_553841586]] = @[Flow[
      VecherinkaArtifact_553841586](kind: fk_top, root: "annotate",
                                    entry: false, body: Flow[VecherinkaArtifact_553841586](
      kind: fk_model, submit: proc (model_context_553841604: RuntimeContext[
      VecherinkaArtifact_553841586]; model_request_id_553841605: RequestId;
                                    model_input_553841606: VecherinkaArtifact_553841586;
                                    model_working_dir_553841607: Path) {.nimcall.} =
    let model_typed_input_553841608 = block:
      let artifact_553841610 = model_input_553841606
      const
        loc`gensym1208 = (filename: "/Users/alex/areas/productive/orchestration/src/vecherinka_comptime.nim",
          line: 1934, column: 6)
        ploc`gensym1208 = "/Users/alex/areas/productive/orchestration/src/vecherinka_comptime.nim(1934, 7)"
      bind instantiationInfo
      mixin failedAssertImpl
      {.line: (filename: "/Users/alex/areas/productive/orchestration/src/vecherinka_comptime.nim",
               line: 1934, column: 6).}:
        if not (artifact_553841610.kind == vak_0):
          failedAssertImpl("/Users/alex/areas/productive/orchestration/src/vecherinka_comptime.nim(1934, 7) `artifact_553841610.kind == vak_0` ")
      artifact_553841610.value_0
    try:
      let model_materialized_input_553841609 = proc (
          materializer_input_553841611: Stage4Input;
          materializer_runtime_dir_553841612, materializer_artifact_dir_553841613: Path;
          materializer_initial_instructions_553841614: string): string {.nimcall.} = result =
        var materialized_instructions_553841615 = materializer_initial_instructions_553841614
        var materialized_names_553841616: seq[string] = @[]
        add(materialized_instructions_553841615,
            "input.mode: string = " & $materializer_input_553841611.mode & "\n")
        add(materialized_instructions_553841615,
            "input.marker: string = " & $materializer_input_553841611.marker & "\n")
        materialized_instructions_553841615(model_typed_input_553841608,
          model_context_553841604.runtime_dir, model_working_dir_553841607, "")
      let model_output_contract_553841625 = schemaOf(T)
      let model_output_schema_553841626 = toJsonSchema(model_output_contract_553841625)
      let model_materializer_553841627 = proc (model_output_kind_553841591: int;
          model_output_553841592: LlmOutput): ModelMaterialization[
          VecherinkaArtifact_553841586] {.nimcall, noinit.} = case model_output_kind_553841591
      of 1:
        let model_output_contract_553841593 = schemaOf(T)
        let model_parsed_output_553841594 = tryParse(model_output_contract_553841593,
            model_output_553841592.arguments)
        if not model_parsed_output_553841594.ok:
          return ModelMaterialization[VecherinkaArtifact_553841586](ok: false, error: "invalid finish_work result (" &
              $len(model_parsed_output_553841594.issues) &
              " schema issues)")
        var location_errors_553841599 = ""
        if (
          not (len(location_errors_553841599) == 0)):
          return ModelMaterialization[VecherinkaArtifact_553841586](ok: false,
              error: "invalid finish_work locations: " & location_errors_553841599)
        return ModelMaterialization[VecherinkaArtifact_553841586](ok: true, value: VecherinkaArtifact_553841586(
            kind: vak_1, value_1: model_parsed_output_553841594.value))
      else:
        return ModelMaterialization[VecherinkaArtifact_553841586](ok: false,
            error: "unexpected model output kind")
      let model_tool_data_553841628 = register_llm_tool_binding(
          cast[pointer](model_context_553841604), model_request_id_553841605, 1,
          cast[pointer](model_materializer_553841627))
      var model_tools_553841629: DynamicToolRegistry = @[]
      register_dynamic_tool(model_tools_553841629, "finish_work", default_agent_prompt_templates.finish_work_description,
                            model_output_schema_553841626, model_tool_data_553841628, proc (
          tool_data`gensym1185: pointer;
          tool_context`gensym1185: ToolCallContext) {.nimcall, gcsafe.} = {.
          cast(gcsafe).}:
        let binding`gensym1185 = lookup_llm_tool_binding(tool_data`gensym1185)
        if isNone(binding`gensym1185):
          return
        let data`gensym1185 = get(binding`gensym1185)
        enqueue_llm_output_event(cast[RuntimeContext[VecherinkaArtifact_553841586]](data`gensym1185.context),
                                 data`gensym1185.request_id,
                                 data`gensym1185.output_kind, cast[ModelMaterializer[
            VecherinkaArtifact_553841586]](data`gensym1185.materializer),
                                 data`gensym1185.id, tool_context`gensym1185))
      let llm_spec_553841634 = LlmCallSpec[VecherinkaArtifact_553841586](
          profile: profile,
          prompt: "Copy marker exactly into answer. Do not create files.",
          prompt_templates: default_agent_prompt_templates,
          materialized_input: model_materialized_input_553841609,
          runtime_dir: model_context_553841604.runtime_dir,
          working_dir: model_working_dir_553841607, tools: model_tools_553841629,
          output_kind: 1, materialize: model_materializer_553841627)
      submit_llm(model_context_553841604, model_request_id_553841605, llm_spec_553841634)
    except CatchableError as error`gensym1188:
      let event`gensym1188 = RuntimeEvent[VecherinkaArtifact_553841586](
          kind: rev_model_error, request_id: model_request_id_553841605,
          error_message: error`gensym1188.msg)
      enqueue_runtime_event(model_context_553841604, event`gensym1188))), Flow[
      VecherinkaArtifact_553841586](kind: fk_top, root: "route", entry: true, body: Flow[
      VecherinkaArtifact_553841586](kind: fk_so, execute: proc (
      so_artifact_553841637: VecherinkaArtifact_553841586): Flow[
      VecherinkaArtifact_553841586] {.nimcall.} = result =
    let so_input_553841638 = block:
      let artifact_553841639 = so_artifact_553841637
      const
        loc`gensym1233 = (filename: "/Users/alex/areas/productive/orchestration/src/vecherinka_comptime.nim",
          line: 1934, column: 6)
        ploc`gensym1233 = "/Users/alex/areas/productive/orchestration/src/vecherinka_comptime.nim(1934, 7)"
      bind instantiationInfo
      mixin failedAssertImpl
      {.line: (filename: "/Users/alex/areas/productive/orchestration/src/vecherinka_comptime.nim",
               line: 1934, column: 6).}:
        if not (artifact_553841639.kind == vak_0):
          failedAssertImpl("/Users/alex/areas/productive/orchestration/src/vecherinka_comptime.nim(1934, 7) `artifact_553841639.kind == vak_0` ")
      artifact_553841639.value_0
    if so_input_553841638.mode == "model": Flow[VecherinkaArtifact_553841586](
        kind: fk_raw, value: VecherinkaArtifact_553841586(kind: vak_0,
        value_0: so_input_553841638), continuation: Flow[VecherinkaArtifact_553841586](
        kind: fk_ref, name: "annotate")) else: Flow[VecherinkaArtifact_553841586](
        kind: fk_raw, value: VecherinkaArtifact_553841586(kind: vak_1,
        value_1: Stage4Output(answer: "pure:" & so_input_553841638.marker)))))]
  let input_artifact_553841644 = VecherinkaArtifact_553841586(kind: vak_0,
      value_0: input_553841640)
  let work_plan_553841645 = execute_flows(data_553841643, input_artifact_553841644,
      nil, transport_553841641, nil, logger_553841642)
  if isNone(work_plan_553841645.output):
    if isSome(work_plan_553841645.failure_message):
      raise
        (ref ValueError)(msg: get(work_plan_553841645.failure_message),
                         parent: nil)
    raise
      (ref ValueError)(msg: "vecherinka execution completed without output",
                       parent: nil)
  return block:
    let artifact_553841646 = lookup_artifact(work_plan_553841645.context,
        get(work_plan_553841645.output)).data
    const
      loc`gensym1393 = (filename: "/Users/alex/areas/productive/orchestration/src/vecherinka_comptime.nim",
        line: 1934, column: 6)
      ploc`gensym1393 = "/Users/alex/areas/productive/orchestration/src/vecherinka_comptime.nim(1934, 7)"
    bind instantiationInfo
    mixin failedAssertImpl
    {.line: (filename: "/Users/alex/areas/productive/orchestration/src/vecherinka_comptime.nim",
             line: 1934, column: 6).}:
      if not (artifact_553841646.kind == vak_1):
        failedAssertImpl("/Users/alex/areas/productive/orchestration/src/vecherinka_comptime.nim(1934, 7) `artifact_553841646.kind == vak_1` ")
    artifact_553841646.value_1


type
  VecherinkaArtifactKind_553879834 = enum
    vak_0, vak_1, vak_2
  VecherinkaArtifact_553879835 = object
    case kind: VecherinkaArtifactKind_553879834
    of vak_0:
      value_0: Stage5Input
    of vak_1:
      value_1: string
    of vak_2:
      value_2: Stage5Output
proc solve_stage_5(input_553879888: Stage5Input;
                   transport_553879889: LlmTransport[VecherinkaArtifact_553879835] = nil;
                   logger_553879890: StructuredLogger = nil): Stage5Output =
  let data_553879891: seq[Flow[VecherinkaArtifact_553879835]] = @[Flow[
      VecherinkaArtifact_553879835](kind: fk_top, root: "project_marker",
                                    entry: false, body: Flow[VecherinkaArtifact_553879835](
      kind: fk_it, projector: proc (it_artifact_553879836: VecherinkaArtifact_553879835): VecherinkaArtifact_553879835 {.
      nimcall.} = result =
    let it_value_553879837 = block:
      let artifact_553879838 = it_artifact_553879836
      const
        loc`gensym1443 = (filename: "/Users/alex/areas/productive/orchestration/src/vecherinka_comptime.nim",
          line: 1934, column: 6)
        ploc`gensym1443 = "/Users/alex/areas/productive/orchestration/src/vecherinka_comptime.nim(1934, 7)"
      bind instantiationInfo
      mixin failedAssertImpl
      {.line: (filename: "/Users/alex/areas/productive/orchestration/src/vecherinka_comptime.nim",
               line: 1934, column: 6).}:
        if not (artifact_553879838.kind == vak_0):
          failedAssertImpl("/Users/alex/areas/productive/orchestration/src/vecherinka_comptime.nim(1934, 7) `artifact_553879838.kind == vak_0` ")
      artifact_553879838.value_0
    VecherinkaArtifact_553879835(kind: vak_1, value_1: it_value_553879837.marker))), Flow[
      VecherinkaArtifact_553879835](kind: fk_top, root: "finish_projection",
                                    entry: false, body: Flow[VecherinkaArtifact_553879835](
      kind: fk_model, submit: proc (model_context_553879856: RuntimeContext[
      VecherinkaArtifact_553879835]; model_request_id_553879857: RequestId;
                                    model_input_553879858: VecherinkaArtifact_553879835;
                                    model_working_dir_553879859: Path) {.nimcall.} =
    let model_typed_input_553879860 = block:
      let artifact_553879862 = model_input_553879858
      const
        loc`gensym1445 = (filename: "/Users/alex/areas/productive/orchestration/src/vecherinka_comptime.nim",
          line: 1934, column: 6)
        ploc`gensym1445 = "/Users/alex/areas/productive/orchestration/src/vecherinka_comptime.nim(1934, 7)"
      bind instantiationInfo
      mixin failedAssertImpl
      {.line: (filename: "/Users/alex/areas/productive/orchestration/src/vecherinka_comptime.nim",
               line: 1934, column: 6).}:
        if not (artifact_553879862.kind == vak_1):
          failedAssertImpl("/Users/alex/areas/productive/orchestration/src/vecherinka_comptime.nim(1934, 7) `artifact_553879862.kind == vak_1` ")
      artifact_553879862.value_1
    try:
      let model_materialized_input_553879861 = proc (materializer_input_553879863: string;
          materializer_runtime_dir_553879864, materializer_artifact_dir_553879865: Path;
          materializer_initial_instructions_553879866: string): string {.nimcall.} = result =
        var materialized_instructions_553879867 = materializer_initial_instructions_553879866
        var materialized_names_553879868: seq[string] = @[]
        add(materialized_instructions_553879867,
            "input: string = " & $materializer_input_553879863 & "\n")
        materialized_instructions_553879867(model_typed_input_553879860,
          model_context_553879856.runtime_dir, model_working_dir_553879859, "")
      let model_output_contract_553879873 = schemaOf(T)
      let model_output_schema_553879874 = toJsonSchema(model_output_contract_553879873)
      let model_materializer_553879875 = proc (model_output_kind_553879843: int;
          model_output_553879844: LlmOutput): ModelMaterialization[
          VecherinkaArtifact_553879835] {.nimcall, noinit.} = case model_output_kind_553879843
      of 2:
        let model_output_contract_553879845 = schemaOf(T)
        let model_parsed_output_553879846 = tryParse(model_output_contract_553879845,
            model_output_553879844.arguments)
        if not model_parsed_output_553879846.ok:
          return ModelMaterialization[VecherinkaArtifact_553879835](ok: false, error: "invalid finish_work result (" &
              $len(model_parsed_output_553879846.issues) &
              " schema issues)")
        var location_errors_553879851 = ""
        if (
          not (len(location_errors_553879851) == 0)):
          return ModelMaterialization[VecherinkaArtifact_553879835](ok: false,
              error: "invalid finish_work locations: " & location_errors_553879851)
        return ModelMaterialization[VecherinkaArtifact_553879835](ok: true, value: VecherinkaArtifact_553879835(
            kind: vak_2, value_2: model_parsed_output_553879846.value))
      else:
        return ModelMaterialization[VecherinkaArtifact_553879835](ok: false,
            error: "unexpected model output kind")
      let model_tool_data_553879876 = register_llm_tool_binding(
          cast[pointer](model_context_553879856), model_request_id_553879857, 2,
          cast[pointer](model_materializer_553879875))
      var model_tools_553879877: DynamicToolRegistry = @[]
      register_dynamic_tool(model_tools_553879877, "finish_work", default_agent_prompt_templates.finish_work_description,
                            model_output_schema_553879874, model_tool_data_553879876, proc (
          tool_data`gensym1421: pointer;
          tool_context`gensym1421: ToolCallContext) {.nimcall, gcsafe.} = {.
          cast(gcsafe).}:
        let binding`gensym1421 = lookup_llm_tool_binding(tool_data`gensym1421)
        if isNone(binding`gensym1421):
          return
        let data`gensym1421 = get(binding`gensym1421)
        enqueue_llm_output_event(cast[RuntimeContext[VecherinkaArtifact_553879835]](data`gensym1421.context),
                                 data`gensym1421.request_id,
                                 data`gensym1421.output_kind, cast[ModelMaterializer[
            VecherinkaArtifact_553879835]](data`gensym1421.materializer),
                                 data`gensym1421.id, tool_context`gensym1421))
      let llm_spec_553879882 = LlmCallSpec[VecherinkaArtifact_553879835](
          profile: profile, prompt: "Copy the input string exactly into answer. Do not create files.",
          prompt_templates: default_agent_prompt_templates,
          materialized_input: model_materialized_input_553879861,
          runtime_dir: model_context_553879856.runtime_dir,
          working_dir: model_working_dir_553879859, tools: model_tools_553879877,
          output_kind: 2, materialize: model_materializer_553879875)
      submit_llm(model_context_553879856, model_request_id_553879857, llm_spec_553879882)
    except CatchableError as error`gensym1424:
      let event`gensym1424 = RuntimeEvent[VecherinkaArtifact_553879835](
          kind: rev_model_error, request_id: model_request_id_553879857,
          error_message: error`gensym1424.msg)
      enqueue_runtime_event(model_context_553879856, event`gensym1424))), Flow[
      VecherinkaArtifact_553879835](kind: fk_top, root: "project_entry",
                                    entry: true, body: Flow[VecherinkaArtifact_553879835](
      kind: fk_so, execute: proc (so_artifact_553879885: VecherinkaArtifact_553879835): Flow[
      VecherinkaArtifact_553879835] {.nimcall.} = result =
    let so_input_553879886 = block:
      let artifact_553879887 = so_artifact_553879885
      const
        loc`gensym1470 = (filename: "/Users/alex/areas/productive/orchestration/src/vecherinka_comptime.nim",
          line: 1934, column: 6)
        ploc`gensym1470 = "/Users/alex/areas/productive/orchestration/src/vecherinka_comptime.nim(1934, 7)"
      bind instantiationInfo
      mixin failedAssertImpl
      {.line: (filename: "/Users/alex/areas/productive/orchestration/src/vecherinka_comptime.nim",
               line: 1934, column: 6).}:
        if not (artifact_553879887.kind == vak_0):
          failedAssertImpl("/Users/alex/areas/productive/orchestration/src/vecherinka_comptime.nim(1934, 7) `artifact_553879887.kind == vak_0` ")
      artifact_553879887.value_0
    Flow[VecherinkaArtifact_553879835](kind: fk_raw, value: VecherinkaArtifact_553879835(
        kind: vak_0, value_0: so_input_553879886), continuation: Flow[
        VecherinkaArtifact_553879835](kind: fk_ref, name: "project_marker", continuation: Flow[
        VecherinkaArtifact_553879835](kind: fk_ref, name: "finish_projection")))))]
  let input_artifact_553879892 = VecherinkaArtifact_553879835(kind: vak_0,
      value_0: input_553879888)
  let work_plan_553879893 = execute_flows(data_553879891, input_artifact_553879892,
      nil, transport_553879889, nil, logger_553879890)
  if isNone(work_plan_553879893.output):
    if isSome(work_plan_553879893.failure_message):
      raise
        (ref ValueError)(msg: get(work_plan_553879893.failure_message),
                         parent: nil)
    raise
      (ref ValueError)(msg: "vecherinka execution completed without output",
                       parent: nil)
  return block:
    let artifact_553879894 = lookup_artifact(work_plan_553879893.context,
        get(work_plan_553879893.output)).data
    const
      loc`gensym1630 = (filename: "/Users/alex/areas/productive/orchestration/src/vecherinka_comptime.nim",
        line: 1934, column: 6)
      ploc`gensym1630 = "/Users/alex/areas/productive/orchestration/src/vecherinka_comptime.nim(1934, 7)"
    bind instantiationInfo
    mixin failedAssertImpl
    {.line: (filename: "/Users/alex/areas/productive/orchestration/src/vecherinka_comptime.nim",
             line: 1934, column: 6).}:
      if not (artifact_553879894.kind == vak_2):
        failedAssertImpl("/Users/alex/areas/productive/orchestration/src/vecherinka_comptime.nim(1934, 7) `artifact_553879894.kind == vak_2` ")
    artifact_553879894.value_2


type
  VecherinkaArtifactKind_553917716 = enum
    vak_0, vak_1
  VecherinkaArtifact_553917717 = object
    case kind: VecherinkaArtifactKind_553917716
    of vak_0:
      value_0: Stage6Input
    of vak_1:
      value_1: Stage6Output
proc solve_stage_6(input_553917762: Stage6Input;
                   transport_553917763: LlmTransport[VecherinkaArtifact_553917717] = nil;
                   logger_553917764: StructuredLogger = nil): Stage6Output =
  let data_553917765: seq[Flow[VecherinkaArtifact_553917717]] = @[Flow[
      VecherinkaArtifact_553917717](kind: fk_top, root: "materialise",
                                    entry: true, body: Flow[VecherinkaArtifact_553917717](
      kind: fk_model, submit: proc (model_context_553917736: RuntimeContext[
      VecherinkaArtifact_553917717]; model_request_id_553917737: RequestId;
                                    model_input_553917738: VecherinkaArtifact_553917717;
                                    model_working_dir_553917739: Path) {.nimcall.} =
    let model_typed_input_553917740 = block:
      let artifact_553917742 = model_input_553917738
      const
        loc`gensym1659 = (filename: "/Users/alex/areas/productive/orchestration/src/vecherinka_comptime.nim",
          line: 1934, column: 6)
        ploc`gensym1659 = "/Users/alex/areas/productive/orchestration/src/vecherinka_comptime.nim(1934, 7)"
      bind instantiationInfo
      mixin failedAssertImpl
      {.line: (filename: "/Users/alex/areas/productive/orchestration/src/vecherinka_comptime.nim",
               line: 1934, column: 6).}:
        if not (artifact_553917742.kind == vak_0):
          failedAssertImpl("/Users/alex/areas/productive/orchestration/src/vecherinka_comptime.nim(1934, 7) `artifact_553917742.kind == vak_0` ")
      artifact_553917742.value_0
    try:
      let model_materialized_input_553917741 = proc (
          materializer_input_553917743: Stage6Input;
          materializer_runtime_dir_553917744, materializer_artifact_dir_553917745: Path;
          materializer_initial_instructions_553917746: string): string {.nimcall.} = result =
        var materialized_instructions_553917747 = materializer_initial_instructions_553917746
        var materialized_names_553917748: seq[string] = @[]
        let materialized_location_name_553917749 = copy_location_payload(
            materializer_runtime_dir_553917744, materializer_artifact_dir_553917745,
            cast[string](materializer_input_553917743.source),
            materialized_names_553917748)
        add(materialized_instructions_553917747, "input.source: location = " &
            cast[string](materializer_input_553917743.source) &
            " (materialized as " &
            materialized_location_name_553917749 &
            ")\n")
        materialized_instructions_553917747(model_typed_input_553917740,
          model_context_553917736.runtime_dir, model_working_dir_553917739, "")
      let model_output_contract_553917750 = schemaOf(T)
      let model_output_schema_553917751 = toJsonSchema(model_output_contract_553917750)
      let model_materializer_553917752 = proc (model_output_kind_553917722: int;
          model_output_553917723: LlmOutput): ModelMaterialization[
          VecherinkaArtifact_553917717] {.nimcall, noinit.} = case model_output_kind_553917722
      of 1:
        let model_output_contract_553917724 = schemaOf(T)
        let model_parsed_output_553917725 = tryParse(model_output_contract_553917724,
            model_output_553917723.arguments)
        if not model_parsed_output_553917725.ok:
          return ModelMaterialization[VecherinkaArtifact_553917717](ok: false, error: "invalid finish_work result (" &
              $len(model_parsed_output_553917725.issues) &
              " schema issues)")
        var location_errors_553917730 = ""
        let location_verification_error_553917731 = verify_location_payload(
            model_output_553917723.working_dir,
            cast[string](model_parsed_output_553917725.value.artifact))
        if (
          not (len(location_verification_error_553917731) == 0)):
          add(location_errors_553917730,
              "output.artifact: " & location_verification_error_553917731 & "\n")
        if (
          not (len(location_errors_553917730) == 0)):
          return ModelMaterialization[VecherinkaArtifact_553917717](ok: false,
              error: "invalid finish_work locations: " & location_errors_553917730)
        return ModelMaterialization[VecherinkaArtifact_553917717](ok: true, value: VecherinkaArtifact_553917717(
            kind: vak_1, value_1: model_parsed_output_553917725.value))
      else:
        return ModelMaterialization[VecherinkaArtifact_553917717](ok: false,
            error: "unexpected model output kind")
      let model_tool_data_553917753 = register_llm_tool_binding(
          cast[pointer](model_context_553917736), model_request_id_553917737, 1,
          cast[pointer](model_materializer_553917752))
      var model_tools_553917754: DynamicToolRegistry = @[]
      register_dynamic_tool(model_tools_553917754, "finish_work", default_agent_prompt_templates.finish_work_description,
                            model_output_schema_553917751, model_tool_data_553917753, proc (
          tool_data`gensym1645: pointer;
          tool_context`gensym1645: ToolCallContext) {.nimcall, gcsafe.} = {.
          cast(gcsafe).}:
        let binding`gensym1645 = lookup_llm_tool_binding(tool_data`gensym1645)
        if isNone(binding`gensym1645):
          return
        let data`gensym1645 = get(binding`gensym1645)
        enqueue_llm_output_event(cast[RuntimeContext[VecherinkaArtifact_553917717]](data`gensym1645.context),
                                 data`gensym1645.request_id,
                                 data`gensym1645.output_kind, cast[ModelMaterializer[
            VecherinkaArtifact_553917717]](data`gensym1645.materializer),
                                 data`gensym1645.id, tool_context`gensym1645))
      let llm_spec_553917759 = LlmCallSpec[VecherinkaArtifact_553917717](
          profile: profile, prompt: "Read the provided input file named source.txt. Create result.txt in the working directory containing exactly the input file text. Return summary equal to the input file text and artifact equal to result.txt. Do not create any other files.",
          prompt_templates: default_agent_prompt_templates,
          materialized_input: model_materialized_input_553917741,
          runtime_dir: model_context_553917736.runtime_dir,
          working_dir: model_working_dir_553917739, tools: model_tools_553917754,
          output_kind: 1, materialize: model_materializer_553917752)
      submit_llm(model_context_553917736, model_request_id_553917737, llm_spec_553917759)
    except CatchableError as error`gensym1648:
      let event`gensym1648 = RuntimeEvent[VecherinkaArtifact_553917717](
          kind: rev_model_error, request_id: model_request_id_553917737,
          error_message: error`gensym1648.msg)
      enqueue_runtime_event(model_context_553917736, event`gensym1648)))]
  let input_artifact_553917766 = VecherinkaArtifact_553917717(kind: vak_0,
      value_0: input_553917762)
  let work_plan_553917767 = execute_flows(data_553917765, input_artifact_553917766,
      nil, transport_553917763, nil, logger_553917764)
  if isNone(work_plan_553917767.output):
    if isSome(work_plan_553917767.failure_message):
      raise
        (ref ValueError)(msg: get(work_plan_553917767.failure_message),
                         parent: nil)
    raise
      (ref ValueError)(msg: "vecherinka execution completed without output",
                       parent: nil)
  return block:
    let artifact_553917768 = lookup_artifact(work_plan_553917767.context,
        get(work_plan_553917767.output)).data
    const
      loc`gensym1843 = (filename: "/Users/alex/areas/productive/orchestration/src/vecherinka_comptime.nim",
        line: 1934, column: 6)
      ploc`gensym1843 = "/Users/alex/areas/productive/orchestration/src/vecherinka_comptime.nim(1934, 7)"
    bind instantiationInfo
    mixin failedAssertImpl
    {.line: (filename: "/Users/alex/areas/productive/orchestration/src/vecherinka_comptime.nim",
             line: 1934, column: 6).}:
      if not (artifact_553917768.kind == vak_1):
        failedAssertImpl("/Users/alex/areas/productive/orchestration/src/vecherinka_comptime.nim(1934, 7) `artifact_553917768.kind == vak_1` ")
    artifact_553917768.value_1

lift_pattern nodes=2 here_count=1
  seq
    here

type
  VecherinkaArtifactKind_553955663 = enum
    vak_0, vak_1, vak_2, vak_3
  VecherinkaArtifact_553955664 = object
    case kind: VecherinkaArtifactKind_553955663
    of vak_0:
      value_0: Stage7Item
    of vak_1:
      value_1: Stage7Result
    of vak_2:
      value_2: seq[Stage7Item]
    of vak_3:
      value_3: seq[Stage7Result]
proc solve_stage_7(input_553955759: seq[Stage7Item];
                   transport_553955760: LlmTransport[VecherinkaArtifact_553955664] = nil;
                   logger_553955761: StructuredLogger = nil): seq[Stage7Result] =
  let data_553955762: seq[Flow[VecherinkaArtifact_553955664]] = @[Flow[
      VecherinkaArtifact_553955664](kind: fk_top, root: "map_item",
                                    entry: false, body: Flow[VecherinkaArtifact_553955664](
      kind: fk_model, submit: proc (model_context_553955682: RuntimeContext[
      VecherinkaArtifact_553955664]; model_request_id_553955683: RequestId;
                                    model_input_553955684: VecherinkaArtifact_553955664;
                                    model_working_dir_553955685: Path) {.nimcall.} =
    let model_typed_input_553955686 = block:
      let artifact_553955688 = model_input_553955684
      const
        loc`gensym1889 = (filename: "/Users/alex/areas/productive/orchestration/src/vecherinka_comptime.nim",
          line: 1934, column: 6)
        ploc`gensym1889 = "/Users/alex/areas/productive/orchestration/src/vecherinka_comptime.nim(1934, 7)"
      bind instantiationInfo
      mixin failedAssertImpl
      {.line: (filename: "/Users/alex/areas/productive/orchestration/src/vecherinka_comptime.nim",
               line: 1934, column: 6).}:
        if not (artifact_553955688.kind == vak_0):
          failedAssertImpl("/Users/alex/areas/productive/orchestration/src/vecherinka_comptime.nim(1934, 7) `artifact_553955688.kind == vak_0` ")
      artifact_553955688.value_0
    try:
      let model_materialized_input_553955687 = proc (
          materializer_input_553955689: Stage7Item;
          materializer_runtime_dir_553955690, materializer_artifact_dir_553955691: Path;
          materializer_initial_instructions_553955692: string): string {.nimcall.} = result =
        var materialized_instructions_553955693 = materializer_initial_instructions_553955692
        var materialized_names_553955694: seq[string] = @[]
        add(materialized_instructions_553955693,
            "input.marker: string = " & $materializer_input_553955689.marker & "\n")
        materialized_instructions_553955693(model_typed_input_553955686,
          model_context_553955682.runtime_dir, model_working_dir_553955685, "")
      let model_output_contract_553955699 = schemaOf(T)
      let model_output_schema_553955700 = toJsonSchema(model_output_contract_553955699)
      let model_materializer_553955701 = proc (model_output_kind_553955669: int;
          model_output_553955670: LlmOutput): ModelMaterialization[
          VecherinkaArtifact_553955664] {.nimcall, noinit.} = case model_output_kind_553955669
      of 1:
        let model_output_contract_553955671 = schemaOf(T)
        let model_parsed_output_553955672 = tryParse(model_output_contract_553955671,
            model_output_553955670.arguments)
        if not model_parsed_output_553955672.ok:
          return ModelMaterialization[VecherinkaArtifact_553955664](ok: false, error: "invalid finish_work result (" &
              $len(model_parsed_output_553955672.issues) &
              " schema issues)")
        var location_errors_553955677 = ""
        if (
          not (len(location_errors_553955677) == 0)):
          return ModelMaterialization[VecherinkaArtifact_553955664](ok: false,
              error: "invalid finish_work locations: " & location_errors_553955677)
        return ModelMaterialization[VecherinkaArtifact_553955664](ok: true, value: VecherinkaArtifact_553955664(
            kind: vak_1, value_1: model_parsed_output_553955672.value))
      else:
        return ModelMaterialization[VecherinkaArtifact_553955664](ok: false,
            error: "unexpected model output kind")
      let model_tool_data_553955702 = register_llm_tool_binding(
          cast[pointer](model_context_553955682), model_request_id_553955683, 1,
          cast[pointer](model_materializer_553955701))
      var model_tools_553955703: DynamicToolRegistry = @[]
      register_dynamic_tool(model_tools_553955703, "finish_work", default_agent_prompt_templates.finish_work_description,
                            model_output_schema_553955700, model_tool_data_553955702, proc (
          tool_data`gensym1861: pointer;
          tool_context`gensym1861: ToolCallContext) {.nimcall, gcsafe.} = {.
          cast(gcsafe).}:
        let binding`gensym1861 = lookup_llm_tool_binding(tool_data`gensym1861)
        if isNone(binding`gensym1861):
          return
        let data`gensym1861 = get(binding`gensym1861)
        enqueue_llm_output_event(cast[RuntimeContext[VecherinkaArtifact_553955664]](data`gensym1861.context),
                                 data`gensym1861.request_id,
                                 data`gensym1861.output_kind, cast[ModelMaterializer[
            VecherinkaArtifact_553955664]](data`gensym1861.materializer),
                                 data`gensym1861.id, tool_context`gensym1861))
      let llm_spec_553955708 = LlmCallSpec[VecherinkaArtifact_553955664](
          profile: profile,
          prompt: "Copy marker exactly into result. Do not create files.",
          prompt_templates: default_agent_prompt_templates,
          materialized_input: model_materialized_input_553955687,
          runtime_dir: model_context_553955682.runtime_dir,
          working_dir: model_working_dir_553955685, tools: model_tools_553955703,
          output_kind: 1, materialize: model_materializer_553955701)
      submit_llm(model_context_553955682, model_request_id_553955683, llm_spec_553955708)
    except CatchableError as error`gensym1864:
      let event`gensym1864 = RuntimeEvent[VecherinkaArtifact_553955664](
          kind: rev_model_error, request_id: model_request_id_553955683,
          error_message: error`gensym1864.msg)
      enqueue_runtime_event(model_context_553955682, event`gensym1864))), Flow[
      VecherinkaArtifact_553955664](kind: fk_top, root: "lift_entry",
                                    entry: true, body: Flow[VecherinkaArtifact_553955664](
      kind: fk_lift,
      inner: Flow[VecherinkaArtifact_553955664](kind: fk_ref, name: "map_item"), destructure: proc (
      lift_destructure_input_553955715: VecherinkaArtifact_553955664): seq[
      tuple[result_index: int, input: VecherinkaArtifact_553955664]] {.nimcall.} =
    let lift_original_553955716 = block:
      let artifact_553955718 = lift_destructure_input_553955715
      const
        loc`gensym1918 = (filename: "/Users/alex/areas/productive/orchestration/src/vecherinka_comptime.nim",
          line: 1934, column: 6)
        ploc`gensym1918 = "/Users/alex/areas/productive/orchestration/src/vecherinka_comptime.nim(1934, 7)"
      bind instantiationInfo
      mixin failedAssertImpl
      {.line: (filename: "/Users/alex/areas/productive/orchestration/src/vecherinka_comptime.nim",
               line: 1934, column: 6).}:
        if not (artifact_553955718.kind == vak_2):
          failedAssertImpl("/Users/alex/areas/productive/orchestration/src/vecherinka_comptime.nim(1934, 7) `artifact_553955718.kind == vak_2` ")
      artifact_553955718.value_2
    var lift_next_index_553955717 = 0
    for item_553955727 in items(lift_original_553955716):
      let result_index_553955728 = lift_next_index_553955717
      inc lift_next_index_553955717, 1
      add(result, (result_index: result_index_553955728,
                   input: VecherinkaArtifact_553955664(kind: vak_0,
          value_0: item_553955727))), construct: proc (
      lift_results_553955729: seq[VecherinkaArtifact_553955664];
      lift_construct_input_553955730: VecherinkaArtifact_553955664): VecherinkaArtifact_553955664 {.
      nimcall.} = result =
    let lift_original_input_553955731 = block:
      let artifact_553955733 = lift_construct_input_553955730
      const
        loc`gensym1923 = (filename: "/Users/alex/areas/productive/orchestration/src/vecherinka_comptime.nim",
          line: 1934, column: 6)
        ploc`gensym1923 = "/Users/alex/areas/productive/orchestration/src/vecherinka_comptime.nim(1934, 7)"
      bind instantiationInfo
      mixin failedAssertImpl
      {.line: (filename: "/Users/alex/areas/productive/orchestration/src/vecherinka_comptime.nim",
               line: 1934, column: 6).}:
        if not (artifact_553955733.kind == vak_2):
          failedAssertImpl("/Users/alex/areas/productive/orchestration/src/vecherinka_comptime.nim(1934, 7) `artifact_553955733.kind == vak_2` ")
      artifact_553955733.value_2
    var lift_next_index_553955732 = 0
    VecherinkaArtifact_553955664(kind: vak_3, value_3: block:
      var output_553955744: seq[Stage7Result]
      for item_553955743 in items(lift_original_input_553955731):
        add(output_553955744) do:
          let result_index_553955745 = lift_next_index_553955732
          inc lift_next_index_553955732, 1
          block:
            let artifact_553955746 = lift_results_553955729[result_index_553955745]
            const
              loc`gensym1925 = (filename: "/Users/alex/areas/productive/orchestration/src/vecherinka_comptime.nim",
                line: 1934, column: 6)
              ploc`gensym1925 = "/Users/alex/areas/productive/orchestration/src/vecherinka_comptime.nim(1934, 7)"
            bind instantiationInfo
            mixin failedAssertImpl
            {.line: (filename: "/Users/alex/areas/productive/orchestration/src/vecherinka_comptime.nim",
                     line: 1934, column: 6).}:
              if not (artifact_553955746.kind == vak_1):
                failedAssertImpl("/Users/alex/areas/productive/orchestration/src/vecherinka_comptime.nim(1934, 7) `artifact_553955746.kind == vak_1` ")
            artifact_553955746.value_1
      output_553955744)))]
  let input_artifact_553955763 = VecherinkaArtifact_553955664(kind: vak_2,
      value_2: input_553955759)
  let work_plan_553955764 = execute_flows(data_553955762, input_artifact_553955763,
      nil, transport_553955760, nil, logger_553955761)
  if isNone(work_plan_553955764.output):
    if isSome(work_plan_553955764.failure_message):
      raise
        (ref ValueError)(msg: get(work_plan_553955764.failure_message),
                         parent: nil)
    raise
      (ref ValueError)(msg: "vecherinka execution completed without output",
                       parent: nil)
  return block:
    let artifact_553955765 = lookup_artifact(work_plan_553955764.context,
        get(work_plan_553955764.output)).data
    const
      loc`gensym2086 = (filename: "/Users/alex/areas/productive/orchestration/src/vecherinka_comptime.nim",
        line: 1934, column: 6)
      ploc`gensym2086 = "/Users/alex/areas/productive/orchestration/src/vecherinka_comptime.nim(1934, 7)"
    bind instantiationInfo
    mixin failedAssertImpl
    {.line: (filename: "/Users/alex/areas/productive/orchestration/src/vecherinka_comptime.nim",
             line: 1934, column: 6).}:
      if not (artifact_553955765.kind == vak_3):
        failedAssertImpl("/Users/alex/areas/productive/orchestration/src/vecherinka_comptime.nim(1934, 7) `artifact_553955765.kind == vak_3` ")
    artifact_553955765.value_3

lift_pattern nodes=2 here_count=1
  Option
    here

type
  VecherinkaArtifactKind_553994007 = enum
    vak_0, vak_1, vak_2, vak_3
  VecherinkaArtifact_553994008 = object
    case kind: VecherinkaArtifactKind_553994007
    of vak_0:
      value_0: Stage8Item
    of vak_1:
      value_1: Stage8Result
    of vak_2:
      value_2: Option[Stage8Item]
    of vak_3:
      value_3: Option[Stage8Result]
proc solve_stage_8_option(input_553994068: Option[Stage8Item]; transport_553994069: LlmTransport[
    VecherinkaArtifact_553994008] = nil; logger_553994070: StructuredLogger = nil): Option[
    Stage8Result] =
  let data_553994071: seq[Flow[VecherinkaArtifact_553994008]] = @[Flow[
      VecherinkaArtifact_553994008](kind: fk_top, root: "map_option",
                                    entry: false, body: Flow[VecherinkaArtifact_553994008](
      kind: fk_model, submit: proc (model_context_553994026: RuntimeContext[
      VecherinkaArtifact_553994008]; model_request_id_553994027: RequestId;
                                    model_input_553994028: VecherinkaArtifact_553994008;
                                    model_working_dir_553994029: Path) {.nimcall.} =
    let model_typed_input_553994030 = block:
      let artifact_553994032 = model_input_553994028
      const
        loc`gensym2132 = (filename: "/Users/alex/areas/productive/orchestration/src/vecherinka_comptime.nim",
          line: 1934, column: 6)
        ploc`gensym2132 = "/Users/alex/areas/productive/orchestration/src/vecherinka_comptime.nim(1934, 7)"
      bind instantiationInfo
      mixin failedAssertImpl
      {.line: (filename: "/Users/alex/areas/productive/orchestration/src/vecherinka_comptime.nim",
               line: 1934, column: 6).}:
        if not (artifact_553994032.kind == vak_0):
          failedAssertImpl("/Users/alex/areas/productive/orchestration/src/vecherinka_comptime.nim(1934, 7) `artifact_553994032.kind == vak_0` ")
      artifact_553994032.value_0
    try:
      let model_materialized_input_553994031 = proc (
          materializer_input_553994033: Stage8Item;
          materializer_runtime_dir_553994034, materializer_artifact_dir_553994035: Path;
          materializer_initial_instructions_553994036: string): string {.nimcall.} = result =
        var materialized_instructions_553994037 = materializer_initial_instructions_553994036
        var materialized_names_553994038: seq[string] = @[]
        add(materialized_instructions_553994037,
            "input.marker: string = " & $materializer_input_553994033.marker & "\n")
        materialized_instructions_553994037(model_typed_input_553994030,
          model_context_553994026.runtime_dir, model_working_dir_553994029, "")
      let model_output_contract_553994043 = schemaOf(T)
      let model_output_schema_553994044 = toJsonSchema(model_output_contract_553994043)
      let model_materializer_553994045 = proc (model_output_kind_553994013: int;
          model_output_553994014: LlmOutput): ModelMaterialization[
          VecherinkaArtifact_553994008] {.nimcall, noinit.} = case model_output_kind_553994013
      of 1:
        let model_output_contract_553994015 = schemaOf(T)
        let model_parsed_output_553994016 = tryParse(model_output_contract_553994015,
            model_output_553994014.arguments)
        if not model_parsed_output_553994016.ok:
          return ModelMaterialization[VecherinkaArtifact_553994008](ok: false, error: "invalid finish_work result (" &
              $len(model_parsed_output_553994016.issues) &
              " schema issues)")
        var location_errors_553994021 = ""
        if (
          not (len(location_errors_553994021) == 0)):
          return ModelMaterialization[VecherinkaArtifact_553994008](ok: false,
              error: "invalid finish_work locations: " & location_errors_553994021)
        return ModelMaterialization[VecherinkaArtifact_553994008](ok: true, value: VecherinkaArtifact_553994008(
            kind: vak_1, value_1: model_parsed_output_553994016.value))
      else:
        return ModelMaterialization[VecherinkaArtifact_553994008](ok: false,
            error: "unexpected model output kind")
      let model_tool_data_553994046 = register_llm_tool_binding(
          cast[pointer](model_context_553994026), model_request_id_553994027, 1,
          cast[pointer](model_materializer_553994045))
      var model_tools_553994047: DynamicToolRegistry = @[]
      register_dynamic_tool(model_tools_553994047, "finish_work", default_agent_prompt_templates.finish_work_description,
                            model_output_schema_553994044, model_tool_data_553994046, proc (
          tool_data`gensym2104: pointer;
          tool_context`gensym2104: ToolCallContext) {.nimcall, gcsafe.} = {.
          cast(gcsafe).}:
        let binding`gensym2104 = lookup_llm_tool_binding(tool_data`gensym2104)
        if isNone(binding`gensym2104):
          return
        let data`gensym2104 = get(binding`gensym2104)
        enqueue_llm_output_event(cast[RuntimeContext[VecherinkaArtifact_553994008]](data`gensym2104.context),
                                 data`gensym2104.request_id,
                                 data`gensym2104.output_kind, cast[ModelMaterializer[
            VecherinkaArtifact_553994008]](data`gensym2104.materializer),
                                 data`gensym2104.id, tool_context`gensym2104))
      let llm_spec_553994052 = LlmCallSpec[VecherinkaArtifact_553994008](
          profile: profile,
          prompt: "Copy marker exactly into result. Do not create files.",
          prompt_templates: default_agent_prompt_templates,
          materialized_input: model_materialized_input_553994031,
          runtime_dir: model_context_553994026.runtime_dir,
          working_dir: model_working_dir_553994029, tools: model_tools_553994047,
          output_kind: 1, materialize: model_materializer_553994045)
      submit_llm(model_context_553994026, model_request_id_553994027, llm_spec_553994052)
    except CatchableError as error`gensym2107:
      let event`gensym2107 = RuntimeEvent[VecherinkaArtifact_553994008](
          kind: rev_model_error, request_id: model_request_id_553994027,
          error_message: error`gensym2107.msg)
      enqueue_runtime_event(model_context_553994026, event`gensym2107))), Flow[
      VecherinkaArtifact_553994008](kind: fk_top, root: "option_entry",
                                    entry: true, body: Flow[VecherinkaArtifact_553994008](
      kind: fk_lift,
      inner: Flow[VecherinkaArtifact_553994008](kind: fk_ref, name: "map_option"), destructure: proc (
      lift_destructure_input_553994055: VecherinkaArtifact_553994008): seq[
      tuple[result_index: int, input: VecherinkaArtifact_553994008]] {.nimcall.} =
    let lift_original_553994056 = block:
      let artifact_553994058 = lift_destructure_input_553994055
      const
        loc`gensym2157 = (filename: "/Users/alex/areas/productive/orchestration/src/vecherinka_comptime.nim",
          line: 1934, column: 6)
        ploc`gensym2157 = "/Users/alex/areas/productive/orchestration/src/vecherinka_comptime.nim(1934, 7)"
      bind instantiationInfo
      mixin failedAssertImpl
      {.line: (filename: "/Users/alex/areas/productive/orchestration/src/vecherinka_comptime.nim",
               line: 1934, column: 6).}:
        if not (artifact_553994058.kind == vak_2):
          failedAssertImpl("/Users/alex/areas/productive/orchestration/src/vecherinka_comptime.nim(1934, 7) `artifact_553994058.kind == vak_2` ")
      artifact_553994058.value_2
    var lift_next_index_553994057 = 0
    if isSome(lift_original_553994056):
      let some_value_553994059 = get(lift_original_553994056)
      let result_index_553994060 = lift_next_index_553994057
      inc lift_next_index_553994057, 1
      add(result, (result_index: result_index_553994060,
                   input: VecherinkaArtifact_553994008(kind: vak_0,
          value_0: some_value_553994059))), construct: proc (
      lift_results_553994061: seq[VecherinkaArtifact_553994008];
      lift_construct_input_553994062: VecherinkaArtifact_553994008): VecherinkaArtifact_553994008 {.
      nimcall.} = result =
    let lift_original_input_553994063 = block:
      let artifact_553994065 = lift_construct_input_553994062
      const
        loc`gensym2161 = (filename: "/Users/alex/areas/productive/orchestration/src/vecherinka_comptime.nim",
          line: 1934, column: 6)
        ploc`gensym2161 = "/Users/alex/areas/productive/orchestration/src/vecherinka_comptime.nim(1934, 7)"
      bind instantiationInfo
      mixin failedAssertImpl
      {.line: (filename: "/Users/alex/areas/productive/orchestration/src/vecherinka_comptime.nim",
               line: 1934, column: 6).}:
        if not (artifact_553994065.kind == vak_2):
          failedAssertImpl("/Users/alex/areas/productive/orchestration/src/vecherinka_comptime.nim(1934, 7) `artifact_553994065.kind == vak_2` ")
      artifact_553994065.value_2
    var lift_next_index_553994064 = 0
    VecherinkaArtifact_553994008(kind: vak_3, value_3: if isSome(
        lift_original_input_553994063): some do:
      let result_index_553994066 = lift_next_index_553994064
      inc lift_next_index_553994064, 1
      block:
        let artifact_553994067 = lift_results_553994061[result_index_553994066]
        const
          loc`gensym2163 = (filename: "/Users/alex/areas/productive/orchestration/src/vecherinka_comptime.nim",
            line: 1934, column: 6)
          ploc`gensym2163 = "/Users/alex/areas/productive/orchestration/src/vecherinka_comptime.nim(1934, 7)"
        bind instantiationInfo
        mixin failedAssertImpl
        {.line: (filename: "/Users/alex/areas/productive/orchestration/src/vecherinka_comptime.nim",
                 line: 1934, column: 6).}:
          if not (artifact_553994067.kind == vak_1):
            failedAssertImpl("/Users/alex/areas/productive/orchestration/src/vecherinka_comptime.nim(1934, 7) `artifact_553994067.kind == vak_1` ")
        artifact_553994067.value_1 else: none())))]
  let input_artifact_553994072 = VecherinkaArtifact_553994008(kind: vak_2,
      value_2: input_553994068)
  let work_plan_553994073 = execute_flows(data_553994071, input_artifact_553994072,
      nil, transport_553994069, nil, logger_553994070)
  if isNone(work_plan_553994073.output):
    if isSome(work_plan_553994073.failure_message):
      raise
        (ref ValueError)(msg: get(work_plan_553994073.failure_message),
                         parent: nil)
    raise
      (ref ValueError)(msg: "vecherinka execution completed without output",
                       parent: nil)
  return block:
    let artifact_553994074 = lookup_artifact(work_plan_553994073.context,
        get(work_plan_553994073.output)).data
    const
      loc`gensym2323 = (filename: "/Users/alex/areas/productive/orchestration/src/vecherinka_comptime.nim",
        line: 1934, column: 6)
      ploc`gensym2323 = "/Users/alex/areas/productive/orchestration/src/vecherinka_comptime.nim(1934, 7)"
    bind instantiationInfo
    mixin failedAssertImpl
    {.line: (filename: "/Users/alex/areas/productive/orchestration/src/vecherinka_comptime.nim",
             line: 1934, column: 6).}:
      if not (artifact_553994074.kind == vak_3):
        failedAssertImpl("/Users/alex/areas/productive/orchestration/src/vecherinka_comptime.nim(1934, 7) `artifact_553994074.kind == vak_3` ")
    artifact_553994074.value_3

lift_pattern nodes=3 here_count=1
  tuple
    [0]
      type Stage8Context
    [1]
      here

type
  VecherinkaArtifactKind_554032093 = enum
    vak_0, vak_1, vak_2, vak_3
  VecherinkaArtifact_554032094 = object
    case kind: VecherinkaArtifactKind_554032093
    of vak_0:
      value_0: Stage8Item
    of vak_1:
      value_1: Stage8Result
    of vak_2:
      value_2: (Stage8Context, Stage8Item)
    of vak_3:
      value_3: (Stage8Context, Stage8Result)
proc solve_stage_8_tuple(input_554032153: (Stage8Context, Stage8Item);
                         transport_554032154: LlmTransport[VecherinkaArtifact_554032094] = nil;
                         logger_554032155: StructuredLogger = nil): (
    Stage8Context, Stage8Result) =
  let data_554032156: seq[Flow[VecherinkaArtifact_554032094]] = @[Flow[
      VecherinkaArtifact_554032094](kind: fk_top, root: "map_tuple",
                                    entry: false, body: Flow[VecherinkaArtifact_554032094](
      kind: fk_model, submit: proc (model_context_554032112: RuntimeContext[
      VecherinkaArtifact_554032094]; model_request_id_554032113: RequestId;
                                    model_input_554032114: VecherinkaArtifact_554032094;
                                    model_working_dir_554032115: Path) {.nimcall.} =
    let model_typed_input_554032116 = block:
      let artifact_554032118 = model_input_554032114
      const
        loc`gensym2368 = (filename: "/Users/alex/areas/productive/orchestration/src/vecherinka_comptime.nim",
          line: 1934, column: 6)
        ploc`gensym2368 = "/Users/alex/areas/productive/orchestration/src/vecherinka_comptime.nim(1934, 7)"
      bind instantiationInfo
      mixin failedAssertImpl
      {.line: (filename: "/Users/alex/areas/productive/orchestration/src/vecherinka_comptime.nim",
               line: 1934, column: 6).}:
        if not (artifact_554032118.kind == vak_0):
          failedAssertImpl("/Users/alex/areas/productive/orchestration/src/vecherinka_comptime.nim(1934, 7) `artifact_554032118.kind == vak_0` ")
      artifact_554032118.value_0
    try:
      let model_materialized_input_554032117 = proc (
          materializer_input_554032119: Stage8Item;
          materializer_runtime_dir_554032120, materializer_artifact_dir_554032121: Path;
          materializer_initial_instructions_554032122: string): string {.nimcall.} = result =
        var materialized_instructions_554032123 = materializer_initial_instructions_554032122
        var materialized_names_554032124: seq[string] = @[]
        add(materialized_instructions_554032123,
            "input.marker: string = " & $materializer_input_554032119.marker & "\n")
        materialized_instructions_554032123(model_typed_input_554032116,
          model_context_554032112.runtime_dir, model_working_dir_554032115, "")
      let model_output_contract_554032129 = schemaOf(T)
      let model_output_schema_554032130 = toJsonSchema(model_output_contract_554032129)
      let model_materializer_554032131 = proc (model_output_kind_554032099: int;
          model_output_554032100: LlmOutput): ModelMaterialization[
          VecherinkaArtifact_554032094] {.nimcall, noinit.} = case model_output_kind_554032099
      of 1:
        let model_output_contract_554032101 = schemaOf(T)
        let model_parsed_output_554032102 = tryParse(model_output_contract_554032101,
            model_output_554032100.arguments)
        if not model_parsed_output_554032102.ok:
          return ModelMaterialization[VecherinkaArtifact_554032094](ok: false, error: "invalid finish_work result (" &
              $len(model_parsed_output_554032102.issues) &
              " schema issues)")
        var location_errors_554032107 = ""
        if (
          not (len(location_errors_554032107) == 0)):
          return ModelMaterialization[VecherinkaArtifact_554032094](ok: false,
              error: "invalid finish_work locations: " & location_errors_554032107)
        return ModelMaterialization[VecherinkaArtifact_554032094](ok: true, value: VecherinkaArtifact_554032094(
            kind: vak_1, value_1: model_parsed_output_554032102.value))
      else:
        return ModelMaterialization[VecherinkaArtifact_554032094](ok: false,
            error: "unexpected model output kind")
      let model_tool_data_554032132 = register_llm_tool_binding(
          cast[pointer](model_context_554032112), model_request_id_554032113, 1,
          cast[pointer](model_materializer_554032131))
      var model_tools_554032133: DynamicToolRegistry = @[]
      register_dynamic_tool(model_tools_554032133, "finish_work", default_agent_prompt_templates.finish_work_description,
                            model_output_schema_554032130, model_tool_data_554032132, proc (
          tool_data`gensym2341: pointer;
          tool_context`gensym2341: ToolCallContext) {.nimcall, gcsafe.} = {.
          cast(gcsafe).}:
        let binding`gensym2341 = lookup_llm_tool_binding(tool_data`gensym2341)
        if isNone(binding`gensym2341):
          return
        let data`gensym2341 = get(binding`gensym2341)
        enqueue_llm_output_event(cast[RuntimeContext[VecherinkaArtifact_554032094]](data`gensym2341.context),
                                 data`gensym2341.request_id,
                                 data`gensym2341.output_kind, cast[ModelMaterializer[
            VecherinkaArtifact_554032094]](data`gensym2341.materializer),
                                 data`gensym2341.id, tool_context`gensym2341))
      let llm_spec_554032138 = LlmCallSpec[VecherinkaArtifact_554032094](
          profile: profile,
          prompt: "Copy marker exactly into result. Do not create files.",
          prompt_templates: default_agent_prompt_templates,
          materialized_input: model_materialized_input_554032117,
          runtime_dir: model_context_554032112.runtime_dir,
          working_dir: model_working_dir_554032115, tools: model_tools_554032133,
          output_kind: 1, materialize: model_materializer_554032131)
      submit_llm(model_context_554032112, model_request_id_554032113, llm_spec_554032138)
    except CatchableError as error`gensym2344:
      let event`gensym2344 = RuntimeEvent[VecherinkaArtifact_554032094](
          kind: rev_model_error, request_id: model_request_id_554032113,
          error_message: error`gensym2344.msg)
      enqueue_runtime_event(model_context_554032112, event`gensym2344))), Flow[
      VecherinkaArtifact_554032094](kind: fk_top, root: "tuple_entry",
                                    entry: true, body: Flow[VecherinkaArtifact_554032094](
      kind: fk_lift,
      inner: Flow[VecherinkaArtifact_554032094](kind: fk_ref, name: "map_tuple"), destructure: proc (
      lift_destructure_input_554032141: VecherinkaArtifact_554032094): seq[
      tuple[result_index: int, input: VecherinkaArtifact_554032094]] {.nimcall.} =
    let lift_original_554032142 = block:
      let artifact_554032144 = lift_destructure_input_554032141
      const
        loc`gensym2393 = (filename: "/Users/alex/areas/productive/orchestration/src/vecherinka_comptime.nim",
          line: 1934, column: 6)
        ploc`gensym2393 = "/Users/alex/areas/productive/orchestration/src/vecherinka_comptime.nim(1934, 7)"
      bind instantiationInfo
      mixin failedAssertImpl
      {.line: (filename: "/Users/alex/areas/productive/orchestration/src/vecherinka_comptime.nim",
               line: 1934, column: 6).}:
        if not (artifact_554032144.kind == vak_2):
          failedAssertImpl("/Users/alex/areas/productive/orchestration/src/vecherinka_comptime.nim(1934, 7) `artifact_554032144.kind == vak_2` ")
      artifact_554032144.value_2
    var lift_next_index_554032143 = 0
    discard
    let result_index_554032145 = lift_next_index_554032143
    inc lift_next_index_554032143, 1
    add(result, (result_index: result_index_554032145, input: VecherinkaArtifact_554032094(
        kind: vak_0, value_0: lift_original_554032142[1]))), construct: proc (
      lift_results_554032146: seq[VecherinkaArtifact_554032094];
      lift_construct_input_554032147: VecherinkaArtifact_554032094): VecherinkaArtifact_554032094 {.
      nimcall.} = result =
    let lift_original_input_554032148 = block:
      let artifact_554032150 = lift_construct_input_554032147
      const
        loc`gensym2396 = (filename: "/Users/alex/areas/productive/orchestration/src/vecherinka_comptime.nim",
          line: 1934, column: 6)
        ploc`gensym2396 = "/Users/alex/areas/productive/orchestration/src/vecherinka_comptime.nim(1934, 7)"
      bind instantiationInfo
      mixin failedAssertImpl
      {.line: (filename: "/Users/alex/areas/productive/orchestration/src/vecherinka_comptime.nim",
               line: 1934, column: 6).}:
        if not (artifact_554032150.kind == vak_2):
          failedAssertImpl("/Users/alex/areas/productive/orchestration/src/vecherinka_comptime.nim(1934, 7) `artifact_554032150.kind == vak_2` ")
      artifact_554032150.value_2
    var lift_next_index_554032149 = 0
    VecherinkaArtifact_554032094(kind: vak_3, value_3: (lift_original_input_554032148[
        0],
      let result_index_554032151 = lift_next_index_554032149
      inc lift_next_index_554032149, 1
      block:
        let artifact_554032152 = lift_results_554032146[result_index_554032151]
        const
          loc`gensym2398 = (filename: "/Users/alex/areas/productive/orchestration/src/vecherinka_comptime.nim",
            line: 1934, column: 6)
          ploc`gensym2398 = "/Users/alex/areas/productive/orchestration/src/vecherinka_comptime.nim(1934, 7)"
        bind instantiationInfo
        mixin failedAssertImpl
        {.line: (filename: "/Users/alex/areas/productive/orchestration/src/vecherinka_comptime.nim",
                 line: 1934, column: 6).}:
          if not (artifact_554032152.kind == vak_1):
            failedAssertImpl("/Users/alex/areas/productive/orchestration/src/vecherinka_comptime.nim(1934, 7) `artifact_554032152.kind == vak_1` ")
        artifact_554032152.value_1))))]
  let input_artifact_554032157 = VecherinkaArtifact_554032094(kind: vak_2,
      value_2: input_554032153)
  let work_plan_554032158 = execute_flows(data_554032156, input_artifact_554032157,
      nil, transport_554032154, nil, logger_554032155)
  if isNone(work_plan_554032158.output):
    if isSome(work_plan_554032158.failure_message):
      raise
        (ref ValueError)(msg: get(work_plan_554032158.failure_message),
                         parent: nil)
    raise
      (ref ValueError)(msg: "vecherinka execution completed without output",
                       parent: nil)
  return block:
    let artifact_554032159 = lookup_artifact(work_plan_554032158.context,
        get(work_plan_554032158.output)).data
    const
      loc`gensym2558 = (filename: "/Users/alex/areas/productive/orchestration/src/vecherinka_comptime.nim",
        line: 1934, column: 6)
      ploc`gensym2558 = "/Users/alex/areas/productive/orchestration/src/vecherinka_comptime.nim(1934, 7)"
    bind instantiationInfo
    mixin failedAssertImpl
    {.line: (filename: "/Users/alex/areas/productive/orchestration/src/vecherinka_comptime.nim",
             line: 1934, column: 6).}:
      if not (artifact_554032159.kind == vak_3):
        failedAssertImpl("/Users/alex/areas/productive/orchestration/src/vecherinka_comptime.nim(1934, 7) `artifact_554032159.kind == vak_3` ")
    artifact_554032159.value_3

lift_pattern nodes=2 here_count=1
  object Stage8Container
    item:
      here

type
  VecherinkaArtifactKind_554069958 = enum
    vak_0, vak_1
  VecherinkaArtifact_554069959 = object
    case kind: VecherinkaArtifactKind_554069958
    of vak_0:
      value_0: Stage8Item
    of vak_1:
      value_1: Stage8Container
proc solve_stage_8_object(input_554070027: Stage8Container; transport_554070028: LlmTransport[
    VecherinkaArtifact_554069959] = nil; logger_554070029: StructuredLogger = nil): Stage8Container =
  let data_554070030: seq[Flow[VecherinkaArtifact_554069959]] = @[Flow[
      VecherinkaArtifact_554069959](kind: fk_top, root: "map_object",
                                    entry: false, body: Flow[VecherinkaArtifact_554069959](
      kind: fk_model, submit: proc (model_context_554069977: RuntimeContext[
      VecherinkaArtifact_554069959]; model_request_id_554069978: RequestId;
                                    model_input_554069979: VecherinkaArtifact_554069959;
                                    model_working_dir_554069980: Path) {.nimcall.} =
    let model_typed_input_554069981 = block:
      let artifact_554069983 = model_input_554069979
      const
        loc`gensym2604 = (filename: "/Users/alex/areas/productive/orchestration/src/vecherinka_comptime.nim",
          line: 1934, column: 6)
        ploc`gensym2604 = "/Users/alex/areas/productive/orchestration/src/vecherinka_comptime.nim(1934, 7)"
      bind instantiationInfo
      mixin failedAssertImpl
      {.line: (filename: "/Users/alex/areas/productive/orchestration/src/vecherinka_comptime.nim",
               line: 1934, column: 6).}:
        if not (artifact_554069983.kind == vak_0):
          failedAssertImpl("/Users/alex/areas/productive/orchestration/src/vecherinka_comptime.nim(1934, 7) `artifact_554069983.kind == vak_0` ")
      artifact_554069983.value_0
    try:
      let model_materialized_input_554069982 = proc (
          materializer_input_554069984: Stage8Item;
          materializer_runtime_dir_554069985, materializer_artifact_dir_554069986: Path;
          materializer_initial_instructions_554069987: string): string {.nimcall.} = result =
        var materialized_instructions_554069988 = materializer_initial_instructions_554069987
        var materialized_names_554069989: seq[string] = @[]
        add(materialized_instructions_554069988,
            "input.marker: string = " & $materializer_input_554069984.marker & "\n")
        materialized_instructions_554069988(model_typed_input_554069981,
          model_context_554069977.runtime_dir, model_working_dir_554069980, "")
      let model_output_contract_554069994 = schemaOf(T)
      let model_output_schema_554069995 = toJsonSchema(model_output_contract_554069994)
      let model_materializer_554069996 = proc (model_output_kind_554069964: int;
          model_output_554069965: LlmOutput): ModelMaterialization[
          VecherinkaArtifact_554069959] {.nimcall, noinit.} = case model_output_kind_554069964
      of 0:
        let model_output_contract_554069966 = schemaOf(T)
        let model_parsed_output_554069967 = tryParse(model_output_contract_554069966,
            model_output_554069965.arguments)
        if not model_parsed_output_554069967.ok:
          return ModelMaterialization[VecherinkaArtifact_554069959](ok: false, error: "invalid finish_work result (" &
              $len(model_parsed_output_554069967.issues) &
              " schema issues)")
        var location_errors_554069972 = ""
        if (
          not (len(location_errors_554069972) == 0)):
          return ModelMaterialization[VecherinkaArtifact_554069959](ok: false,
              error: "invalid finish_work locations: " & location_errors_554069972)
        return ModelMaterialization[VecherinkaArtifact_554069959](ok: true, value: VecherinkaArtifact_554069959(
            kind: vak_0, value_0: model_parsed_output_554069967.value))
      else:
        return ModelMaterialization[VecherinkaArtifact_554069959](ok: false,
            error: "unexpected model output kind")
      let model_tool_data_554069997 = register_llm_tool_binding(
          cast[pointer](model_context_554069977), model_request_id_554069978, 0,
          cast[pointer](model_materializer_554069996))
      var model_tools_554069998: DynamicToolRegistry = @[]
      register_dynamic_tool(model_tools_554069998, "finish_work", default_agent_prompt_templates.finish_work_description,
                            model_output_schema_554069995, model_tool_data_554069997, proc (
          tool_data`gensym2576: pointer;
          tool_context`gensym2576: ToolCallContext) {.nimcall, gcsafe.} = {.
          cast(gcsafe).}:
        let binding`gensym2576 = lookup_llm_tool_binding(tool_data`gensym2576)
        if isNone(binding`gensym2576):
          return
        let data`gensym2576 = get(binding`gensym2576)
        enqueue_llm_output_event(cast[RuntimeContext[VecherinkaArtifact_554069959]](data`gensym2576.context),
                                 data`gensym2576.request_id,
                                 data`gensym2576.output_kind, cast[ModelMaterializer[
            VecherinkaArtifact_554069959]](data`gensym2576.materializer),
                                 data`gensym2576.id, tool_context`gensym2576))
      let llm_spec_554070003 = LlmCallSpec[VecherinkaArtifact_554069959](
          profile: profile, prompt: "Prefix marker with processed: and put it into marker. Do not create files.",
          prompt_templates: default_agent_prompt_templates,
          materialized_input: model_materialized_input_554069982,
          runtime_dir: model_context_554069977.runtime_dir,
          working_dir: model_working_dir_554069980, tools: model_tools_554069998,
          output_kind: 0, materialize: model_materializer_554069996)
      submit_llm(model_context_554069977, model_request_id_554069978, llm_spec_554070003)
    except CatchableError as error`gensym2579:
      let event`gensym2579 = RuntimeEvent[VecherinkaArtifact_554069959](
          kind: rev_model_error, request_id: model_request_id_554069978,
          error_message: error`gensym2579.msg)
      enqueue_runtime_event(model_context_554069977, event`gensym2579))), Flow[
      VecherinkaArtifact_554069959](kind: fk_top, root: "object_entry",
                                    entry: true, body: Flow[VecherinkaArtifact_554069959](
      kind: fk_lift,
      inner: Flow[VecherinkaArtifact_554069959](kind: fk_ref, name: "map_object"), destructure: proc (
      lift_destructure_input_554070006: VecherinkaArtifact_554069959): seq[
      tuple[result_index: int, input: VecherinkaArtifact_554069959]] {.nimcall.} =
    let lift_original_554070007 = block:
      let artifact_554070009 = lift_destructure_input_554070006
      const
        loc`gensym2629 = (filename: "/Users/alex/areas/productive/orchestration/src/vecherinka_comptime.nim",
          line: 1934, column: 6)
        ploc`gensym2629 = "/Users/alex/areas/productive/orchestration/src/vecherinka_comptime.nim(1934, 7)"
      bind instantiationInfo
      mixin failedAssertImpl
      {.line: (filename: "/Users/alex/areas/productive/orchestration/src/vecherinka_comptime.nim",
               line: 1934, column: 6).}:
        if not (artifact_554070009.kind == vak_1):
          failedAssertImpl("/Users/alex/areas/productive/orchestration/src/vecherinka_comptime.nim(1934, 7) `artifact_554070009.kind == vak_1` ")
      artifact_554070009.value_1
    var lift_next_index_554070008 = 0
    let result_index_554070010 = lift_next_index_554070008
    inc lift_next_index_554070008, 1
    add(result, (result_index: result_index_554070010, input: VecherinkaArtifact_554069959(
        kind: vak_0, value_0: lift_original_554070007.item))), construct: proc (
      lift_results_554070011: seq[VecherinkaArtifact_554069959];
      lift_construct_input_554070012: VecherinkaArtifact_554069959): VecherinkaArtifact_554069959 {.
      nimcall.} = result =
    let lift_original_input_554070013 = block:
      let artifact_554070015 = lift_construct_input_554070012
      const
        loc`gensym2632 = (filename: "/Users/alex/areas/productive/orchestration/src/vecherinka_comptime.nim",
          line: 1934, column: 6)
        ploc`gensym2632 = "/Users/alex/areas/productive/orchestration/src/vecherinka_comptime.nim(1934, 7)"
      bind instantiationInfo
      mixin failedAssertImpl
      {.line: (filename: "/Users/alex/areas/productive/orchestration/src/vecherinka_comptime.nim",
               line: 1934, column: 6).}:
        if not (artifact_554070015.kind == vak_1):
          failedAssertImpl("/Users/alex/areas/productive/orchestration/src/vecherinka_comptime.nim(1934, 7) `artifact_554070015.kind == vak_1` ")
      artifact_554070015.value_1
    var lift_next_index_554070014 = 0
    VecherinkaArtifact_554069959(kind: vak_1, value_1:
      var output_554070016 = lift_original_input_554070013
      output_554070016.item =
        let result_index_554070025 = lift_next_index_554070014
        inc lift_next_index_554070014, 1
        block:
          let artifact_554070026 = lift_results_554070011[result_index_554070025]
          const
            loc`gensym2634 = (filename: "/Users/alex/areas/productive/orchestration/src/vecherinka_comptime.nim",
              line: 1934, column: 6)
            ploc`gensym2634 = "/Users/alex/areas/productive/orchestration/src/vecherinka_comptime.nim(1934, 7)"
          bind instantiationInfo
          mixin failedAssertImpl
          {.line: (filename: "/Users/alex/areas/productive/orchestration/src/vecherinka_comptime.nim",
                   line: 1934, column: 6).}:
            if not (artifact_554070026.kind == vak_0):
              failedAssertImpl("/Users/alex/areas/productive/orchestration/src/vecherinka_comptime.nim(1934, 7) `artifact_554070026.kind == vak_0` ")
          artifact_554070026.value_0
      output_554070016)))]
  let input_artifact_554070031 = VecherinkaArtifact_554069959(kind: vak_1,
      value_1: input_554070027)
  let work_plan_554070032 = execute_flows(data_554070030, input_artifact_554070031,
      nil, transport_554070028, nil, logger_554070029)
  if isNone(work_plan_554070032.output):
    if isSome(work_plan_554070032.failure_message):
      raise
        (ref ValueError)(msg: get(work_plan_554070032.failure_message),
                         parent: nil)
    raise
      (ref ValueError)(msg: "vecherinka execution completed without output",
                       parent: nil)
  return block:
    let artifact_554070033 = lookup_artifact(work_plan_554070032.context,
        get(work_plan_554070032.output)).data
    const
      loc`gensym2794 = (filename: "/Users/alex/areas/productive/orchestration/src/vecherinka_comptime.nim",
        line: 1934, column: 6)
      ploc`gensym2794 = "/Users/alex/areas/productive/orchestration/src/vecherinka_comptime.nim(1934, 7)"
    bind instantiationInfo
    mixin failedAssertImpl
    {.line: (filename: "/Users/alex/areas/productive/orchestration/src/vecherinka_comptime.nim",
             line: 1934, column: 6).}:
      if not (artifact_554070033.kind == vak_1):
        failedAssertImpl("/Users/alex/areas/productive/orchestration/src/vecherinka_comptime.nim(1934, 7) `artifact_554070033.kind == vak_1` ")
    artifact_554070033.value_1


type
  VecherinkaArtifactKind_554107844 = enum
    vak_0
  VecherinkaArtifact_554107845 = object
    case kind: VecherinkaArtifactKind_554107844
    of vak_0:
      value_0: Stage9Variant
proc solve_stage_9_variant(input_554107925: Stage9Variant; transport_554107926: LlmTransport[
    VecherinkaArtifact_554107845] = nil; logger_554107927: StructuredLogger = nil): Stage9Variant =
  let data_554107928: seq[Flow[VecherinkaArtifact_554107845]] = @[Flow[
      VecherinkaArtifact_554107845](kind: fk_top, root: "copy_variant",
                                    entry: true, body: Flow[VecherinkaArtifact_554107845](
      kind: fk_model, submit: proc (model_context_554107891: RuntimeContext[
      VecherinkaArtifact_554107845]; model_request_id_554107892: RequestId;
                                    model_input_554107893: VecherinkaArtifact_554107845;
                                    model_working_dir_554107894: Path) {.nimcall.} =
    let model_typed_input_554107895 = block:
      let artifact_554107897 = model_input_554107893
      const
        loc`gensym2825 = (filename: "/Users/alex/areas/productive/orchestration/src/vecherinka_comptime.nim",
          line: 1934, column: 6)
        ploc`gensym2825 = "/Users/alex/areas/productive/orchestration/src/vecherinka_comptime.nim(1934, 7)"
      bind instantiationInfo
      mixin failedAssertImpl
      {.line: (filename: "/Users/alex/areas/productive/orchestration/src/vecherinka_comptime.nim",
               line: 1934, column: 6).}:
        if not (artifact_554107897.kind == vak_0):
          failedAssertImpl("/Users/alex/areas/productive/orchestration/src/vecherinka_comptime.nim(1934, 7) `artifact_554107897.kind == vak_0` ")
      artifact_554107897.value_0
    try:
      let model_materialized_input_554107896 = proc (
          materializer_input_554107898: Stage9Variant;
          materializer_runtime_dir_554107899, materializer_artifact_dir_554107900: Path;
          materializer_initial_instructions_554107901: string): string {.nimcall.} = result =
        var materialized_instructions_554107902 = materializer_initial_instructions_554107901
        var materialized_names_554107903: seq[string] = @[]
        add(materialized_instructions_554107902,
            "input.common: string = " & $materializer_input_554107898.common & "\n")
        case materializer_input_554107898.kind
        of text_branch:
          add(materialized_instructions_554107902,
              "input.text: string = " & $materializer_input_554107898.text & "\n")
        of file_branch:
          let materialized_location_name_554107912 = copy_location_payload(
              materializer_runtime_dir_554107899, materializer_artifact_dir_554107900,
              cast[string](materializer_input_554107898.file),
              materialized_names_554107903)
          add(materialized_instructions_554107902, "input.file: location = " &
              cast[string](materializer_input_554107898.file) &
              " (materialized as " &
              materialized_location_name_554107912 &
              ")\n")
        materialized_instructions_554107902(model_typed_input_554107895,
          model_context_554107891.runtime_dir, model_working_dir_554107894, "")
      let model_output_contract_554107913 = Schema[T](node: Validator(
          kind: nkVariant, discName: "kind",
          common: @[FieldDef(name: "common", node: nodeOf())], branches: @[VariantBranch(
          discValue: "text_branch",
          fields: @[FieldDef(name: "text", node: nodeOf())]), VariantBranch(
          discValue: "file_branch",
          fields: @[FieldDef(name: "file", node: nodeOf())])],
          strictVariant: zeroDefault([type node])))
      let model_output_schema_554107914 = toJsonSchema(model_output_contract_554107913)
      let model_materializer_554107915 = proc (model_output_kind_554107869: int;
          model_output_554107870: LlmOutput): ModelMaterialization[
          VecherinkaArtifact_554107845] {.nimcall, noinit.} = case model_output_kind_554107869
      of 0:
        let model_output_contract_554107871 = Schema[T](node: Validator(
            kind: nkVariant, discName: "kind",
            common: @[FieldDef(name: "common", node: nodeOf())], branches: @[VariantBranch(
            discValue: "text_branch",
            fields: @[FieldDef(name: "text", node: nodeOf())]), VariantBranch(
            discValue: "file_branch",
            fields: @[FieldDef(name: "file", node: nodeOf())])],
            strictVariant: zeroDefault([type node])))
        let model_parsed_output_554107872 = tryParse(model_output_contract_554107871,
            model_output_554107870.arguments)
        if not model_parsed_output_554107872.ok:
          return ModelMaterialization[VecherinkaArtifact_554107845](ok: false, error: "invalid finish_work result (" &
              $len(model_parsed_output_554107872.issues) &
              " schema issues)")
        var location_errors_554107881 = ""
        case model_parsed_output_554107872.value.kind
        of text_branch:
        of file_branch:
          let location_verification_error_554107882 = verify_location_payload(
              model_output_554107870.working_dir,
              cast[string](model_parsed_output_554107872.value.file))
          if (
            not (len(location_verification_error_554107882) == 0)):
            add(location_errors_554107881,
                "output.file: " & location_verification_error_554107882 & "\n")
        if (
          not (len(location_errors_554107881) == 0)):
          return ModelMaterialization[VecherinkaArtifact_554107845](ok: false,
              error: "invalid finish_work locations: " & location_errors_554107881)
        return ModelMaterialization[VecherinkaArtifact_554107845](ok: true, value: VecherinkaArtifact_554107845(
            kind: vak_0, value_0: model_parsed_output_554107872.value))
      else:
        return ModelMaterialization[VecherinkaArtifact_554107845](ok: false,
            error: "unexpected model output kind")
      let model_tool_data_554107916 = register_llm_tool_binding(
          cast[pointer](model_context_554107891), model_request_id_554107892, 0,
          cast[pointer](model_materializer_554107915))
      var model_tools_554107917: DynamicToolRegistry = @[]
      register_dynamic_tool(model_tools_554107917, "finish_work", default_agent_prompt_templates.finish_work_description,
                            model_output_schema_554107914, model_tool_data_554107916, proc (
          tool_data`gensym2811: pointer;
          tool_context`gensym2811: ToolCallContext) {.nimcall, gcsafe.} = {.
          cast(gcsafe).}:
        let binding`gensym2811 = lookup_llm_tool_binding(tool_data`gensym2811)
        if isNone(binding`gensym2811):
          return
        let data`gensym2811 = get(binding`gensym2811)
        enqueue_llm_output_event(cast[RuntimeContext[VecherinkaArtifact_554107845]](data`gensym2811.context),
                                 data`gensym2811.request_id,
                                 data`gensym2811.output_kind, cast[ModelMaterializer[
            VecherinkaArtifact_554107845]](data`gensym2811.materializer),
                                 data`gensym2811.id, tool_context`gensym2811))
      let llm_spec_554107922 = LlmCallSpec[VecherinkaArtifact_554107845](
          profile: profile, prompt: "Preserve common and the active text_branch values exactly. Return the same variant. Do not create files.",
          prompt_templates: default_agent_prompt_templates,
          materialized_input: model_materialized_input_554107896,
          runtime_dir: model_context_554107891.runtime_dir,
          working_dir: model_working_dir_554107894, tools: model_tools_554107917,
          output_kind: 0, materialize: model_materializer_554107915)
      submit_llm(model_context_554107891, model_request_id_554107892, llm_spec_554107922)
    except CatchableError as error`gensym2814:
      let event`gensym2814 = RuntimeEvent[VecherinkaArtifact_554107845](
          kind: rev_model_error, request_id: model_request_id_554107892,
          error_message: error`gensym2814.msg)
      enqueue_runtime_event(model_context_554107891, event`gensym2814)))]
  let input_artifact_554107929 = VecherinkaArtifact_554107845(kind: vak_0,
      value_0: input_554107925)
  let work_plan_554107930 = execute_flows(data_554107928, input_artifact_554107929,
      nil, transport_554107926, nil, logger_554107927)
  if isNone(work_plan_554107930.output):
    if isSome(work_plan_554107930.failure_message):
      raise
        (ref ValueError)(msg: get(work_plan_554107930.failure_message),
                         parent: nil)
    raise
      (ref ValueError)(msg: "vecherinka execution completed without output",
                       parent: nil)
  return block:
    let artifact_554107931 = lookup_artifact(work_plan_554107930.context,
        get(work_plan_554107930.output)).data
    const
      loc`gensym3012 = (filename: "/Users/alex/areas/productive/orchestration/src/vecherinka_comptime.nim",
        line: 1934, column: 6)
      ploc`gensym3012 = "/Users/alex/areas/productive/orchestration/src/vecherinka_comptime.nim(1934, 7)"
    bind instantiationInfo
    mixin failedAssertImpl
    {.line: (filename: "/Users/alex/areas/productive/orchestration/src/vecherinka_comptime.nim",
             line: 1934, column: 6).}:
      if not (artifact_554107931.kind == vak_0):
        failedAssertImpl("/Users/alex/areas/productive/orchestration/src/vecherinka_comptime.nim(1934, 7) `artifact_554107931.kind == vak_0` ")
    artifact_554107931.value_0


type
  VecherinkaArtifactKind_554146015 = enum
    vak_0
  VecherinkaArtifact_554146016 = object
    case kind: VecherinkaArtifactKind_554146015
    of vak_0:
      value_0: Stage9NamedTuple
proc solve_stage_9_tuple(input_554146079: Stage9NamedTuple;
                         transport_554146080: LlmTransport[VecherinkaArtifact_554146016] = nil;
                         logger_554146081: StructuredLogger = nil): Stage9NamedTuple =
  let data_554146082: seq[Flow[VecherinkaArtifact_554146016]] = @[Flow[
      VecherinkaArtifact_554146016](kind: fk_top, root: "copy_named_tuple",
                                    entry: true, body: Flow[VecherinkaArtifact_554146016](
      kind: fk_model, submit: proc (model_context_554146046: RuntimeContext[
      VecherinkaArtifact_554146016]; model_request_id_554146047: RequestId;
                                    model_input_554146048: VecherinkaArtifact_554146016;
                                    model_working_dir_554146049: Path) {.nimcall.} =
    let model_typed_input_554146050 = block:
      let artifact_554146052 = model_input_554146048
      const
        loc`gensym3039 = (filename: "/Users/alex/areas/productive/orchestration/src/vecherinka_comptime.nim",
          line: 1934, column: 6)
        ploc`gensym3039 = "/Users/alex/areas/productive/orchestration/src/vecherinka_comptime.nim(1934, 7)"
      bind instantiationInfo
      mixin failedAssertImpl
      {.line: (filename: "/Users/alex/areas/productive/orchestration/src/vecherinka_comptime.nim",
               line: 1934, column: 6).}:
        if not (artifact_554146052.kind == vak_0):
          failedAssertImpl("/Users/alex/areas/productive/orchestration/src/vecherinka_comptime.nim(1934, 7) `artifact_554146052.kind == vak_0` ")
      artifact_554146052.value_0
    try:
      let model_materialized_input_554146051 = proc (
          materializer_input_554146053: Stage9NamedTuple;
          materializer_runtime_dir_554146054, materializer_artifact_dir_554146055: Path;
          materializer_initial_instructions_554146056: string): string {.nimcall.} = result =
        var materialized_instructions_554146057 = materializer_initial_instructions_554146056
        var materialized_names_554146058: seq[string] = @[]
        add(materialized_instructions_554146057,
            "input.first: int = " & $materializer_input_554146053.first & "\n")
        add(materialized_instructions_554146057,
            "input.second: string = " & $materializer_input_554146053.second & "\n")
        materialized_instructions_554146057(model_typed_input_554146050,
          model_context_554146046.runtime_dir, model_working_dir_554146049, "")
      let model_output_contract_554146067 = schemaOf(T)
      let model_output_schema_554146068 = toJsonSchema(model_output_contract_554146067)
      let model_materializer_554146069 = proc (model_output_kind_554146025: int;
          model_output_554146026: LlmOutput): ModelMaterialization[
          VecherinkaArtifact_554146016] {.nimcall, noinit.} = case model_output_kind_554146025
      of 0:
        let model_output_contract_554146027 = schemaOf(T)
        let model_parsed_output_554146028 = tryParse(model_output_contract_554146027,
            model_output_554146026.arguments)
        if not model_parsed_output_554146028.ok:
          return ModelMaterialization[VecherinkaArtifact_554146016](ok: false, error: "invalid finish_work result (" &
              $len(model_parsed_output_554146028.issues) &
              " schema issues)")
        var location_errors_554146037 = ""
        if (
          not (len(location_errors_554146037) == 0)):
          return ModelMaterialization[VecherinkaArtifact_554146016](ok: false,
              error: "invalid finish_work locations: " & location_errors_554146037)
        return ModelMaterialization[VecherinkaArtifact_554146016](ok: true, value: VecherinkaArtifact_554146016(
            kind: vak_0, value_0: model_parsed_output_554146028.value))
      else:
        return ModelMaterialization[VecherinkaArtifact_554146016](ok: false,
            error: "unexpected model output kind")
      let model_tool_data_554146070 = register_llm_tool_binding(
          cast[pointer](model_context_554146046), model_request_id_554146047, 0,
          cast[pointer](model_materializer_554146069))
      var model_tools_554146071: DynamicToolRegistry = @[]
      register_dynamic_tool(model_tools_554146071, "finish_work", default_agent_prompt_templates.finish_work_description,
                            model_output_schema_554146068, model_tool_data_554146070, proc (
          tool_data`gensym3025: pointer;
          tool_context`gensym3025: ToolCallContext) {.nimcall, gcsafe.} = {.
          cast(gcsafe).}:
        let binding`gensym3025 = lookup_llm_tool_binding(tool_data`gensym3025)
        if isNone(binding`gensym3025):
          return
        let data`gensym3025 = get(binding`gensym3025)
        enqueue_llm_output_event(cast[RuntimeContext[VecherinkaArtifact_554146016]](data`gensym3025.context),
                                 data`gensym3025.request_id,
                                 data`gensym3025.output_kind, cast[ModelMaterializer[
            VecherinkaArtifact_554146016]](data`gensym3025.materializer),
                                 data`gensym3025.id, tool_context`gensym3025))
      let llm_spec_554146076 = LlmCallSpec[VecherinkaArtifact_554146016](
          profile: profile,
          prompt: "Copy first and second exactly. Do not create files.",
          prompt_templates: default_agent_prompt_templates,
          materialized_input: model_materialized_input_554146051,
          runtime_dir: model_context_554146046.runtime_dir,
          working_dir: model_working_dir_554146049, tools: model_tools_554146071,
          output_kind: 0, materialize: model_materializer_554146069)
      submit_llm(model_context_554146046, model_request_id_554146047, llm_spec_554146076)
    except CatchableError as error`gensym3028:
      let event`gensym3028 = RuntimeEvent[VecherinkaArtifact_554146016](
          kind: rev_model_error, request_id: model_request_id_554146047,
          error_message: error`gensym3028.msg)
      enqueue_runtime_event(model_context_554146046, event`gensym3028)))]
  let input_artifact_554146083 = VecherinkaArtifact_554146016(kind: vak_0,
      value_0: input_554146079)
  let work_plan_554146084 = execute_flows(data_554146082, input_artifact_554146083,
      nil, transport_554146080, nil, logger_554146081)
  if isNone(work_plan_554146084.output):
    if isSome(work_plan_554146084.failure_message):
      raise
        (ref ValueError)(msg: get(work_plan_554146084.failure_message),
                         parent: nil)
    raise
      (ref ValueError)(msg: "vecherinka execution completed without output",
                       parent: nil)
  return block:
    let artifact_554146085 = lookup_artifact(work_plan_554146084.context,
        get(work_plan_554146084.output)).data
    const
      loc`gensym3222 = (filename: "/Users/alex/areas/productive/orchestration/src/vecherinka_comptime.nim",
        line: 1934, column: 6)
      ploc`gensym3222 = "/Users/alex/areas/productive/orchestration/src/vecherinka_comptime.nim(1934, 7)"
    bind instantiationInfo
    mixin failedAssertImpl
    {.line: (filename: "/Users/alex/areas/productive/orchestration/src/vecherinka_comptime.nim",
             line: 1934, column: 6).}:
      if not (artifact_554146085.kind == vak_0):
        failedAssertImpl("/Users/alex/areas/productive/orchestration/src/vecherinka_comptime.nim(1934, 7) `artifact_554146085.kind == vak_0` ")
    artifact_554146085.value_0

lift_pattern nodes=2 here_count=1
  seq
    here

type
  VecherinkaArtifactKind_554184425 = enum
    vak_0, vak_1, vak_2, vak_3, vak_4
  VecherinkaArtifact_554184426 = object
    case kind: VecherinkaArtifactKind_554184425
    of vak_0:
      value_0: Stage10Item
    of vak_1:
      value_1: Stage10Input
    of vak_2:
      value_2: Stage10Variant
    of vak_3:
      value_3: (seq[Stage10Item], Stage10Variant)
    of vak_4:
      value_4: seq[Stage10Item]
proc solve_stage_10(input_554184577: Stage10Input;
                    transport_554184578: LlmTransport[VecherinkaArtifact_554184426] = nil;
                    logger_554184579: StructuredLogger = nil): (
    seq[Stage10Item], Stage10Variant) =
  let data_554184580: seq[Flow[VecherinkaArtifact_554184426]] = @[Flow[
      VecherinkaArtifact_554184426](kind: fk_top, root: "map_item",
                                    entry: false, body: Flow[VecherinkaArtifact_554184426](
      kind: fk_model, submit: proc (model_context_554184445: RuntimeContext[
      VecherinkaArtifact_554184426]; model_request_id_554184446: RequestId;
                                    model_input_554184447: VecherinkaArtifact_554184426;
                                    model_working_dir_554184448: Path) {.nimcall.} =
    let model_typed_input_554184449 = block:
      let artifact_554184451 = model_input_554184447
      const
        loc`gensym3326 = (filename: "/Users/alex/areas/productive/orchestration/src/vecherinka_comptime.nim",
          line: 1934, column: 6)
        ploc`gensym3326 = "/Users/alex/areas/productive/orchestration/src/vecherinka_comptime.nim(1934, 7)"
      bind instantiationInfo
      mixin failedAssertImpl
      {.line: (filename: "/Users/alex/areas/productive/orchestration/src/vecherinka_comptime.nim",
               line: 1934, column: 6).}:
        if not (artifact_554184451.kind == vak_0):
          failedAssertImpl("/Users/alex/areas/productive/orchestration/src/vecherinka_comptime.nim(1934, 7) `artifact_554184451.kind == vak_0` ")
      artifact_554184451.value_0
    try:
      let model_materialized_input_554184450 = proc (
          materializer_input_554184452: Stage10Item;
          materializer_runtime_dir_554184453, materializer_artifact_dir_554184454: Path;
          materializer_initial_instructions_554184455: string): string {.nimcall.} = result =
        var materialized_instructions_554184456 = materializer_initial_instructions_554184455
        var materialized_names_554184457: seq[string] = @[]
        add(materialized_instructions_554184456,
            "input.marker: string = " & $materializer_input_554184452.marker & "\n")
        let materialized_location_name_554184462 = copy_location_payload(
            materializer_runtime_dir_554184453, materializer_artifact_dir_554184454,
            cast[string](materializer_input_554184452.source),
            materialized_names_554184457)
        add(materialized_instructions_554184456, "input.source: location = " &
            cast[string](materializer_input_554184452.source) &
            " (materialized as " &
            materialized_location_name_554184462 &
            ")\n")
        materialized_instructions_554184456(model_typed_input_554184449,
          model_context_554184445.runtime_dir, model_working_dir_554184448, "")
      let model_output_contract_554184463 = schemaOf(T)
      let model_output_schema_554184464 = toJsonSchema(model_output_contract_554184463)
      let model_materializer_554184465 = proc (model_output_kind_554184431: int;
          model_output_554184432: LlmOutput): ModelMaterialization[
          VecherinkaArtifact_554184426] {.nimcall, noinit.} = case model_output_kind_554184431
      of 0:
        let model_output_contract_554184433 = schemaOf(T)
        let model_parsed_output_554184434 = tryParse(model_output_contract_554184433,
            model_output_554184432.arguments)
        if not model_parsed_output_554184434.ok:
          return ModelMaterialization[VecherinkaArtifact_554184426](ok: false, error: "invalid finish_work result (" &
              $len(model_parsed_output_554184434.issues) &
              " schema issues)")
        var location_errors_554184439 = ""
        let location_verification_error_554184440 = verify_location_payload(
            model_output_554184432.working_dir,
            cast[string](model_parsed_output_554184434.value.source))
        if (
          not (len(location_verification_error_554184440) == 0)):
          add(location_errors_554184439,
              "output.source: " & location_verification_error_554184440 & "\n")
        if (
          not (len(location_errors_554184439) == 0)):
          return ModelMaterialization[VecherinkaArtifact_554184426](ok: false,
              error: "invalid finish_work locations: " & location_errors_554184439)
        return ModelMaterialization[VecherinkaArtifact_554184426](ok: true, value: VecherinkaArtifact_554184426(
            kind: vak_0, value_0: model_parsed_output_554184434.value))
      else:
        return ModelMaterialization[VecherinkaArtifact_554184426](ok: false,
            error: "unexpected model output kind")
      let model_tool_data_554184466 = register_llm_tool_binding(
          cast[pointer](model_context_554184445), model_request_id_554184446, 0,
          cast[pointer](model_materializer_554184465))
      var model_tools_554184467: DynamicToolRegistry = @[]
      register_dynamic_tool(model_tools_554184467, "finish_work", default_agent_prompt_templates.finish_work_description,
                            model_output_schema_554184464, model_tool_data_554184466, proc (
          tool_data`gensym3257: pointer;
          tool_context`gensym3257: ToolCallContext) {.nimcall, gcsafe.} = {.
          cast(gcsafe).}:
        let binding`gensym3257 = lookup_llm_tool_binding(tool_data`gensym3257)
        if isNone(binding`gensym3257):
          return
        let data`gensym3257 = get(binding`gensym3257)
        enqueue_llm_output_event(cast[RuntimeContext[VecherinkaArtifact_554184426]](data`gensym3257.context),
                                 data`gensym3257.request_id,
                                 data`gensym3257.output_kind, cast[ModelMaterializer[
            VecherinkaArtifact_554184426]](data`gensym3257.materializer),
                                 data`gensym3257.id, tool_context`gensym3257))
      let llm_spec_554184472 = LlmCallSpec[VecherinkaArtifact_554184426](
          profile: profile, prompt: "Read the provided source file. Preserve marker exactly. Return source as source.txt. Do not create any other files.",
          prompt_templates: default_agent_prompt_templates,
          materialized_input: model_materialized_input_554184450,
          runtime_dir: model_context_554184445.runtime_dir,
          working_dir: model_working_dir_554184448, tools: model_tools_554184467,
          output_kind: 0, materialize: model_materializer_554184465)
      submit_llm(model_context_554184445, model_request_id_554184446, llm_spec_554184472)
    except CatchableError as error`gensym3260:
      let event`gensym3260 = RuntimeEvent[VecherinkaArtifact_554184426](
          kind: rev_model_error, request_id: model_request_id_554184446,
          error_message: error`gensym3260.msg)
      enqueue_runtime_event(model_context_554184445, event`gensym3260))), Flow[
      VecherinkaArtifact_554184426](kind: fk_top, root: "project_variant",
                                    entry: false, body: Flow[VecherinkaArtifact_554184426](
      kind: fk_it, projector: proc (it_artifact_554184475: VecherinkaArtifact_554184426): VecherinkaArtifact_554184426 {.
      nimcall.} = result =
    let it_value_554184476 = block:
      let artifact_554184477 = it_artifact_554184475
      const
        loc`gensym3354 = (filename: "/Users/alex/areas/productive/orchestration/src/vecherinka_comptime.nim",
          line: 1934, column: 6)
        ploc`gensym3354 = "/Users/alex/areas/productive/orchestration/src/vecherinka_comptime.nim(1934, 7)"
      bind instantiationInfo
      mixin failedAssertImpl
      {.line: (filename: "/Users/alex/areas/productive/orchestration/src/vecherinka_comptime.nim",
               line: 1934, column: 6).}:
        if not (artifact_554184477.kind == vak_1):
          failedAssertImpl("/Users/alex/areas/productive/orchestration/src/vecherinka_comptime.nim(1934, 7) `artifact_554184477.kind == vak_1` ")
      artifact_554184477.value_1
    VecherinkaArtifact_554184426(kind: vak_2, value_2: it_value_554184476.variant))), Flow[
      VecherinkaArtifact_554184426](kind: fk_top, root: "copy_variant",
                                    entry: false, body: Flow[VecherinkaArtifact_554184426](
      kind: fk_model, submit: proc (model_context_554184508: RuntimeContext[
      VecherinkaArtifact_554184426]; model_request_id_554184509: RequestId;
                                    model_input_554184510: VecherinkaArtifact_554184426;
                                    model_working_dir_554184511: Path) {.nimcall.} =
    let model_typed_input_554184512 = block:
      let artifact_554184514 = model_input_554184510
      const
        loc`gensym3356 = (filename: "/Users/alex/areas/productive/orchestration/src/vecherinka_comptime.nim",
          line: 1934, column: 6)
        ploc`gensym3356 = "/Users/alex/areas/productive/orchestration/src/vecherinka_comptime.nim(1934, 7)"
      bind instantiationInfo
      mixin failedAssertImpl
      {.line: (filename: "/Users/alex/areas/productive/orchestration/src/vecherinka_comptime.nim",
               line: 1934, column: 6).}:
        if not (artifact_554184514.kind == vak_2):
          failedAssertImpl("/Users/alex/areas/productive/orchestration/src/vecherinka_comptime.nim(1934, 7) `artifact_554184514.kind == vak_2` ")
      artifact_554184514.value_2
    try:
      let model_materialized_input_554184513 = proc (
          materializer_input_554184515: Stage10Variant;
          materializer_runtime_dir_554184516, materializer_artifact_dir_554184517: Path;
          materializer_initial_instructions_554184518: string): string {.nimcall.} = result =
        var materialized_instructions_554184519 = materializer_initial_instructions_554184518
        var materialized_names_554184520: seq[string] = @[]
        add(materialized_instructions_554184519,
            "input.common: string = " & $materializer_input_554184515.common & "\n")
        case materializer_input_554184515.kind
        of text_case:
          add(materialized_instructions_554184519,
              "input.text: string = " & $materializer_input_554184515.text & "\n")
        of file_case:
          let materialized_location_name_554184529 = copy_location_payload(
              materializer_runtime_dir_554184516, materializer_artifact_dir_554184517,
              cast[string](materializer_input_554184515.file),
              materialized_names_554184520)
          add(materialized_instructions_554184519, "input.file: location = " &
              cast[string](materializer_input_554184515.file) &
              " (materialized as " &
              materialized_location_name_554184529 &
              ")\n")
        materialized_instructions_554184519(model_typed_input_554184512,
          model_context_554184508.runtime_dir, model_working_dir_554184511, "")
      let model_output_contract_554184530 = Schema[T](node: Validator(
          kind: nkVariant, discName: "kind",
          common: @[FieldDef(name: "common", node: nodeOf())], branches: @[VariantBranch(
          discValue: "text_case",
          fields: @[FieldDef(name: "text", node: nodeOf())]), VariantBranch(
          discValue: "file_case",
          fields: @[FieldDef(name: "file", node: nodeOf())])],
          strictVariant: zeroDefault([type node])))
      let model_output_schema_554184531 = toJsonSchema(model_output_contract_554184530)
      let model_materializer_554184532 = proc (model_output_kind_554184486: int;
          model_output_554184487: LlmOutput): ModelMaterialization[
          VecherinkaArtifact_554184426] {.nimcall, noinit.} = case model_output_kind_554184486
      of 2:
        let model_output_contract_554184488 = Schema[T](node: Validator(
            kind: nkVariant, discName: "kind",
            common: @[FieldDef(name: "common", node: nodeOf())], branches: @[VariantBranch(
            discValue: "text_case",
            fields: @[FieldDef(name: "text", node: nodeOf())]), VariantBranch(
            discValue: "file_case",
            fields: @[FieldDef(name: "file", node: nodeOf())])],
            strictVariant: zeroDefault([type node])))
        let model_parsed_output_554184489 = tryParse(model_output_contract_554184488,
            model_output_554184487.arguments)
        if not model_parsed_output_554184489.ok:
          return ModelMaterialization[VecherinkaArtifact_554184426](ok: false, error: "invalid finish_work result (" &
              $len(model_parsed_output_554184489.issues) &
              " schema issues)")
        var location_errors_554184498 = ""
        case model_parsed_output_554184489.value.kind
        of text_case:
        of file_case:
          let location_verification_error_554184499 = verify_location_payload(
              model_output_554184487.working_dir,
              cast[string](model_parsed_output_554184489.value.file))
          if (
            not (len(location_verification_error_554184499) == 0)):
            add(location_errors_554184498,
                "output.file: " & location_verification_error_554184499 & "\n")
        if (
          not (len(location_errors_554184498) == 0)):
          return ModelMaterialization[VecherinkaArtifact_554184426](ok: false,
              error: "invalid finish_work locations: " & location_errors_554184498)
        return ModelMaterialization[VecherinkaArtifact_554184426](ok: true, value: VecherinkaArtifact_554184426(
            kind: vak_2, value_2: model_parsed_output_554184489.value))
      else:
        return ModelMaterialization[VecherinkaArtifact_554184426](ok: false,
            error: "unexpected model output kind")
      let model_tool_data_554184533 = register_llm_tool_binding(
          cast[pointer](model_context_554184508), model_request_id_554184509, 2,
          cast[pointer](model_materializer_554184532))
      var model_tools_554184534: DynamicToolRegistry = @[]
      register_dynamic_tool(model_tools_554184534, "finish_work", default_agent_prompt_templates.finish_work_description,
                            model_output_schema_554184531, model_tool_data_554184533, proc (
          tool_data`gensym3281: pointer;
          tool_context`gensym3281: ToolCallContext) {.nimcall, gcsafe.} = {.
          cast(gcsafe).}:
        let binding`gensym3281 = lookup_llm_tool_binding(tool_data`gensym3281)
        if isNone(binding`gensym3281):
          return
        let data`gensym3281 = get(binding`gensym3281)
        enqueue_llm_output_event(cast[RuntimeContext[VecherinkaArtifact_554184426]](data`gensym3281.context),
                                 data`gensym3281.request_id,
                                 data`gensym3281.output_kind, cast[ModelMaterializer[
            VecherinkaArtifact_554184426]](data`gensym3281.materializer),
                                 data`gensym3281.id, tool_context`gensym3281))
      let llm_spec_554184539 = LlmCallSpec[VecherinkaArtifact_554184426](
          profile: profile, prompt: "Preserve common and the active text_case values exactly. Return the same variant. Do not create files.",
          prompt_templates: default_agent_prompt_templates,
          materialized_input: model_materialized_input_554184513,
          runtime_dir: model_context_554184508.runtime_dir,
          working_dir: model_working_dir_554184511, tools: model_tools_554184534,
          output_kind: 2, materialize: model_materializer_554184532)
      submit_llm(model_context_554184508, model_request_id_554184509, llm_spec_554184539)
    except CatchableError as error`gensym3284:
      let event`gensym3284 = RuntimeEvent[VecherinkaArtifact_554184426](
          kind: rev_model_error, request_id: model_request_id_554184509,
          error_message: error`gensym3284.msg)
      enqueue_runtime_event(model_context_554184508, event`gensym3284))), Flow[
      VecherinkaArtifact_554184426](kind: fk_top, root: "advanced_entry",
                                    entry: true, body: Flow[VecherinkaArtifact_554184426](
      kind: fk_fanout, branches: @[Flow[VecherinkaArtifact_554184426](
      kind: fk_so, execute: proc (so_artifact_554184546: VecherinkaArtifact_554184426): Flow[
      VecherinkaArtifact_554184426] {.nimcall.} = result =
    let so_input_554184547 = block:
      let artifact_554184548 = so_artifact_554184546
      const
        loc`gensym3365 = (filename: "/Users/alex/areas/productive/orchestration/src/vecherinka_comptime.nim",
          line: 1934, column: 6)
        ploc`gensym3365 = "/Users/alex/areas/productive/orchestration/src/vecherinka_comptime.nim(1934, 7)"
      bind instantiationInfo
      mixin failedAssertImpl
      {.line: (filename: "/Users/alex/areas/productive/orchestration/src/vecherinka_comptime.nim",
               line: 1934, column: 6).}:
        if not (artifact_554184548.kind == vak_1):
          failedAssertImpl("/Users/alex/areas/productive/orchestration/src/vecherinka_comptime.nim(1934, 7) `artifact_554184548.kind == vak_1` ")
      artifact_554184548.value_1
    Flow[VecherinkaArtifact_554184426](kind: fk_raw, value: VecherinkaArtifact_554184426(
        kind: vak_4, value_4: so_input_554184547.items), continuation: Flow[
        VecherinkaArtifact_554184426](kind: fk_lift, inner: Flow[
        VecherinkaArtifact_554184426](kind: fk_ref, name: "map_item"), destructure: proc (
        lift_destructure_input_554184556: VecherinkaArtifact_554184426): seq[
        tuple[result_index: int, input: VecherinkaArtifact_554184426]] {.nimcall.} =
      let lift_original_554184557 = block:
        let artifact_554184559 = lift_destructure_input_554184556
        const
          loc`gensym3367 = (filename: "/Users/alex/areas/productive/orchestration/src/vecherinka_comptime.nim",
            line: 1934, column: 6)
          ploc`gensym3367 = "/Users/alex/areas/productive/orchestration/src/vecherinka_comptime.nim(1934, 7)"
        bind instantiationInfo
        mixin failedAssertImpl
        {.line: (filename: "/Users/alex/areas/productive/orchestration/src/vecherinka_comptime.nim",
                 line: 1934, column: 6).}:
          if not (artifact_554184559.kind == vak_4):
            failedAssertImpl("/Users/alex/areas/productive/orchestration/src/vecherinka_comptime.nim(1934, 7) `artifact_554184559.kind == vak_4` ")
        artifact_554184559.value_4
      var lift_next_index_554184558 = 0
      for item_554184560 in items(lift_original_554184557):
        let result_index_554184561 = lift_next_index_554184558
        inc lift_next_index_554184558, 1
        add(result, (result_index: result_index_554184561,
                     input: VecherinkaArtifact_554184426(kind: vak_0,
            value_0: item_554184560))), construct: proc (
        lift_results_554184562: seq[VecherinkaArtifact_554184426];
        lift_construct_input_554184563: VecherinkaArtifact_554184426): VecherinkaArtifact_554184426 {.
        nimcall.} = result =
      let lift_original_input_554184564 = block:
        let artifact_554184566 = lift_construct_input_554184563
        const
          loc`gensym3372 = (filename: "/Users/alex/areas/productive/orchestration/src/vecherinka_comptime.nim",
            line: 1934, column: 6)
          ploc`gensym3372 = "/Users/alex/areas/productive/orchestration/src/vecherinka_comptime.nim(1934, 7)"
        bind instantiationInfo
        mixin failedAssertImpl
        {.line: (filename: "/Users/alex/areas/productive/orchestration/src/vecherinka_comptime.nim",
                 line: 1934, column: 6).}:
          if not (artifact_554184566.kind == vak_4):
            failedAssertImpl("/Users/alex/areas/productive/orchestration/src/vecherinka_comptime.nim(1934, 7) `artifact_554184566.kind == vak_4` ")
        artifact_554184566.value_4
      var lift_next_index_554184565 = 0
      VecherinkaArtifact_554184426(kind: vak_4, value_4: block:
        var output_554184568: seq[Stage10Item]
        for item_554184567 in items(lift_original_input_554184564):
          add(output_554184568) do:
            let result_index_554184569 = lift_next_index_554184565
            inc lift_next_index_554184565, 1
            block:
              let artifact_554184570 = lift_results_554184562[result_index_554184569]
              const
                loc`gensym3374 = (filename: "/Users/alex/areas/productive/orchestration/src/vecherinka_comptime.nim",
                  line: 1934, column: 6)
                ploc`gensym3374 = "/Users/alex/areas/productive/orchestration/src/vecherinka_comptime.nim(1934, 7)"
              bind instantiationInfo
              mixin failedAssertImpl
              {.line: (filename: "/Users/alex/areas/productive/orchestration/src/vecherinka_comptime.nim",
                       line: 1934, column: 6).}:
                if not (artifact_554184570.kind == vak_0):
                  failedAssertImpl("/Users/alex/areas/productive/orchestration/src/vecherinka_comptime.nim(1934, 7) `artifact_554184570.kind == vak_0` ")
              artifact_554184570.value_0
        output_554184568)))), Flow[VecherinkaArtifact_554184426](kind: fk_so, execute: proc (
      so_artifact_554184571: VecherinkaArtifact_554184426): Flow[
      VecherinkaArtifact_554184426] {.nimcall.} = result =
    let so_input_554184572 = block:
      let artifact_554184573 = so_artifact_554184571
      const
        loc`gensym3379 = (filename: "/Users/alex/areas/productive/orchestration/src/vecherinka_comptime.nim",
          line: 1934, column: 6)
        ploc`gensym3379 = "/Users/alex/areas/productive/orchestration/src/vecherinka_comptime.nim(1934, 7)"
      bind instantiationInfo
      mixin failedAssertImpl
      {.line: (filename: "/Users/alex/areas/productive/orchestration/src/vecherinka_comptime.nim",
               line: 1934, column: 6).}:
        if not (artifact_554184573.kind == vak_1):
          failedAssertImpl("/Users/alex/areas/productive/orchestration/src/vecherinka_comptime.nim(1934, 7) `artifact_554184573.kind == vak_1` ")
      artifact_554184573.value_1
    Flow[VecherinkaArtifact_554184426](kind: fk_raw, value: VecherinkaArtifact_554184426(
        kind: vak_1, value_1: so_input_554184572), continuation: Flow[
        VecherinkaArtifact_554184426](kind: fk_ref, name: "project_variant", continuation: Flow[
        VecherinkaArtifact_554184426](kind: fk_ref, name: "copy_variant"))))], coalesce: proc (
      fan_values_554184574: seq[VecherinkaArtifact_554184426]): VecherinkaArtifact_554184426 {.
      nimcall.} = result = VecherinkaArtifact_554184426(kind: vak_3, value_3: (block:
    let artifact_554184575 = fan_values_554184574[0]
    const
      loc`gensym3381 = (filename: "/Users/alex/areas/productive/orchestration/src/vecherinka_comptime.nim",
        line: 1934, column: 6)
      ploc`gensym3381 = "/Users/alex/areas/productive/orchestration/src/vecherinka_comptime.nim(1934, 7)"
    bind instantiationInfo
    mixin failedAssertImpl
    {.line: (filename: "/Users/alex/areas/productive/orchestration/src/vecherinka_comptime.nim",
             line: 1934, column: 6).}:
      if not (artifact_554184575.kind == vak_4):
        failedAssertImpl("/Users/alex/areas/productive/orchestration/src/vecherinka_comptime.nim(1934, 7) `artifact_554184575.kind == vak_4` ")
    artifact_554184575.value_4, block:
    let artifact_554184576 = fan_values_554184574[1]
    const
      loc`gensym3383 = (filename: "/Users/alex/areas/productive/orchestration/src/vecherinka_comptime.nim",
        line: 1934, column: 6)
      ploc`gensym3383 = "/Users/alex/areas/productive/orchestration/src/vecherinka_comptime.nim(1934, 7)"
    bind instantiationInfo
    mixin failedAssertImpl
    {.line: (filename: "/Users/alex/areas/productive/orchestration/src/vecherinka_comptime.nim",
             line: 1934, column: 6).}:
      if not (artifact_554184576.kind == vak_2):
        failedAssertImpl("/Users/alex/areas/productive/orchestration/src/vecherinka_comptime.nim(1934, 7) `artifact_554184576.kind == vak_2` ")
    artifact_554184576.value_2))))]
  let input_artifact_554184581 = VecherinkaArtifact_554184426(kind: vak_1,
      value_1: input_554184577)
  let work_plan_554184582 = execute_flows(data_554184580, input_artifact_554184581,
      nil, transport_554184578, nil, logger_554184579)
  if isNone(work_plan_554184582.output):
    if isSome(work_plan_554184582.failure_message):
      raise
        (ref ValueError)(msg: get(work_plan_554184582.failure_message),
                         parent: nil)
    raise
      (ref ValueError)(msg: "vecherinka execution completed without output",
                       parent: nil)
  return block:
    let artifact_554184583 = lookup_artifact(work_plan_554184582.context,
        get(work_plan_554184582.output)).data
    const
      loc`gensym3541 = (filename: "/Users/alex/areas/productive/orchestration/src/vecherinka_comptime.nim",
        line: 1934, column: 6)
      ploc`gensym3541 = "/Users/alex/areas/productive/orchestration/src/vecherinka_comptime.nim(1934, 7)"
    bind instantiationInfo
    mixin failedAssertImpl
    {.line: (filename: "/Users/alex/areas/productive/orchestration/src/vecherinka_comptime.nim",
             line: 1934, column: 6).}:
      if not (artifact_554184583.kind == vak_3):
        failedAssertImpl("/Users/alex/areas/productive/orchestration/src/vecherinka_comptime.nim(1934, 7) `artifact_554184583.kind == vak_3` ")
    artifact_554184583.value_3

/Users/alex/areas/productive/orchestration/src/vecherinka_stepping_stone_tests.nim(69, 3) Hint: 'Stage9Fixed' is declared but not used [XDeclaredButNotUsed]
CC: system.nim
CC: tables.nim
CC: strutils.nim
CC: schematic-0.6.0-0399eebef41d9fcb4520a58a452733089419fbb3/schematic.nim
CC: vecherinka.nim
CC: vecherinka_stepping_stone_tests.nim
Hint:  [Link]
Hint: mm: orc; threads: on; opt: none (DEBUG BUILD, `-d:release` generates faster code)
104149 lines; 8.586s; 633.637MiB peakmem; proj: /Users/alex/areas/productive/orchestration/src/vecherinka_stepping_stone_tests.nim; out: /Users/alex/areas/productive/orchestration/src/vecherinka_stepping_stone_tests [SuccessX]
Hint: /Users/alex/areas/productive/orchestration/src/vecherinka_stepping_stone_tests stage-10 [Exec]
{"schema":"vecherinka.log.v1","seq":1,"timestamp_ns":684581380841291,"run_id":"stepping-stage-10","component":"vecherinka","event":"run.start","fields":{"run_dir":"run-swQ9BUTK","runtime_dir":"orchestration","owns_runtime":true}}
{"schema":"vecherinka.log.v1","seq":2,"timestamp_ns":684581381996875,"run_id":"stepping-stage-10","component":"vecherinka","event":"artifact.commit","fields":{"artifact_id":0,"artifact_dir":"orchestration"}}
{"schema":"vecherinka.log.v1","seq":3,"timestamp_ns":684581382080375,"run_id":"stepping-stage-10","component":"vecherinka","event":"ready.enqueue","fields":{"ready_id":1,"flow_kind":"fk_fanout","input_artifact_id":0}}
{"schema":"vecherinka.log.v1","seq":4,"timestamp_ns":684581382120541,"run_id":"stepping-stage-10","component":"vecherinka","event":"ready.consume","fields":{"ready_id":1}}
{"schema":"vecherinka.log.v1","seq":5,"timestamp_ns":684581382189958,"run_id":"stepping-stage-10","component":"vecherinka","event":"invocation.start","fields":{"flow_kind":"fk_fanout","input_artifact_id":0}}
{"schema":"vecherinka.log.v1","seq":6,"timestamp_ns":684581382258000,"run_id":"stepping-stage-10","component":"vecherinka","event":"join.open","fields":{"join_id":1,"kind":"jk_fanout","slot_count":2}}
{"schema":"vecherinka.log.v1","seq":7,"timestamp_ns":684581382312583,"run_id":"stepping-stage-10","component":"vecherinka","event":"ready.enqueue","fields":{"ready_id":2,"flow_kind":"fk_so","input_artifact_id":0}}
{"schema":"vecherinka.log.v1","seq":8,"timestamp_ns":684581382336000,"run_id":"stepping-stage-10","component":"vecherinka","event":"ready.enqueue","fields":{"ready_id":3,"flow_kind":"fk_so","input_artifact_id":0}}
{"schema":"vecherinka.log.v1","seq":9,"timestamp_ns":684581382382125,"run_id":"stepping-stage-10","component":"vecherinka","event":"ready.consume","fields":{"ready_id":2}}
{"schema":"vecherinka.log.v1","seq":10,"timestamp_ns":684581382412250,"run_id":"stepping-stage-10","component":"vecherinka","event":"invocation.start","fields":{"flow_kind":"fk_so","input_artifact_id":0}}
{"schema":"vecherinka.log.v1","seq":11,"timestamp_ns":684581382434583,"run_id":"stepping-stage-10","component":"vecherinka","event":"ready.enqueue","fields":{"ready_id":4,"flow_kind":"fk_raw","input_artifact_id":0}}
{"schema":"vecherinka.log.v1","seq":12,"timestamp_ns":684581382458750,"run_id":"stepping-stage-10","component":"vecherinka","event":"ready.consume","fields":{"ready_id":3}}
{"schema":"vecherinka.log.v1","seq":13,"timestamp_ns":684581382478375,"run_id":"stepping-stage-10","component":"vecherinka","event":"invocation.start","fields":{"flow_kind":"fk_so","input_artifact_id":0}}
{"schema":"vecherinka.log.v1","seq":14,"timestamp_ns":684581382499458,"run_id":"stepping-stage-10","component":"vecherinka","event":"ready.enqueue","fields":{"ready_id":5,"flow_kind":"fk_raw","input_artifact_id":0}}
{"schema":"vecherinka.log.v1","seq":15,"timestamp_ns":684581382520375,"run_id":"stepping-stage-10","component":"vecherinka","event":"ready.consume","fields":{"ready_id":4}}
{"schema":"vecherinka.log.v1","seq":16,"timestamp_ns":684581382539375,"run_id":"stepping-stage-10","component":"vecherinka","event":"invocation.start","fields":{"flow_kind":"fk_raw","input_artifact_id":0}}
{"schema":"vecherinka.log.v1","seq":17,"timestamp_ns":684581382659208,"run_id":"stepping-stage-10","component":"vecherinka","event":"artifact.reserve","fields":{"artifact_id":1,"artifact_dir":"artifact-1"}}
{"schema":"vecherinka.log.v1","seq":18,"timestamp_ns":684581382684125,"run_id":"stepping-stage-10","component":"vecherinka","event":"artifact.commit","fields":{"artifact_id":1,"artifact_dir":"artifact-1"}}
{"schema":"vecherinka.log.v1","seq":19,"timestamp_ns":684581382709541,"run_id":"stepping-stage-10","component":"vecherinka","event":"join.open","fields":{"join_id":2,"kind":"jk_lift","slot_count":2}}
{"schema":"vecherinka.log.v1","seq":20,"timestamp_ns":684581382786125,"run_id":"stepping-stage-10","component":"vecherinka","event":"artifact.reserve","fields":{"artifact_id":2,"artifact_dir":"artifact-2"}}
{"schema":"vecherinka.log.v1","seq":21,"timestamp_ns":684581382808166,"run_id":"stepping-stage-10","component":"vecherinka","event":"artifact.commit","fields":{"artifact_id":2,"artifact_dir":"artifact-2"}}
{"schema":"vecherinka.log.v1","seq":22,"timestamp_ns":684581382828875,"run_id":"stepping-stage-10","component":"vecherinka","event":"ready.enqueue","fields":{"ready_id":6,"flow_kind":"fk_ref","input_artifact_id":2}}
{"schema":"vecherinka.log.v1","seq":23,"timestamp_ns":684581382900875,"run_id":"stepping-stage-10","component":"vecherinka","event":"artifact.reserve","fields":{"artifact_id":3,"artifact_dir":"artifact-3"}}
{"schema":"vecherinka.log.v1","seq":24,"timestamp_ns":684581382922625,"run_id":"stepping-stage-10","component":"vecherinka","event":"artifact.commit","fields":{"artifact_id":3,"artifact_dir":"artifact-3"}}
{"schema":"vecherinka.log.v1","seq":25,"timestamp_ns":684581382943125,"run_id":"stepping-stage-10","component":"vecherinka","event":"ready.enqueue","fields":{"ready_id":7,"flow_kind":"fk_ref","input_artifact_id":3}}
{"schema":"vecherinka.log.v1","seq":26,"timestamp_ns":684581382965583,"run_id":"stepping-stage-10","component":"vecherinka","event":"ready.consume","fields":{"ready_id":5}}
{"schema":"vecherinka.log.v1","seq":27,"timestamp_ns":684581382984916,"run_id":"stepping-stage-10","component":"vecherinka","event":"invocation.start","fields":{"flow_kind":"fk_raw","input_artifact_id":0}}
{"schema":"vecherinka.log.v1","seq":28,"timestamp_ns":684581383060916,"run_id":"stepping-stage-10","component":"vecherinka","event":"artifact.reserve","fields":{"artifact_id":4,"artifact_dir":"artifact-4"}}
{"schema":"vecherinka.log.v1","seq":29,"timestamp_ns":684581383086916,"run_id":"stepping-stage-10","component":"vecherinka","event":"artifact.commit","fields":{"artifact_id":4,"artifact_dir":"artifact-4"}}
{"schema":"vecherinka.log.v1","seq":30,"timestamp_ns":684581383158458,"run_id":"stepping-stage-10","component":"vecherinka","event":"artifact.reserve","fields":{"artifact_id":5,"artifact_dir":"artifact-5"}}
{"schema":"vecherinka.log.v1","seq":31,"timestamp_ns":684581383179833,"run_id":"stepping-stage-10","component":"vecherinka","event":"artifact.commit","fields":{"artifact_id":5,"artifact_dir":"artifact-5"}}
{"schema":"vecherinka.log.v1","seq":32,"timestamp_ns":684581383200291,"run_id":"stepping-stage-10","component":"vecherinka","event":"ready.enqueue","fields":{"ready_id":8,"flow_kind":"fk_ref","input_artifact_id":5}}
{"schema":"vecherinka.log.v1","seq":33,"timestamp_ns":684581383221458,"run_id":"stepping-stage-10","component":"vecherinka","event":"ready.consume","fields":{"ready_id":6}}
{"schema":"vecherinka.log.v1","seq":34,"timestamp_ns":684581383240208,"run_id":"stepping-stage-10","component":"vecherinka","event":"invocation.start","fields":{"flow_kind":"fk_ref","input_artifact_id":2}}
{"schema":"vecherinka.log.v1","seq":35,"timestamp_ns":684581383307041,"run_id":"stepping-stage-10","component":"vecherinka","event":"artifact.reserve","fields":{"artifact_id":6,"artifact_dir":"artifact-6"}}
{"schema":"vecherinka.log.v1","seq":36,"timestamp_ns":684581383333541,"run_id":"stepping-stage-10","component":"vecherinka","event":"model.submit","fields":{"request_id":"i:0","flow_kind":"fk_model","input_artifact_id":2,"output_artifact_id":6,"submitter":"custom","working_dir":"artifact-6"}}
{"schema":"vecherinka.log.v1","seq":37,"timestamp_ns":684581383738791,"run_id":"stepping-stage-10","component":"vecherinka","event":"ready.consume","fields":{"ready_id":7}}
{"schema":"vecherinka.log.v1","seq":38,"timestamp_ns":684581383763083,"run_id":"stepping-stage-10","component":"vecherinka","event":"invocation.start","fields":{"flow_kind":"fk_ref","input_artifact_id":3}}
{"schema":"vecherinka.log.v1","seq":39,"timestamp_ns":684581383836625,"run_id":"stepping-stage-10","component":"vecherinka","event":"artifact.reserve","fields":{"artifact_id":7,"artifact_dir":"artifact-7"}}
{"schema":"vecherinka.log.v1","seq":40,"timestamp_ns":684581383863541,"run_id":"stepping-stage-10","component":"vecherinka","event":"model.submit","fields":{"request_id":"i:1","flow_kind":"fk_model","input_artifact_id":3,"output_artifact_id":7,"submitter":"custom","working_dir":"artifact-7"}}
{"schema":"vecherinka.log.v1","seq":41,"timestamp_ns":684581384090125,"run_id":"stepping-stage-10","component":"vecherinka","event":"ready.consume","fields":{"ready_id":8}}
{"schema":"vecherinka.log.v1","seq":42,"timestamp_ns":684581384111083,"run_id":"stepping-stage-10","component":"vecherinka","event":"invocation.start","fields":{"flow_kind":"fk_ref","input_artifact_id":5}}
{"schema":"vecherinka.log.v1","seq":43,"timestamp_ns":684581384183333,"run_id":"stepping-stage-10","component":"vecherinka","event":"artifact.reserve","fields":{"artifact_id":8,"artifact_dir":"artifact-8"}}
{"schema":"vecherinka.log.v1","seq":44,"timestamp_ns":684581384210416,"run_id":"stepping-stage-10","component":"vecherinka","event":"model.submit","fields":{"request_id":"i:2","flow_kind":"fk_model","input_artifact_id":5,"output_artifact_id":8,"submitter":"custom","working_dir":"artifact-8"}}
{"schema":"vecherinka.log.v1","seq":45,"timestamp_ns":684581384384791,"run_id":"stepping-stage-10","component":"codex","event":"agent.thread.submit","fields":{"model_request_id":"i:0","agent_id":"vecherinka-agent-i:0","request_id":"i:1"}}
{"schema":"vecherinka.log.v1","seq":46,"timestamp_ns":684581384438666,"run_id":"stepping-stage-10","component":"codex","event":"agent.thread.submit","fields":{"model_request_id":"i:1","agent_id":"vecherinka-agent-i:1","request_id":"i:2"}}
{"schema":"vecherinka.log.v1","seq":47,"timestamp_ns":684581384486208,"run_id":"stepping-stage-10","component":"codex","event":"agent.thread.submit","fields":{"model_request_id":"i:2","agent_id":"vecherinka-agent-i:2","request_id":"i:3"}}
{"schema":"vecherinka.log.v1","seq":48,"timestamp_ns":684581752109583,"run_id":"stepping-stage-10","component":"codex","event":"protocol.stdout","fields":{"bytes":232}}
{"schema":"vecherinka.log.v1","seq":49,"timestamp_ns":684581752521250,"run_id":"stepping-stage-10","component":"codex","event":"protocol.stdout","fields":{"bytes":217}}
{"schema":"vecherinka.log.v1","seq":50,"timestamp_ns":684581778879541,"run_id":"stepping-stage-10","component":"codex","event":"protocol.stderr","fields":{"bytes":208}}
{"schema":"vecherinka.log.v1","seq":51,"timestamp_ns":684581784855833,"run_id":"stepping-stage-10","component":"codex","event":"protocol.stderr","fields":{"bytes":208}}
{"schema":"vecherinka.log.v1","seq":52,"timestamp_ns":684581818040375,"run_id":"stepping-stage-10","component":"codex","event":"protocol.stderr","fields":{"bytes":203}}
{"schema":"vecherinka.log.v1","seq":53,"timestamp_ns":684581818089458,"run_id":"stepping-stage-10","component":"codex","event":"protocol.stderr","fields":{"bytes":203}}
{"schema":"vecherinka.log.v1","seq":54,"timestamp_ns":684581988111166,"run_id":"stepping-stage-10","component":"codex","event":"protocol.stdout","fields":{"bytes":1349}}
{"schema":"vecherinka.log.v1","seq":55,"timestamp_ns":684581988362125,"run_id":"stepping-stage-10","component":"codex","event":"agent.goal.submit","fields":{"model_request_id":"i:0","agent_id":"vecherinka-agent-i:0","request_id":"i:4"}}
{"schema":"vecherinka.log.v1","seq":56,"timestamp_ns":684581988398416,"run_id":"stepping-stage-10","component":"codex","event":"protocol.stdout","fields":{"bytes":818}}
{"schema":"vecherinka.log.v1","seq":57,"timestamp_ns":684581988560458,"run_id":"stepping-stage-10","component":"codex","event":"protocol.stdout","fields":{"bytes":206}}
{"schema":"vecherinka.log.v1","seq":58,"timestamp_ns":684581988642458,"run_id":"stepping-stage-10","component":"codex","event":"protocol.stdout","fields":{"bytes":216}}
{"schema":"vecherinka.log.v1","seq":59,"timestamp_ns":684581988721583,"run_id":"stepping-stage-10","component":"codex","event":"protocol.stdout","fields":{"bytes":207}}
{"schema":"vecherinka.log.v1","seq":60,"timestamp_ns":684581988798875,"run_id":"stepping-stage-10","component":"codex","event":"protocol.stdout","fields":{"bytes":209}}
{"schema":"vecherinka.log.v1","seq":61,"timestamp_ns":684582025162625,"run_id":"stepping-stage-10","component":"codex","event":"protocol.stdout","fields":{"bytes":1349}}
{"schema":"vecherinka.log.v1","seq":62,"timestamp_ns":684582025420208,"run_id":"stepping-stage-10","component":"codex","event":"agent.goal.submit","fields":{"model_request_id":"i:1","agent_id":"vecherinka-agent-i:1","request_id":"i:5"}}
{"schema":"vecherinka.log.v1","seq":63,"timestamp_ns":684582025465083,"run_id":"stepping-stage-10","component":"codex","event":"protocol.stdout","fields":{"bytes":818}}
{"schema":"vecherinka.log.v1","seq":64,"timestamp_ns":684582025627791,"run_id":"stepping-stage-10","component":"codex","event":"protocol.stdout","fields":{"bytes":207}}
{"schema":"vecherinka.log.v1","seq":65,"timestamp_ns":684582025714625,"run_id":"stepping-stage-10","component":"codex","event":"protocol.stdout","fields":{"bytes":216}}
{"schema":"vecherinka.log.v1","seq":66,"timestamp_ns":684582025796250,"run_id":"stepping-stage-10","component":"codex","event":"protocol.stdout","fields":{"bytes":209}}
{"schema":"vecherinka.log.v1","seq":67,"timestamp_ns":684582025873125,"run_id":"stepping-stage-10","component":"codex","event":"protocol.stdout","fields":{"bytes":206}}
{"schema":"vecherinka.log.v1","seq":68,"timestamp_ns":684582077520791,"run_id":"stepping-stage-10","component":"codex","event":"protocol.stdout","fields":{"bytes":1349}}
{"schema":"vecherinka.log.v1","seq":69,"timestamp_ns":684582077821500,"run_id":"stepping-stage-10","component":"codex","event":"agent.goal.submit","fields":{"model_request_id":"i:2","agent_id":"vecherinka-agent-i:2","request_id":"i:6"}}
{"schema":"vecherinka.log.v1","seq":70,"timestamp_ns":684582077855833,"run_id":"stepping-stage-10","component":"codex","event":"protocol.stdout","fields":{"bytes":818}}
{"schema":"vecherinka.log.v1","seq":71,"timestamp_ns":684582078011125,"run_id":"stepping-stage-10","component":"codex","event":"protocol.stdout","fields":{"bytes":216}}
{"schema":"vecherinka.log.v1","seq":72,"timestamp_ns":684582078089333,"run_id":"stepping-stage-10","component":"codex","event":"protocol.stdout","fields":{"bytes":209}}
{"schema":"vecherinka.log.v1","seq":73,"timestamp_ns":684582078164500,"run_id":"stepping-stage-10","component":"codex","event":"protocol.stdout","fields":{"bytes":207}}
{"schema":"vecherinka.log.v1","seq":74,"timestamp_ns":684582078240208,"run_id":"stepping-stage-10","component":"codex","event":"protocol.stdout","fields":{"bytes":206}}
{"schema":"vecherinka.log.v1","seq":75,"timestamp_ns":684582111226125,"run_id":"stepping-stage-10","component":"codex","event":"protocol.stderr","fields":{"bytes":208}}
{"schema":"vecherinka.log.v1","seq":76,"timestamp_ns":684582112606833,"run_id":"stepping-stage-10","component":"codex","event":"protocol.stderr","fields":{"bytes":208}}
{"schema":"vecherinka.log.v1","seq":77,"timestamp_ns":684582148322875,"run_id":"stepping-stage-10","component":"codex","event":"protocol.stderr","fields":{"bytes":353}}
{"schema":"vecherinka.log.v1","seq":78,"timestamp_ns":684582204324666,"run_id":"stepping-stage-10","component":"codex","event":"protocol.stderr","fields":{"bytes":353}}
{"schema":"vecherinka.log.v1","seq":79,"timestamp_ns":684582239147750,"run_id":"stepping-stage-10","component":"codex","event":"protocol.stdout","fields":{"bytes":318}}
{"schema":"vecherinka.log.v1","seq":80,"timestamp_ns":684582239400375,"run_id":"stepping-stage-10","component":"codex","event":"agent.turn.submit","fields":{"model_request_id":"i:0","agent_id":"vecherinka-agent-i:0","request_id":"i:7"}}
{"schema":"vecherinka.log.v1","seq":81,"timestamp_ns":684582239481666,"run_id":"stepping-stage-10","component":"codex","event":"protocol.stdout","fields":{"bytes":434}}
{"schema":"vecherinka.log.v1","seq":82,"timestamp_ns":684582248957541,"run_id":"stepping-stage-10","component":"codex","event":"protocol.stderr","fields":{"bytes":353}}
{"schema":"vecherinka.log.v1","seq":83,"timestamp_ns":684582274938458,"run_id":"stepping-stage-10","component":"codex","event":"protocol.stdout","fields":{"bytes":206}}
{"schema":"vecherinka.log.v1","seq":84,"timestamp_ns":684582276515125,"run_id":"stepping-stage-10","component":"codex","event":"protocol.stdout","fields":{"bytes":318}}
{"schema":"vecherinka.log.v1","seq":85,"timestamp_ns":684582276694708,"run_id":"stepping-stage-10","component":"codex","event":"agent.turn.submit","fields":{"model_request_id":"i:1","agent_id":"vecherinka-agent-i:1","request_id":"i:8"}}
{"schema":"vecherinka.log.v1","seq":86,"timestamp_ns":684582276752125,"run_id":"stepping-stage-10","component":"codex","event":"protocol.stdout","fields":{"bytes":434}}
{"schema":"vecherinka.log.v1","seq":87,"timestamp_ns":684582282941125,"run_id":"stepping-stage-10","component":"codex","event":"protocol.stdout","fields":{"bytes":206}}
{"schema":"vecherinka.log.v1","seq":88,"timestamp_ns":684582293849083,"run_id":"stepping-stage-10","component":"codex","event":"protocol.stdout","fields":{"bytes":203}}
{"schema":"vecherinka.log.v1","seq":89,"timestamp_ns":684582306299250,"run_id":"stepping-stage-10","component":"codex","event":"protocol.stdout","fields":{"bytes":318}}
{"schema":"vecherinka.log.v1","seq":90,"timestamp_ns":684582306474500,"run_id":"stepping-stage-10","component":"codex","event":"agent.turn.submit","fields":{"model_request_id":"i:2","agent_id":"vecherinka-agent-i:2","request_id":"i:9"}}
{"schema":"vecherinka.log.v1","seq":91,"timestamp_ns":684582316823416,"run_id":"stepping-stage-10","component":"codex","event":"protocol.stdout","fields":{"bytes":434}}
{"schema":"vecherinka.log.v1","seq":92,"timestamp_ns":684582399640541,"run_id":"stepping-stage-10","component":"codex","event":"protocol.stdout","fields":{"bytes":203}}
{"schema":"vecherinka.log.v1","seq":93,"timestamp_ns":684582433667625,"run_id":"stepping-stage-10","component":"codex","event":"protocol.stdout","fields":{"bytes":203}}
{"schema":"vecherinka.log.v1","seq":94,"timestamp_ns":684582435090500,"run_id":"stepping-stage-10","component":"codex","event":"protocol.stdout","fields":{"bytes":206}}
{"schema":"vecherinka.log.v1","seq":95,"timestamp_ns":684582446816875,"run_id":"stepping-stage-10","component":"codex","event":"protocol.stderr","fields":{"bytes":203}}
{"schema":"vecherinka.log.v1","seq":96,"timestamp_ns":684582446873458,"run_id":"stepping-stage-10","component":"codex","event":"protocol.stderr","fields":{"bytes":203}}
{"schema":"vecherinka.log.v1","seq":97,"timestamp_ns":684582464250791,"run_id":"stepping-stage-10","component":"codex","event":"protocol.stdout","fields":{"bytes":207}}
{"schema":"vecherinka.log.v1","seq":98,"timestamp_ns":684582464483125,"run_id":"stepping-stage-10","component":"codex","event":"protocol.stdout","fields":{"bytes":216}}
{"schema":"vecherinka.log.v1","seq":99,"timestamp_ns":684582475372125,"run_id":"stepping-stage-10","component":"codex","event":"protocol.stdout","fields":{"bytes":216}}
{"schema":"vecherinka.log.v1","seq":100,"timestamp_ns":684582477042125,"run_id":"stepping-stage-10","component":"codex","event":"protocol.stdout","fields":{"bytes":207}}
{"schema":"vecherinka.log.v1","seq":101,"timestamp_ns":684582477201166,"run_id":"stepping-stage-10","component":"codex","event":"protocol.stdout","fields":{"bytes":207}}
{"schema":"vecherinka.log.v1","seq":102,"timestamp_ns":684582478783416,"run_id":"stepping-stage-10","component":"codex","event":"protocol.stdout","fields":{"bytes":216}}
{"schema":"vecherinka.log.v1","seq":103,"timestamp_ns":684582494387625,"run_id":"stepping-stage-10","component":"codex","event":"protocol.stdout","fields":{"bytes":213}}
{"schema":"vecherinka.log.v1","seq":104,"timestamp_ns":684582494554666,"run_id":"stepping-stage-10","component":"codex","event":"protocol.stdout","fields":{"bytes":213}}
{"schema":"vecherinka.log.v1","seq":105,"timestamp_ns":684582515073916,"run_id":"stepping-stage-10","component":"codex","event":"protocol.stdout","fields":{"bytes":213}}
{"schema":"vecherinka.log.v1","seq":106,"timestamp_ns":684582533397166,"run_id":"stepping-stage-10","component":"codex","event":"protocol.stdout","fields":{"bytes":196}}
{"schema":"vecherinka.log.v1","seq":107,"timestamp_ns":684582537484333,"run_id":"stepping-stage-10","component":"codex","event":"protocol.stdout","fields":{"bytes":196}}
{"schema":"vecherinka.log.v1","seq":108,"timestamp_ns":684582545393041,"run_id":"stepping-stage-10","component":"codex","event":"protocol.stdout","fields":{"bytes":196}}
{"schema":"vecherinka.log.v1","seq":109,"timestamp_ns":684582564506250,"run_id":"stepping-stage-10","component":"codex","event":"protocol.stdout","fields":{"bytes":167}}
{"schema":"vecherinka.log.v1","seq":110,"timestamp_ns":684582564790416,"run_id":"stepping-stage-10","component":"codex","event":"protocol.stdout","fields":{"bytes":297}}
{"schema":"vecherinka.log.v1","seq":111,"timestamp_ns":684582568156416,"run_id":"stepping-stage-10","component":"codex","event":"protocol.stdout","fields":{"bytes":167}}
{"schema":"vecherinka.log.v1","seq":112,"timestamp_ns":684582577853833,"run_id":"stepping-stage-10","component":"codex","event":"protocol.stdout","fields":{"bytes":297}}
{"schema":"vecherinka.log.v1","seq":113,"timestamp_ns":684582578025791,"run_id":"stepping-stage-10","component":"codex","event":"protocol.stdout","fields":{"bytes":167}}
{"schema":"vecherinka.log.v1","seq":114,"timestamp_ns":684582578114041,"run_id":"stepping-stage-10","component":"codex","event":"protocol.stdout","fields":{"bytes":297}}
{"schema":"vecherinka.log.v1","seq":115,"timestamp_ns":684582578262958,"run_id":"stepping-stage-10","component":"codex","event":"protocol.stdout","fields":{"bytes":649}}
{"schema":"vecherinka.log.v1","seq":116,"timestamp_ns":684582579673250,"run_id":"stepping-stage-10","component":"codex","event":"protocol.stdout","fields":{"bytes":649}}
{"schema":"vecherinka.log.v1","seq":117,"timestamp_ns":684582579811250,"run_id":"stepping-stage-10","component":"codex","event":"protocol.stdout","fields":{"bytes":649}}
{"schema":"vecherinka.log.v1","seq":118,"timestamp_ns":684582582460875,"run_id":"stepping-stage-10","component":"codex","event":"protocol.stdout","fields":{"bytes":204}}
{"schema":"vecherinka.log.v1","seq":119,"timestamp_ns":684582625126375,"run_id":"stepping-stage-10","component":"codex","event":"protocol.stdout","fields":{"bytes":204}}
{"schema":"vecherinka.log.v1","seq":120,"timestamp_ns":684582819948791,"run_id":"stepping-stage-10","component":"codex","event":"protocol.stdout","fields":{"bytes":213}}
{"schema":"vecherinka.log.v1","seq":121,"timestamp_ns":684582821362958,"run_id":"stepping-stage-10","component":"codex","event":"protocol.stdout","fields":{"bytes":204}}
{"schema":"vecherinka.log.v1","seq":122,"timestamp_ns":684582827818541,"run_id":"stepping-stage-10","component":"codex","event":"protocol.stdout","fields":{"bytes":213}}
{"schema":"vecherinka.log.v1","seq":123,"timestamp_ns":684582838134791,"run_id":"stepping-stage-10","component":"codex","event":"protocol.stdout","fields":{"bytes":213}}
{"schema":"vecherinka.log.v1","seq":124,"timestamp_ns":684583045672708,"run_id":"stepping-stage-10","component":"codex","event":"protocol.stdout","fields":{"bytes":204}}
{"schema":"vecherinka.log.v1","seq":125,"timestamp_ns":684583045795958,"run_id":"stepping-stage-10","component":"codex","event":"protocol.stdout","fields":{"bytes":203}}
{"schema":"vecherinka.log.v1","seq":126,"timestamp_ns":684583045871958,"run_id":"stepping-stage-10","component":"codex","event":"protocol.stdout","fields":{"bytes":206}}
{"schema":"vecherinka.log.v1","seq":127,"timestamp_ns":684583074451541,"run_id":"stepping-stage-10","component":"codex","event":"protocol.stdout","fields":{"bytes":204}}
{"schema":"vecherinka.log.v1","seq":128,"timestamp_ns":684583074585250,"run_id":"stepping-stage-10","component":"codex","event":"protocol.stdout","fields":{"bytes":206}}
{"schema":"vecherinka.log.v1","seq":129,"timestamp_ns":684583074661875,"run_id":"stepping-stage-10","component":"codex","event":"protocol.stdout","fields":{"bytes":203}}
{"schema":"vecherinka.log.v1","seq":130,"timestamp_ns":684583094919041,"run_id":"stepping-stage-10","component":"codex","event":"protocol.stdout","fields":{"bytes":204}}
{"schema":"vecherinka.log.v1","seq":131,"timestamp_ns":684583095047041,"run_id":"stepping-stage-10","component":"codex","event":"protocol.stdout","fields":{"bytes":203}}
{"schema":"vecherinka.log.v1","seq":132,"timestamp_ns":684583095122958,"run_id":"stepping-stage-10","component":"codex","event":"protocol.stdout","fields":{"bytes":206}}
{"schema":"vecherinka.log.v1","seq":133,"timestamp_ns":684583886368625,"run_id":"stepping-stage-10","component":"codex","event":"protocol.stdout","fields":{"bytes":844}}
{"schema":"vecherinka.log.v1","seq":134,"timestamp_ns":684583886507708,"run_id":"stepping-stage-10","component":"codex","event":"protocol.stdout","fields":{"bytes":848}}
{"schema":"vecherinka.log.v1","seq":135,"timestamp_ns":684584010910583,"run_id":"stepping-stage-10","component":"codex","event":"protocol.stdout","fields":{"bytes":924}}
{"schema":"vecherinka.log.v1","seq":136,"timestamp_ns":684584011063166,"run_id":"stepping-stage-10","component":"codex","event":"protocol.stdout","fields":{"bytes":928}}
{"schema":"vecherinka.log.v1","seq":137,"timestamp_ns":684584044250708,"run_id":"stepping-stage-10","component":"codex","event":"protocol.stdout","fields":{"bytes":924}}
{"schema":"vecherinka.log.v1","seq":138,"timestamp_ns":684584044378208,"run_id":"stepping-stage-10","component":"codex","event":"protocol.stdout","fields":{"bytes":928}}
{"schema":"vecherinka.log.v1","seq":139,"timestamp_ns":684584681577916,"run_id":"stepping-stage-10","component":"codex","event":"protocol.stdout","fields":{"bytes":305}}
{"schema":"vecherinka.log.v1","seq":140,"timestamp_ns":684585261295500,"run_id":"stepping-stage-10","component":"codex","event":"protocol.stdout","fields":{"bytes":305}}
{"schema":"vecherinka.log.v1","seq":141,"timestamp_ns":684585878207666,"run_id":"stepping-stage-10","component":"codex","event":"protocol.stdout","fields":{"bytes":309}}
{"schema":"vecherinka.log.v1","seq":142,"timestamp_ns":684585970282041,"run_id":"stepping-stage-10","component":"codex","event":"protocol.stdout","fields":{"bytes":305}}
{"schema":"vecherinka.log.v1","seq":143,"timestamp_ns":684586532261416,"run_id":"stepping-stage-10","component":"codex","event":"protocol.stdout","fields":{"bytes":469}}
{"schema":"vecherinka.log.v1","seq":144,"timestamp_ns":684586532476750,"run_id":"stepping-stage-10","component":"codex","event":"protocol.stdout","fields":{"bytes":317}}
{"schema":"vecherinka.log.v1","seq":145,"timestamp_ns":684586532603250,"run_id":"stepping-stage-10","component":"vecherinka","event":"model.output","fields":{"request_id":"i:2","tool":"finish_work","arguments_bytes":70}}
{"schema":"vecherinka.log.v1","seq":146,"timestamp_ns":684586532814666,"run_id":"stepping-stage-10","component":"vecherinka","event":"artifact.commit","fields":{"artifact_id":8,"artifact_dir":"artifact-8"}}
{"schema":"vecherinka.log.v1","seq":147,"timestamp_ns":684586532837750,"run_id":"stepping-stage-10","component":"vecherinka","event":"model.finish","fields":{"request_id":"i:2","output_artifact_id":8}}
{"schema":"vecherinka.log.v1","seq":148,"timestamp_ns":684586532863750,"run_id":"stepping-stage-10","component":"vecherinka","event":"join.slot","fields":{"join_id":1,"slot":1,"artifact_id":8,"remaining":1}}
{"schema":"vecherinka.log.v1","seq":149,"timestamp_ns":684586536426583,"run_id":"stepping-stage-10","component":"codex","event":"protocol.stdout","fields":{"bytes":579}}
{"schema":"vecherinka.log.v1","seq":150,"timestamp_ns":684586537864416,"run_id":"stepping-stage-10","component":"codex","event":"protocol.stdout","fields":{"bytes":472}}
{"schema":"vecherinka.log.v1","seq":151,"timestamp_ns":684586542786750,"run_id":"stepping-stage-10","component":"codex","event":"protocol.stdout","fields":{"bytes":505}}
{"schema":"vecherinka.log.v1","seq":152,"timestamp_ns":684586542943083,"run_id":"stepping-stage-10","component":"codex","event":"protocol.stdout","fields":{"bytes":456}}
{"schema":"vecherinka.log.v1","seq":153,"timestamp_ns":684587091984541,"run_id":"stepping-stage-10","component":"codex","event":"protocol.stdout","fields":{"bytes":309}}
{"schema":"vecherinka.log.v1","seq":154,"timestamp_ns":684587093842541,"run_id":"stepping-stage-10","component":"codex","event":"protocol.stdout","fields":{"bytes":336}}
{"schema":"vecherinka.log.v1","seq":155,"timestamp_ns":684587094147625,"run_id":"stepping-stage-10","component":"codex","event":"protocol.stdout","fields":{"bytes":251}}
{"schema":"vecherinka.log.v1","seq":156,"timestamp_ns":684587134855208,"run_id":"stepping-stage-10","component":"codex","event":"protocol.stdout","fields":{"bytes":255}}
{"schema":"vecherinka.log.v1","seq":157,"timestamp_ns":684587135398458,"run_id":"stepping-stage-10","component":"codex","event":"protocol.stdout","fields":{"bytes":255}}
{"schema":"vecherinka.log.v1","seq":158,"timestamp_ns":684587170746875,"run_id":"stepping-stage-10","component":"codex","event":"protocol.stdout","fields":{"bytes":309}}
{"schema":"vecherinka.log.v1","seq":159,"timestamp_ns":684587172511750,"run_id":"stepping-stage-10","component":"codex","event":"protocol.stdout","fields":{"bytes":336}}
{"schema":"vecherinka.log.v1","seq":160,"timestamp_ns":684587172808458,"run_id":"stepping-stage-10","component":"codex","event":"protocol.stdout","fields":{"bytes":251}}
{"schema":"vecherinka.log.v1","seq":161,"timestamp_ns":684587173001125,"run_id":"stepping-stage-10","component":"codex","event":"protocol.stdout","fields":{"bytes":255}}
{"schema":"vecherinka.log.v1","seq":162,"timestamp_ns":684587173171333,"run_id":"stepping-stage-10","component":"codex","event":"protocol.stdout","fields":{"bytes":258}}
{"schema":"vecherinka.log.v1","seq":163,"timestamp_ns":684587179655666,"run_id":"stepping-stage-10","component":"codex","event":"protocol.stdout","fields":{"bytes":254}}
{"schema":"vecherinka.log.v1","seq":164,"timestamp_ns":684587186732041,"run_id":"stepping-stage-10","component":"codex","event":"protocol.stdout","fields":{"bytes":254}}
{"schema":"vecherinka.log.v1","seq":165,"timestamp_ns":684587187177833,"run_id":"stepping-stage-10","component":"codex","event":"protocol.stdout","fields":{"bytes":259}}
{"schema":"vecherinka.log.v1","seq":166,"timestamp_ns":684587187383833,"run_id":"stepping-stage-10","component":"codex","event":"protocol.stdout","fields":{"bytes":254}}
{"schema":"vecherinka.log.v1","seq":167,"timestamp_ns":684587194692708,"run_id":"stepping-stage-10","component":"codex","event":"protocol.stdout","fields":{"bytes":259}}
{"schema":"vecherinka.log.v1","seq":168,"timestamp_ns":684587214818541,"run_id":"stepping-stage-10","component":"codex","event":"protocol.stdout","fields":{"bytes":254}}
{"schema":"vecherinka.log.v1","seq":169,"timestamp_ns":684587237867416,"run_id":"stepping-stage-10","component":"codex","event":"protocol.stdout","fields":{"bytes":257}}
{"schema":"vecherinka.log.v1","seq":170,"timestamp_ns":684587238410666,"run_id":"stepping-stage-10","component":"codex","event":"protocol.stdout","fields":{"bytes":251}}
{"schema":"vecherinka.log.v1","seq":171,"timestamp_ns":684587238575666,"run_id":"stepping-stage-10","component":"codex","event":"protocol.stdout","fields":{"bytes":252}}
{"schema":"vecherinka.log.v1","seq":172,"timestamp_ns":684587238736541,"run_id":"stepping-stage-10","component":"codex","event":"protocol.stdout","fields":{"bytes":256}}
{"schema":"vecherinka.log.v1","seq":173,"timestamp_ns":684587253985375,"run_id":"stepping-stage-10","component":"codex","event":"protocol.stdout","fields":{"bytes":254}}
{"schema":"vecherinka.log.v1","seq":174,"timestamp_ns":684587260129125,"run_id":"stepping-stage-10","component":"codex","event":"protocol.stdout","fields":{"bytes":259}}
{"schema":"vecherinka.log.v1","seq":175,"timestamp_ns":684587272924666,"run_id":"stepping-stage-10","component":"codex","event":"protocol.stdout","fields":{"bytes":252}}
{"schema":"vecherinka.log.v1","seq":176,"timestamp_ns":684587279836000,"run_id":"stepping-stage-10","component":"codex","event":"protocol.stdout","fields":{"bytes":254}}
{"schema":"vecherinka.log.v1","seq":177,"timestamp_ns":684587280522791,"run_id":"stepping-stage-10","component":"codex","event":"protocol.stdout","fields":{"bytes":257}}
{"schema":"vecherinka.log.v1","seq":178,"timestamp_ns":684587291533708,"run_id":"stepping-stage-10","component":"codex","event":"protocol.stdout","fields":{"bytes":259}}
{"schema":"vecherinka.log.v1","seq":179,"timestamp_ns":684587309089291,"run_id":"stepping-stage-10","component":"codex","event":"protocol.stdout","fields":{"bytes":254}}
{"schema":"vecherinka.log.v1","seq":180,"timestamp_ns":684587316439500,"run_id":"stepping-stage-10","component":"codex","event":"protocol.stdout","fields":{"bytes":260}}
{"schema":"vecherinka.log.v1","seq":181,"timestamp_ns":684587323444666,"run_id":"stepping-stage-10","component":"codex","event":"protocol.stdout","fields":{"bytes":251}}
{"schema":"vecherinka.log.v1","seq":182,"timestamp_ns":684587334392208,"run_id":"stepping-stage-10","component":"codex","event":"protocol.stdout","fields":{"bytes":259}}
{"schema":"vecherinka.log.v1","seq":183,"timestamp_ns":684587349402375,"run_id":"stepping-stage-10","component":"codex","event":"protocol.stdout","fields":{"bytes":254}}
{"schema":"vecherinka.log.v1","seq":184,"timestamp_ns":684587350162916,"run_id":"stepping-stage-10","component":"codex","event":"protocol.stdout","fields":{"bytes":254}}
{"schema":"vecherinka.log.v1","seq":185,"timestamp_ns":684587350347500,"run_id":"stepping-stage-10","component":"codex","event":"protocol.stdout","fields":{"bytes":257}}
{"schema":"vecherinka.log.v1","seq":186,"timestamp_ns":684587362441791,"run_id":"stepping-stage-10","component":"codex","event":"protocol.stdout","fields":{"bytes":254}}
{"schema":"vecherinka.log.v1","seq":187,"timestamp_ns":684587371156250,"run_id":"stepping-stage-10","component":"codex","event":"protocol.stdout","fields":{"bytes":257}}
{"schema":"vecherinka.log.v1","seq":188,"timestamp_ns":684587384160666,"run_id":"stepping-stage-10","component":"codex","event":"protocol.stdout","fields":{"bytes":260}}
{"schema":"vecherinka.log.v1","seq":189,"timestamp_ns":684587392639041,"run_id":"stepping-stage-10","component":"codex","event":"protocol.stdout","fields":{"bytes":260}}
{"schema":"vecherinka.log.v1","seq":190,"timestamp_ns":684587414076583,"run_id":"stepping-stage-10","component":"codex","event":"protocol.stdout","fields":{"bytes":251}}
{"schema":"vecherinka.log.v1","seq":191,"timestamp_ns":684587414394833,"run_id":"stepping-stage-10","component":"codex","event":"protocol.stdout","fields":{"bytes":252}}
{"schema":"vecherinka.log.v1","seq":192,"timestamp_ns":684587426059750,"run_id":"stepping-stage-10","component":"codex","event":"protocol.stdout","fields":{"bytes":254}}
{"schema":"vecherinka.log.v1","seq":193,"timestamp_ns":684587427747291,"run_id":"stepping-stage-10","component":"codex","event":"protocol.stdout","fields":{"bytes":256}}
{"schema":"vecherinka.log.v1","seq":194,"timestamp_ns":684587428119916,"run_id":"stepping-stage-10","component":"codex","event":"protocol.stdout","fields":{"bytes":254}}
{"schema":"vecherinka.log.v1","seq":195,"timestamp_ns":684587444158250,"run_id":"stepping-stage-10","component":"codex","event":"protocol.stdout","fields":{"bytes":257}}
{"schema":"vecherinka.log.v1","seq":196,"timestamp_ns":684587449712958,"run_id":"stepping-stage-10","component":"codex","event":"protocol.stdout","fields":{"bytes":251}}
{"schema":"vecherinka.log.v1","seq":197,"timestamp_ns":684587467525500,"run_id":"stepping-stage-10","component":"codex","event":"protocol.stdout","fields":{"bytes":254}}
{"schema":"vecherinka.log.v1","seq":198,"timestamp_ns":684587467992958,"run_id":"stepping-stage-10","component":"codex","event":"protocol.stdout","fields":{"bytes":253}}
{"schema":"vecherinka.log.v1","seq":199,"timestamp_ns":684587485368708,"run_id":"stepping-stage-10","component":"codex","event":"protocol.stdout","fields":{"bytes":258}}
{"schema":"vecherinka.log.v1","seq":200,"timestamp_ns":684587486077416,"run_id":"stepping-stage-10","component":"codex","event":"protocol.stdout","fields":{"bytes":254}}
{"schema":"vecherinka.log.v1","seq":201,"timestamp_ns":684587504597625,"run_id":"stepping-stage-10","component":"codex","event":"protocol.stdout","fields":{"bytes":260}}
{"schema":"vecherinka.log.v1","seq":202,"timestamp_ns":684587506555041,"run_id":"stepping-stage-10","component":"codex","event":"protocol.stdout","fields":{"bytes":255}}
{"schema":"vecherinka.log.v1","seq":203,"timestamp_ns":684587522418083,"run_id":"stepping-stage-10","component":"codex","event":"protocol.stdout","fields":{"bytes":259}}
{"schema":"vecherinka.log.v1","seq":204,"timestamp_ns":684587523409208,"run_id":"stepping-stage-10","component":"codex","event":"protocol.stdout","fields":{"bytes":253}}
{"schema":"vecherinka.log.v1","seq":205,"timestamp_ns":684587529026416,"run_id":"stepping-stage-10","component":"codex","event":"protocol.stdout","fields":{"bytes":255}}
{"schema":"vecherinka.log.v1","seq":206,"timestamp_ns":684587546408250,"run_id":"stepping-stage-10","component":"codex","event":"protocol.stdout","fields":{"bytes":261}}
{"schema":"vecherinka.log.v1","seq":207,"timestamp_ns":684587551126166,"run_id":"stepping-stage-10","component":"codex","event":"protocol.stdout","fields":{"bytes":259}}
{"schema":"vecherinka.log.v1","seq":208,"timestamp_ns":684587562086125,"run_id":"stepping-stage-10","component":"codex","event":"protocol.stdout","fields":{"bytes":257}}
{"schema":"vecherinka.log.v1","seq":209,"timestamp_ns":684587568516416,"run_id":"stepping-stage-10","component":"codex","event":"protocol.stdout","fields":{"bytes":251}}
{"schema":"vecherinka.log.v1","seq":210,"timestamp_ns":684587582953000,"run_id":"stepping-stage-10","component":"codex","event":"protocol.stdout","fields":{"bytes":256}}
{"schema":"vecherinka.log.v1","seq":211,"timestamp_ns":684587602622750,"run_id":"stepping-stage-10","component":"codex","event":"protocol.stdout","fields":{"bytes":251}}
{"schema":"vecherinka.log.v1","seq":212,"timestamp_ns":684587717420750,"run_id":"stepping-stage-10","component":"codex","event":"protocol.stdout","fields":{"bytes":338}}
{"schema":"vecherinka.log.v1","seq":213,"timestamp_ns":684587794915041,"run_id":"stepping-stage-10","component":"codex","event":"protocol.stdout","fields":{"bytes":342}}
{"schema":"vecherinka.log.v1","seq":214,"timestamp_ns":684587796531333,"run_id":"stepping-stage-10","component":"codex","event":"protocol.stdout","fields":{"bytes":472}}
{"schema":"vecherinka.log.v1","seq":215,"timestamp_ns":684587810439458,"run_id":"stepping-stage-10","component":"codex","event":"protocol.stdout","fields":{"bytes":510}}
{"schema":"vecherinka.log.v1","seq":216,"timestamp_ns":684587810688875,"run_id":"stepping-stage-10","component":"codex","event":"protocol.stdout","fields":{"bytes":456}}
{"schema":"vecherinka.log.v1","seq":217,"timestamp_ns":684587816034166,"run_id":"stepping-stage-10","component":"codex","event":"protocol.stdout","fields":{"bytes":472}}
{"schema":"vecherinka.log.v1","seq":218,"timestamp_ns":684587816235625,"run_id":"stepping-stage-10","component":"codex","event":"protocol.stdout","fields":{"bytes":148}}
{"schema":"vecherinka.log.v1","seq":219,"timestamp_ns":684587816359375,"run_id":"stepping-stage-10","component":"codex","event":"protocol.stdout","fields":{"bytes":304}}
{"schema":"vecherinka.log.v1","seq":220,"timestamp_ns":684587824318583,"run_id":"stepping-stage-10","component":"codex","event":"protocol.stdout","fields":{"bytes":499}}
{"schema":"vecherinka.log.v1","seq":221,"timestamp_ns":684587833351166,"run_id":"stepping-stage-10","component":"codex","event":"protocol.stdout","fields":{"bytes":167}}
{"schema":"vecherinka.log.v1","seq":222,"timestamp_ns":684587833497583,"run_id":"stepping-stage-10","component":"codex","event":"protocol.stdout","fields":{"bytes":297}}
{"schema":"vecherinka.log.v1","seq":223,"timestamp_ns":684589291482791,"run_id":"stepping-stage-10","component":"codex","event":"protocol.stdout","fields":{"bytes":681}}
{"schema":"vecherinka.log.v1","seq":224,"timestamp_ns":684589291692625,"run_id":"stepping-stage-10","component":"codex","event":"protocol.stdout","fields":{"bytes":937}}
{"schema":"vecherinka.log.v1","seq":225,"timestamp_ns":684589291829125,"run_id":"stepping-stage-10","component":"codex","event":"protocol.stdout","fields":{"bytes":472}}
{"schema":"vecherinka.log.v1","seq":226,"timestamp_ns":684589295513833,"run_id":"stepping-stage-10","component":"codex","event":"protocol.stdout","fields":{"bytes":513}}
{"schema":"vecherinka.log.v1","seq":227,"timestamp_ns":684589295673166,"run_id":"stepping-stage-10","component":"codex","event":"protocol.stdout","fields":{"bytes":456}}
{"schema":"vecherinka.log.v1","seq":228,"timestamp_ns":684589379853041,"run_id":"stepping-stage-10","component":"codex","event":"protocol.stdout","fields":{"bytes":755}}
{"schema":"vecherinka.log.v1","seq":229,"timestamp_ns":684589380022750,"run_id":"stepping-stage-10","component":"codex","event":"protocol.stdout","fields":{"bytes":878}}
{"schema":"vecherinka.log.v1","seq":230,"timestamp_ns":684589380135291,"run_id":"stepping-stage-10","component":"codex","event":"protocol.stdout","fields":{"bytes":472}}
{"schema":"vecherinka.log.v1","seq":231,"timestamp_ns":684589384015333,"run_id":"stepping-stage-10","component":"codex","event":"protocol.stdout","fields":{"bytes":505}}
{"schema":"vecherinka.log.v1","seq":232,"timestamp_ns":684589384158208,"run_id":"stepping-stage-10","component":"codex","event":"protocol.stdout","fields":{"bytes":456}}
{"schema":"vecherinka.log.v1","seq":233,"timestamp_ns":684589414076083,"run_id":"stepping-stage-10","component":"codex","event":"protocol.stdout","fields":{"bytes":305}}
{"schema":"vecherinka.log.v1","seq":234,"timestamp_ns":684590272981000,"run_id":"stepping-stage-10","component":"codex","event":"protocol.stdout","fields":{"bytes":305}}
{"schema":"vecherinka.log.v1","seq":235,"timestamp_ns":684590966822125,"run_id":"stepping-stage-10","component":"codex","event":"protocol.stdout","fields":{"bytes":309}}
{"schema":"vecherinka.log.v1","seq":236,"timestamp_ns":684591063850458,"run_id":"stepping-stage-10","component":"codex","event":"protocol.stdout","fields":{"bytes":305}}
{"schema":"vecherinka.log.v1","seq":237,"timestamp_ns":684592259550833,"run_id":"stepping-stage-10","component":"codex","event":"protocol.stdout","fields":{"bytes":309}}
{"schema":"vecherinka.log.v1","seq":238,"timestamp_ns":684592521733333,"run_id":"stepping-stage-10","component":"codex","event":"protocol.stdout","fields":{"bytes":725}}
{"schema":"vecherinka.log.v1","seq":239,"timestamp_ns":684592521898666,"run_id":"stepping-stage-10","component":"codex","event":"protocol.stdout","fields":{"bytes":933}}
{"schema":"vecherinka.log.v1","seq":240,"timestamp_ns":684592522011500,"run_id":"stepping-stage-10","component":"codex","event":"protocol.stdout","fields":{"bytes":473}}
{"schema":"vecherinka.log.v1","seq":241,"timestamp_ns":684592762049041,"run_id":"stepping-stage-10","component":"codex","event":"protocol.stdout","fields":{"bytes":513}}
{"schema":"vecherinka.log.v1","seq":242,"timestamp_ns":684592762364458,"run_id":"stepping-stage-10","component":"codex","event":"protocol.stdout","fields":{"bytes":456}}
{"schema":"vecherinka.log.v1","seq":243,"timestamp_ns":684592905188041,"run_id":"stepping-stage-10","component":"codex","event":"protocol.stdout","fields":{"bytes":469}}
{"schema":"vecherinka.log.v1","seq":244,"timestamp_ns":684592905371791,"run_id":"stepping-stage-10","component":"codex","event":"protocol.stdout","fields":{"bytes":317}}
{"schema":"vecherinka.log.v1","seq":245,"timestamp_ns":684593853609708,"run_id":"stepping-stage-10","component":"codex","event":"protocol.stdout","fields":{"bytes":305}}
{"schema":"vecherinka.log.v1","seq":246,"timestamp_ns":684594066009041,"run_id":"stepping-stage-10","component":"codex","event":"protocol.stdout","fields":{"bytes":309}}
{"schema":"vecherinka.log.v1","seq":247,"timestamp_ns":684594066479833,"run_id":"stepping-stage-10","component":"codex","event":"protocol.stdout","fields":{"bytes":336}}
{"schema":"vecherinka.log.v1","seq":248,"timestamp_ns":684594070762833,"run_id":"stepping-stage-10","component":"codex","event":"protocol.stdout","fields":{"bytes":253}}
{"schema":"vecherinka.log.v1","seq":249,"timestamp_ns":684594093401041,"run_id":"stepping-stage-10","component":"codex","event":"protocol.stdout","fields":{"bytes":255}}
{"schema":"vecherinka.log.v1","seq":250,"timestamp_ns":684594095236000,"run_id":"stepping-stage-10","component":"codex","event":"protocol.stdout","fields":{"bytes":259}}
{"schema":"vecherinka.log.v1","seq":251,"timestamp_ns":684594112723000,"run_id":"stepping-stage-10","component":"codex","event":"protocol.stdout","fields":{"bytes":252}}
{"schema":"vecherinka.log.v1","seq":252,"timestamp_ns":684594130156958,"run_id":"stepping-stage-10","component":"codex","event":"protocol.stdout","fields":{"bytes":255}}
{"schema":"vecherinka.log.v1","seq":253,"timestamp_ns":684594148598750,"run_id":"stepping-stage-10","component":"codex","event":"protocol.stdout","fields":{"bytes":251}}
{"schema":"vecherinka.log.v1","seq":254,"timestamp_ns":684594170157875,"run_id":"stepping-stage-10","component":"codex","event":"protocol.stdout","fields":{"bytes":252}}
{"schema":"vecherinka.log.v1","seq":255,"timestamp_ns":684594195921875,"run_id":"stepping-stage-10","component":"codex","event":"protocol.stdout","fields":{"bytes":257}}
{"schema":"vecherinka.log.v1","seq":256,"timestamp_ns":684594211745375,"run_id":"stepping-stage-10","component":"codex","event":"protocol.stdout","fields":{"bytes":252}}
{"schema":"vecherinka.log.v1","seq":257,"timestamp_ns":684594235728041,"run_id":"stepping-stage-10","component":"codex","event":"protocol.stdout","fields":{"bytes":256}}
{"schema":"vecherinka.log.v1","seq":258,"timestamp_ns":684594246325791,"run_id":"stepping-stage-10","component":"codex","event":"protocol.stdout","fields":{"bytes":251}}
{"schema":"vecherinka.log.v1","seq":259,"timestamp_ns":684594262860250,"run_id":"stepping-stage-10","component":"codex","event":"protocol.stdout","fields":{"bytes":251}}
{"schema":"vecherinka.log.v1","seq":260,"timestamp_ns":684594324027666,"run_id":"stepping-stage-10","component":"codex","event":"protocol.stdout","fields":{"bytes":251}}
{"schema":"vecherinka.log.v1","seq":261,"timestamp_ns":684594331059083,"run_id":"stepping-stage-10","component":"codex","event":"protocol.stdout","fields":{"bytes":252}}
{"schema":"vecherinka.log.v1","seq":262,"timestamp_ns":684594331185333,"run_id":"stepping-stage-10","component":"codex","event":"protocol.stdout","fields":{"bytes":251}}
{"schema":"vecherinka.log.v1","seq":263,"timestamp_ns":684594332532416,"run_id":"stepping-stage-10","component":"codex","event":"protocol.stdout","fields":{"bytes":254}}
{"schema":"vecherinka.log.v1","seq":264,"timestamp_ns":684594378430666,"run_id":"stepping-stage-10","component":"codex","event":"protocol.stdout","fields":{"bytes":253}}
{"schema":"vecherinka.log.v1","seq":265,"timestamp_ns":684594378563708,"run_id":"stepping-stage-10","component":"codex","event":"protocol.stdout","fields":{"bytes":258}}
{"schema":"vecherinka.log.v1","seq":266,"timestamp_ns":684594383679125,"run_id":"stepping-stage-10","component":"codex","event":"protocol.stdout","fields":{"bytes":254}}
{"schema":"vecherinka.log.v1","seq":267,"timestamp_ns":684594401646375,"run_id":"stepping-stage-10","component":"codex","event":"protocol.stdout","fields":{"bytes":255}}
{"schema":"vecherinka.log.v1","seq":268,"timestamp_ns":684594439005791,"run_id":"stepping-stage-10","component":"codex","event":"protocol.stdout","fields":{"bytes":255}}
{"schema":"vecherinka.log.v1","seq":269,"timestamp_ns":684594458243083,"run_id":"stepping-stage-10","component":"codex","event":"protocol.stdout","fields":{"bytes":253}}
{"schema":"vecherinka.log.v1","seq":270,"timestamp_ns":684594492324041,"run_id":"stepping-stage-10","component":"codex","event":"protocol.stdout","fields":{"bytes":254}}
{"schema":"vecherinka.log.v1","seq":271,"timestamp_ns":684594492480625,"run_id":"stepping-stage-10","component":"codex","event":"protocol.stdout","fields":{"bytes":258}}
{"schema":"vecherinka.log.v1","seq":272,"timestamp_ns":684594500150291,"run_id":"stepping-stage-10","component":"codex","event":"protocol.stdout","fields":{"bytes":260}}
{"schema":"vecherinka.log.v1","seq":273,"timestamp_ns":684594519162333,"run_id":"stepping-stage-10","component":"codex","event":"protocol.stdout","fields":{"bytes":251}}
{"schema":"vecherinka.log.v1","seq":274,"timestamp_ns":684594537709166,"run_id":"stepping-stage-10","component":"codex","event":"protocol.stdout","fields":{"bytes":253}}
{"schema":"vecherinka.log.v1","seq":275,"timestamp_ns":684594559991375,"run_id":"stepping-stage-10","component":"codex","event":"protocol.stdout","fields":{"bytes":253}}
{"schema":"vecherinka.log.v1","seq":276,"timestamp_ns":684594560378291,"run_id":"stepping-stage-10","component":"codex","event":"protocol.stdout","fields":{"bytes":263}}
{"schema":"vecherinka.log.v1","seq":277,"timestamp_ns":684594590006875,"run_id":"stepping-stage-10","component":"codex","event":"protocol.stdout","fields":{"bytes":253}}
{"schema":"vecherinka.log.v1","seq":278,"timestamp_ns":684594628923291,"run_id":"stepping-stage-10","component":"codex","event":"protocol.stdout","fields":{"bytes":256}}
{"schema":"vecherinka.log.v1","seq":279,"timestamp_ns":684594630678958,"run_id":"stepping-stage-10","component":"codex","event":"protocol.stdout","fields":{"bytes":255}}
{"schema":"vecherinka.log.v1","seq":280,"timestamp_ns":684594652126916,"run_id":"stepping-stage-10","component":"codex","event":"protocol.stdout","fields":{"bytes":259}}
{"schema":"vecherinka.log.v1","seq":281,"timestamp_ns":684594661938458,"run_id":"stepping-stage-10","component":"codex","event":"protocol.stdout","fields":{"bytes":253}}
{"schema":"vecherinka.log.v1","seq":282,"timestamp_ns":684594704241875,"run_id":"stepping-stage-10","component":"codex","event":"protocol.stdout","fields":{"bytes":257}}
{"schema":"vecherinka.log.v1","seq":283,"timestamp_ns":684594753751583,"run_id":"stepping-stage-10","component":"codex","event":"protocol.stdout","fields":{"bytes":251}}
{"schema":"vecherinka.log.v1","seq":284,"timestamp_ns":684594918004208,"run_id":"stepping-stage-10","component":"codex","event":"protocol.stdout","fields":{"bytes":496}}
{"schema":"vecherinka.log.v1","seq":285,"timestamp_ns":684595985145208,"run_id":"stepping-stage-10","component":"codex","event":"protocol.stdout","fields":{"bytes":309}}
{"schema":"vecherinka.log.v1","seq":286,"timestamp_ns":684597016401416,"run_id":"stepping-stage-10","component":"codex","event":"protocol.stdout","fields":{"bytes":905}}
{"schema":"vecherinka.log.v1","seq":287,"timestamp_ns":684597016568416,"run_id":"stepping-stage-10","component":"codex","event":"protocol.stdout","fields":{"bytes":921}}
{"schema":"vecherinka.log.v1","seq":288,"timestamp_ns":684597016680458,"run_id":"stepping-stage-10","component":"codex","event":"protocol.stdout","fields":{"bytes":473}}
{"schema":"vecherinka.log.v1","seq":289,"timestamp_ns":684597020554833,"run_id":"stepping-stage-10","component":"codex","event":"protocol.stdout","fields":{"bytes":515}}
{"schema":"vecherinka.log.v1","seq":290,"timestamp_ns":684597020682250,"run_id":"stepping-stage-10","component":"codex","event":"protocol.stdout","fields":{"bytes":456}}
{"schema":"vecherinka.log.v1","seq":291,"timestamp_ns":684597402607583,"run_id":"stepping-stage-10","component":"codex","event":"protocol.stdout","fields":{"bytes":681}}
{"schema":"vecherinka.log.v1","seq":292,"timestamp_ns":684597402760416,"run_id":"stepping-stage-10","component":"codex","event":"protocol.stdout","fields":{"bytes":998}}
{"schema":"vecherinka.log.v1","seq":293,"timestamp_ns":684597402878791,"run_id":"stepping-stage-10","component":"codex","event":"protocol.stdout","fields":{"bytes":473}}
{"schema":"vecherinka.log.v1","seq":294,"timestamp_ns":684597406698916,"run_id":"stepping-stage-10","component":"codex","event":"protocol.stdout","fields":{"bytes":515}}
{"schema":"vecherinka.log.v1","seq":295,"timestamp_ns":684597406825333,"run_id":"stepping-stage-10","component":"codex","event":"protocol.stdout","fields":{"bytes":456}}
{"schema":"vecherinka.log.v1","seq":296,"timestamp_ns":684598557810416,"run_id":"stepping-stage-10","component":"codex","event":"protocol.stdout","fields":{"bytes":305}}
{"schema":"vecherinka.log.v1","seq":297,"timestamp_ns":684599236977666,"run_id":"stepping-stage-10","component":"codex","event":"protocol.stdout","fields":{"bytes":305}}
{"schema":"vecherinka.log.v1","seq":298,"timestamp_ns":684599699534041,"run_id":"stepping-stage-10","component":"codex","event":"protocol.stdout","fields":{"bytes":309}}
{"schema":"vecherinka.log.v1","seq":299,"timestamp_ns":684599916738000,"run_id":"stepping-stage-10","component":"codex","event":"protocol.stdout","fields":{"bytes":309}}
{"schema":"vecherinka.log.v1","seq":300,"timestamp_ns":684600153093041,"run_id":"stepping-stage-10","component":"codex","event":"protocol.stdout","fields":{"bytes":474}}
{"schema":"vecherinka.log.v1","seq":301,"timestamp_ns":684600153512083,"run_id":"stepping-stage-10","component":"codex","event":"protocol.stdout","fields":{"bytes":322}}
{"schema":"vecherinka.log.v1","seq":302,"timestamp_ns":684600153772583,"run_id":"stepping-stage-10","component":"vecherinka","event":"model.output","fields":{"request_id":"i:0","tool":"finish_work","arguments_bytes":75}}
{"schema":"vecherinka.log.v1","seq":303,"timestamp_ns":684600155071541,"run_id":"stepping-stage-10","component":"vecherinka","event":"model.reject","fields":{"request_id":"i:0","error":"invalid finish_work locations: output.source: Location source does not exist: /Users/alex/areas/productive/orchestration/run-swQ9BUTK/artifact-6/stage-10-source-payload-6a52\n\n"}}
{"schema":"vecherinka.log.v1","seq":304,"timestamp_ns":684600156429458,"run_id":"stepping-stage-10","component":"codex","event":"protocol.stdout","fields":{"bytes":705}}
{"schema":"vecherinka.log.v1","seq":305,"timestamp_ns":684600156594416,"run_id":"stepping-stage-10","component":"codex","event":"protocol.stdout","fields":{"bytes":473}}
{"schema":"vecherinka.log.v1","seq":306,"timestamp_ns":684600171638458,"run_id":"stepping-stage-10","component":"codex","event":"protocol.stdout","fields":{"bytes":513}}
{"schema":"vecherinka.log.v1","seq":307,"timestamp_ns":684600171790625,"run_id":"stepping-stage-10","component":"codex","event":"protocol.stdout","fields":{"bytes":456}}
{"schema":"vecherinka.log.v1","seq":308,"timestamp_ns":684600285300375,"run_id":"stepping-stage-10","component":"codex","event":"protocol.stdout","fields":{"bytes":473}}
{"schema":"vecherinka.log.v1","seq":309,"timestamp_ns":684600285480250,"run_id":"stepping-stage-10","component":"codex","event":"protocol.stdout","fields":{"bytes":475}}
{"schema":"vecherinka.log.v1","seq":310,"timestamp_ns":684600331266750,"run_id":"stepping-stage-10","component":"codex","event":"protocol.stdout","fields":{"bytes":513}}
{"schema":"vecherinka.log.v1","seq":311,"timestamp_ns":684600331531958,"run_id":"stepping-stage-10","component":"codex","event":"protocol.stdout","fields":{"bytes":456}}
{"schema":"vecherinka.log.v1","seq":312,"timestamp_ns":684601033560875,"run_id":"stepping-stage-10","component":"codex","event":"protocol.stdout","fields":{"bytes":305}}
{"schema":"vecherinka.log.v1","seq":313,"timestamp_ns":684601117585708,"run_id":"stepping-stage-10","component":"codex","event":"protocol.stdout","fields":{"bytes":305}}
{"schema":"vecherinka.log.v1","seq":314,"timestamp_ns":684602598747291,"run_id":"stepping-stage-10","component":"codex","event":"protocol.stdout","fields":{"bytes":309}}
{"schema":"vecherinka.log.v1","seq":315,"timestamp_ns":684602599341041,"run_id":"stepping-stage-10","component":"codex","event":"protocol.stdout","fields":{"bytes":336}}
{"schema":"vecherinka.log.v1","seq":316,"timestamp_ns":684602599534208,"run_id":"stepping-stage-10","component":"codex","event":"protocol.stdout","fields":{"bytes":253}}
{"schema":"vecherinka.log.v1","seq":317,"timestamp_ns":684602599731000,"run_id":"stepping-stage-10","component":"codex","event":"protocol.stdout","fields":{"bytes":257}}
{"schema":"vecherinka.log.v1","seq":318,"timestamp_ns":684602623338500,"run_id":"stepping-stage-10","component":"codex","event":"protocol.stdout","fields":{"bytes":254}}
{"schema":"vecherinka.log.v1","seq":319,"timestamp_ns":684602623977583,"run_id":"stepping-stage-10","component":"codex","event":"protocol.stdout","fields":{"bytes":255}}
{"schema":"vecherinka.log.v1","seq":320,"timestamp_ns":684602644781625,"run_id":"stepping-stage-10","component":"codex","event":"protocol.stdout","fields":{"bytes":263}}
{"schema":"vecherinka.log.v1","seq":321,"timestamp_ns":684602660003166,"run_id":"stepping-stage-10","component":"codex","event":"protocol.stdout","fields":{"bytes":251}}
{"schema":"vecherinka.log.v1","seq":322,"timestamp_ns":684602684126583,"run_id":"stepping-stage-10","component":"codex","event":"protocol.stdout","fields":{"bytes":254}}
{"schema":"vecherinka.log.v1","seq":323,"timestamp_ns":684602698346833,"run_id":"stepping-stage-10","component":"codex","event":"protocol.stdout","fields":{"bytes":261}}
{"schema":"vecherinka.log.v1","seq":324,"timestamp_ns":684602719963833,"run_id":"stepping-stage-10","component":"codex","event":"protocol.stdout","fields":{"bytes":255}}
{"schema":"vecherinka.log.v1","seq":325,"timestamp_ns":684602740272166,"run_id":"stepping-stage-10","component":"codex","event":"protocol.stdout","fields":{"bytes":253}}
{"schema":"vecherinka.log.v1","seq":326,"timestamp_ns":684602758175791,"run_id":"stepping-stage-10","component":"codex","event":"protocol.stdout","fields":{"bytes":259}}
{"schema":"vecherinka.log.v1","seq":327,"timestamp_ns":684602779610958,"run_id":"stepping-stage-10","component":"codex","event":"protocol.stdout","fields":{"bytes":254}}
{"schema":"vecherinka.log.v1","seq":328,"timestamp_ns":684602779757125,"run_id":"stepping-stage-10","component":"codex","event":"protocol.stdout","fields":{"bytes":259}}
{"schema":"vecherinka.log.v1","seq":329,"timestamp_ns":684602798472500,"run_id":"stepping-stage-10","component":"codex","event":"protocol.stdout","fields":{"bytes":257}}
{"schema":"vecherinka.log.v1","seq":330,"timestamp_ns":684602821088375,"run_id":"stepping-stage-10","component":"codex","event":"protocol.stdout","fields":{"bytes":253}}
{"schema":"vecherinka.log.v1","seq":331,"timestamp_ns":684602840423125,"run_id":"stepping-stage-10","component":"codex","event":"protocol.stdout","fields":{"bytes":253}}
{"schema":"vecherinka.log.v1","seq":332,"timestamp_ns":684602859266708,"run_id":"stepping-stage-10","component":"codex","event":"protocol.stdout","fields":{"bytes":261}}
{"schema":"vecherinka.log.v1","seq":333,"timestamp_ns":684602878101250,"run_id":"stepping-stage-10","component":"codex","event":"protocol.stdout","fields":{"bytes":253}}
{"schema":"vecherinka.log.v1","seq":334,"timestamp_ns":684602898365666,"run_id":"stepping-stage-10","component":"codex","event":"protocol.stdout","fields":{"bytes":254}}
{"schema":"vecherinka.log.v1","seq":335,"timestamp_ns":684602921204791,"run_id":"stepping-stage-10","component":"codex","event":"protocol.stdout","fields":{"bytes":255}}
{"schema":"vecherinka.log.v1","seq":336,"timestamp_ns":684602943979666,"run_id":"stepping-stage-10","component":"codex","event":"protocol.stdout","fields":{"bytes":255}}
{"schema":"vecherinka.log.v1","seq":337,"timestamp_ns":684602961751000,"run_id":"stepping-stage-10","component":"codex","event":"protocol.stdout","fields":{"bytes":251}}
{"schema":"vecherinka.log.v1","seq":338,"timestamp_ns":684602963185041,"run_id":"stepping-stage-10","component":"codex","event":"protocol.stdout","fields":{"bytes":253}}
{"schema":"vecherinka.log.v1","seq":339,"timestamp_ns":684602985748583,"run_id":"stepping-stage-10","component":"codex","event":"protocol.stdout","fields":{"bytes":252}}
{"schema":"vecherinka.log.v1","seq":340,"timestamp_ns":684603004622916,"run_id":"stepping-stage-10","component":"codex","event":"protocol.stdout","fields":{"bytes":309}}
{"schema":"vecherinka.log.v1","seq":341,"timestamp_ns":684603005994500,"run_id":"stepping-stage-10","component":"codex","event":"protocol.stdout","fields":{"bytes":254}}
{"schema":"vecherinka.log.v1","seq":342,"timestamp_ns":684603021229958,"run_id":"stepping-stage-10","component":"codex","event":"protocol.stdout","fields":{"bytes":261}}
{"schema":"vecherinka.log.v1","seq":343,"timestamp_ns":684603042745625,"run_id":"stepping-stage-10","component":"codex","event":"protocol.stdout","fields":{"bytes":252}}
{"schema":"vecherinka.log.v1","seq":344,"timestamp_ns":684603059237625,"run_id":"stepping-stage-10","component":"codex","event":"protocol.stdout","fields":{"bytes":256}}
{"schema":"vecherinka.log.v1","seq":345,"timestamp_ns":684603076994291,"run_id":"stepping-stage-10","component":"codex","event":"protocol.stdout","fields":{"bytes":254}}
{"schema":"vecherinka.log.v1","seq":346,"timestamp_ns":684603098445625,"run_id":"stepping-stage-10","component":"codex","event":"protocol.stdout","fields":{"bytes":251}}
{"schema":"vecherinka.log.v1","seq":347,"timestamp_ns":684603118863875,"run_id":"stepping-stage-10","component":"codex","event":"protocol.stdout","fields":{"bytes":255}}
{"schema":"vecherinka.log.v1","seq":348,"timestamp_ns":684603138185000,"run_id":"stepping-stage-10","component":"codex","event":"protocol.stdout","fields":{"bytes":254}}
{"schema":"vecherinka.log.v1","seq":349,"timestamp_ns":684603159278416,"run_id":"stepping-stage-10","component":"codex","event":"protocol.stdout","fields":{"bytes":257}}
{"schema":"vecherinka.log.v1","seq":350,"timestamp_ns":684603159899708,"run_id":"stepping-stage-10","component":"codex","event":"protocol.stdout","fields":{"bytes":260}}
{"schema":"vecherinka.log.v1","seq":351,"timestamp_ns":684603180139500,"run_id":"stepping-stage-10","component":"codex","event":"protocol.stdout","fields":{"bytes":251}}
{"schema":"vecherinka.log.v1","seq":352,"timestamp_ns":684603406660125,"run_id":"stepping-stage-10","component":"codex","event":"protocol.stdout","fields":{"bytes":520}}
{"schema":"vecherinka.log.v1","seq":353,"timestamp_ns":684603746607708,"run_id":"stepping-stage-10","component":"codex","event":"protocol.stdout","fields":{"bytes":472}}
{"schema":"vecherinka.log.v1","seq":354,"timestamp_ns":684603746852333,"run_id":"stepping-stage-10","component":"codex","event":"protocol.stdout","fields":{"bytes":320}}
{"schema":"vecherinka.log.v1","seq":355,"timestamp_ns":684603747012041,"run_id":"stepping-stage-10","component":"vecherinka","event":"model.output","fields":{"request_id":"i:1","tool":"finish_work","arguments_bytes":73}}
{"schema":"vecherinka.log.v1","seq":356,"timestamp_ns":684603747196166,"run_id":"stepping-stage-10","component":"vecherinka","event":"model.reject","fields":{"request_id":"i:1","error":"invalid finish_work locations: output.source: Location source does not exist: /Users/alex/areas/productive/orchestration/run-swQ9BUTK/artifact-7/stage-10-source-payload-6a52\n"}}
{"schema":"vecherinka.log.v1","seq":357,"timestamp_ns":684603748606250,"run_id":"stepping-stage-10","component":"codex","event":"protocol.stdout","fields":{"bytes":701}}
{"schema":"vecherinka.log.v1","seq":358,"timestamp_ns":684603846909916,"run_id":"stepping-stage-10","component":"codex","event":"protocol.stdout","fields":{"bytes":514}}
{"schema":"vecherinka.log.v1","seq":359,"timestamp_ns":684603847054083,"run_id":"stepping-stage-10","component":"codex","event":"protocol.stdout","fields":{"bytes":456}}
{"schema":"vecherinka.log.v1","seq":360,"timestamp_ns":684603905881708,"run_id":"stepping-stage-10","component":"codex","event":"protocol.stdout","fields":{"bytes":473}}
{"schema":"vecherinka.log.v1","seq":361,"timestamp_ns":684603912323500,"run_id":"stepping-stage-10","component":"codex","event":"protocol.stdout","fields":{"bytes":514}}
{"schema":"vecherinka.log.v1","seq":362,"timestamp_ns":684603912524291,"run_id":"stepping-stage-10","component":"codex","event":"protocol.stdout","fields":{"bytes":456}}
{"schema":"vecherinka.log.v1","seq":363,"timestamp_ns":684604058266166,"run_id":"stepping-stage-10","component":"codex","event":"protocol.stdout","fields":{"bytes":454}}
{"schema":"vecherinka.log.v1","seq":364,"timestamp_ns":684604058410791,"run_id":"stepping-stage-10","component":"codex","event":"protocol.stdout","fields":{"bytes":302}}
{"schema":"vecherinka.log.v1","seq":365,"timestamp_ns":684604058518708,"run_id":"stepping-stage-10","component":"vecherinka","event":"model.output","fields":{"request_id":"i:0","tool":"finish_work","arguments_bytes":55}}
{"schema":"vecherinka.log.v1","seq":366,"timestamp_ns":684604058662083,"run_id":"stepping-stage-10","component":"vecherinka","event":"artifact.commit","fields":{"artifact_id":6,"artifact_dir":"artifact-6"}}
{"schema":"vecherinka.log.v1","seq":367,"timestamp_ns":684604058689583,"run_id":"stepping-stage-10","component":"vecherinka","event":"model.finish","fields":{"request_id":"i:0","output_artifact_id":6}}
{"schema":"vecherinka.log.v1","seq":368,"timestamp_ns":684604058714541,"run_id":"stepping-stage-10","component":"vecherinka","event":"join.slot","fields":{"join_id":2,"slot":0,"artifact_id":6,"remaining":1}}
{"schema":"vecherinka.log.v1","seq":369,"timestamp_ns":684604060002583,"run_id":"stepping-stage-10","component":"codex","event":"protocol.stdout","fields":{"bytes":545}}
{"schema":"vecherinka.log.v1","seq":370,"timestamp_ns":684604060119333,"run_id":"stepping-stage-10","component":"codex","event":"protocol.stdout","fields":{"bytes":473}}
{"schema":"vecherinka.log.v1","seq":371,"timestamp_ns":684604098112416,"run_id":"stepping-stage-10","component":"codex","event":"protocol.stdout","fields":{"bytes":514}}
{"schema":"vecherinka.log.v1","seq":372,"timestamp_ns":684604098255250,"run_id":"stepping-stage-10","component":"codex","event":"protocol.stdout","fields":{"bytes":456}}
{"schema":"vecherinka.log.v1","seq":373,"timestamp_ns":684604647544750,"run_id":"stepping-stage-10","component":"codex","event":"protocol.stdout","fields":{"bytes":305}}
{"schema":"vecherinka.log.v1","seq":374,"timestamp_ns":684604932773583,"run_id":"stepping-stage-10","component":"codex","event":"protocol.stdout","fields":{"bytes":309}}
{"schema":"vecherinka.log.v1","seq":375,"timestamp_ns":684605003120416,"run_id":"stepping-stage-10","component":"codex","event":"protocol.stdout","fields":{"bytes":305}}
{"schema":"vecherinka.log.v1","seq":376,"timestamp_ns":684605261835541,"run_id":"stepping-stage-10","component":"codex","event":"protocol.stdout","fields":{"bytes":309}}
{"schema":"vecherinka.log.v1","seq":377,"timestamp_ns":684605262065875,"run_id":"stepping-stage-10","component":"codex","event":"protocol.stdout","fields":{"bytes":338}}
{"schema":"vecherinka.log.v1","seq":378,"timestamp_ns":684605267220250,"run_id":"stepping-stage-10","component":"codex","event":"protocol.stdout","fields":{"bytes":259}}
{"schema":"vecherinka.log.v1","seq":379,"timestamp_ns":684605285180875,"run_id":"stepping-stage-10","component":"codex","event":"protocol.stdout","fields":{"bytes":251}}
{"schema":"vecherinka.log.v1","seq":380,"timestamp_ns":684605286920166,"run_id":"stepping-stage-10","component":"codex","event":"protocol.stdout","fields":{"bytes":252}}
{"schema":"vecherinka.log.v1","seq":381,"timestamp_ns":684605308186000,"run_id":"stepping-stage-10","component":"codex","event":"protocol.stdout","fields":{"bytes":256}}
{"schema":"vecherinka.log.v1","seq":382,"timestamp_ns":684605326883125,"run_id":"stepping-stage-10","component":"codex","event":"protocol.stdout","fields":{"bytes":254}}
{"schema":"vecherinka.log.v1","seq":383,"timestamp_ns":684605350063416,"run_id":"stepping-stage-10","component":"codex","event":"protocol.stdout","fields":{"bytes":251}}
{"schema":"vecherinka.log.v1","seq":384,"timestamp_ns":684605368099916,"run_id":"stepping-stage-10","component":"codex","event":"protocol.stdout","fields":{"bytes":260}}
{"schema":"vecherinka.log.v1","seq":385,"timestamp_ns":684605368347083,"run_id":"stepping-stage-10","component":"codex","event":"protocol.stdout","fields":{"bytes":305}}
{"schema":"vecherinka.log.v1","seq":386,"timestamp_ns":684605391749583,"run_id":"stepping-stage-10","component":"codex","event":"protocol.stdout","fields":{"bytes":255}}
{"schema":"vecherinka.log.v1","seq":387,"timestamp_ns":684605407551166,"run_id":"stepping-stage-10","component":"codex","event":"protocol.stdout","fields":{"bytes":257}}
{"schema":"vecherinka.log.v1","seq":388,"timestamp_ns":684605426558541,"run_id":"stepping-stage-10","component":"codex","event":"protocol.stdout","fields":{"bytes":252}}
{"schema":"vecherinka.log.v1","seq":389,"timestamp_ns":684605450401041,"run_id":"stepping-stage-10","component":"codex","event":"protocol.stdout","fields":{"bytes":255}}
{"schema":"vecherinka.log.v1","seq":390,"timestamp_ns":684605450538791,"run_id":"stepping-stage-10","component":"codex","event":"protocol.stdout","fields":{"bytes":251}}
{"schema":"vecherinka.log.v1","seq":391,"timestamp_ns":684605468190333,"run_id":"stepping-stage-10","component":"codex","event":"protocol.stdout","fields":{"bytes":252}}
{"schema":"vecherinka.log.v1","seq":392,"timestamp_ns":684605487342958,"run_id":"stepping-stage-10","component":"codex","event":"protocol.stdout","fields":{"bytes":255}}
{"schema":"vecherinka.log.v1","seq":393,"timestamp_ns":684605517661875,"run_id":"stepping-stage-10","component":"codex","event":"protocol.stdout","fields":{"bytes":251}}
{"schema":"vecherinka.log.v1","seq":394,"timestamp_ns":684605531825291,"run_id":"stepping-stage-10","component":"codex","event":"protocol.stdout","fields":{"bytes":251}}
{"schema":"vecherinka.log.v1","seq":395,"timestamp_ns":684605561643958,"run_id":"stepping-stage-10","component":"codex","event":"protocol.stdout","fields":{"bytes":251}}
{"schema":"vecherinka.log.v1","seq":396,"timestamp_ns":684605566844458,"run_id":"stepping-stage-10","component":"codex","event":"protocol.stdout","fields":{"bytes":251}}
{"schema":"vecherinka.log.v1","seq":397,"timestamp_ns":684605583197375,"run_id":"stepping-stage-10","component":"codex","event":"protocol.stdout","fields":{"bytes":251}}
{"schema":"vecherinka.log.v1","seq":398,"timestamp_ns":684605603291291,"run_id":"stepping-stage-10","component":"codex","event":"protocol.stdout","fields":{"bytes":251}}
{"schema":"vecherinka.log.v1","seq":399,"timestamp_ns":684605625537541,"run_id":"stepping-stage-10","component":"codex","event":"protocol.stdout","fields":{"bytes":251}}
{"schema":"vecherinka.log.v1","seq":400,"timestamp_ns":684605644398333,"run_id":"stepping-stage-10","component":"codex","event":"protocol.stdout","fields":{"bytes":252}}
{"schema":"vecherinka.log.v1","seq":401,"timestamp_ns":684605722140583,"run_id":"stepping-stage-10","component":"codex","event":"protocol.stdout","fields":{"bytes":411}}
{"schema":"vecherinka.log.v1","seq":402,"timestamp_ns":684605752391625,"run_id":"stepping-stage-10","component":"codex","event":"protocol.stdout","fields":{"bytes":515}}
{"schema":"vecherinka.log.v1","seq":403,"timestamp_ns":684605752535625,"run_id":"stepping-stage-10","component":"codex","event":"protocol.stdout","fields":{"bytes":456}}
{"schema":"vecherinka.log.v1","seq":404,"timestamp_ns":684605755167791,"run_id":"stepping-stage-10","component":"codex","event":"protocol.stdout","fields":{"bytes":473}}
{"schema":"vecherinka.log.v1","seq":405,"timestamp_ns":684605755282750,"run_id":"stepping-stage-10","component":"codex","event":"protocol.stdout","fields":{"bytes":148}}
{"schema":"vecherinka.log.v1","seq":406,"timestamp_ns":684605755360750,"run_id":"stepping-stage-10","component":"codex","event":"protocol.stdout","fields":{"bytes":512}}
{"schema":"vecherinka.log.v1","seq":407,"timestamp_ns":684605765797750,"run_id":"stepping-stage-10","component":"codex","event":"protocol.stdout","fields":{"bytes":167}}
{"schema":"vecherinka.log.v1","seq":408,"timestamp_ns":684605765987458,"run_id":"stepping-stage-10","component":"codex","event":"protocol.stdout","fields":{"bytes":297}}
{"schema":"vecherinka.log.v1","seq":409,"timestamp_ns":684606926802875,"run_id":"stepping-stage-10","component":"codex","event":"protocol.stdout","fields":{"bytes":305}}
{"schema":"vecherinka.log.v1","seq":410,"timestamp_ns":684608671269708,"run_id":"stepping-stage-10","component":"codex","event":"protocol.stdout","fields":{"bytes":309}}
{"schema":"vecherinka.log.v1","seq":411,"timestamp_ns":684608673106041,"run_id":"stepping-stage-10","component":"codex","event":"protocol.stdout","fields":{"bytes":336}}
{"schema":"vecherinka.log.v1","seq":412,"timestamp_ns":684608678743791,"run_id":"stepping-stage-10","component":"codex","event":"protocol.stdout","fields":{"bytes":253}}
{"schema":"vecherinka.log.v1","seq":413,"timestamp_ns":684608699990750,"run_id":"stepping-stage-10","component":"codex","event":"protocol.stdout","fields":{"bytes":261}}
{"schema":"vecherinka.log.v1","seq":414,"timestamp_ns":684608723625291,"run_id":"stepping-stage-10","component":"codex","event":"protocol.stdout","fields":{"bytes":255}}
{"schema":"vecherinka.log.v1","seq":415,"timestamp_ns":684608743258291,"run_id":"stepping-stage-10","component":"codex","event":"protocol.stdout","fields":{"bytes":253}}
{"schema":"vecherinka.log.v1","seq":416,"timestamp_ns":684608760077208,"run_id":"stepping-stage-10","component":"codex","event":"protocol.stdout","fields":{"bytes":258}}
{"schema":"vecherinka.log.v1","seq":417,"timestamp_ns":684608777920791,"run_id":"stepping-stage-10","component":"codex","event":"protocol.stdout","fields":{"bytes":254}}
{"schema":"vecherinka.log.v1","seq":418,"timestamp_ns":684608802300041,"run_id":"stepping-stage-10","component":"codex","event":"protocol.stdout","fields":{"bytes":259}}
{"schema":"vecherinka.log.v1","seq":419,"timestamp_ns":684608813435166,"run_id":"stepping-stage-10","component":"codex","event":"protocol.stdout","fields":{"bytes":257}}
{"schema":"vecherinka.log.v1","seq":420,"timestamp_ns":684608817645916,"run_id":"stepping-stage-10","component":"codex","event":"protocol.stdout","fields":{"bytes":256}}
{"schema":"vecherinka.log.v1","seq":421,"timestamp_ns":684608837865125,"run_id":"stepping-stage-10","component":"codex","event":"protocol.stdout","fields":{"bytes":253}}
{"schema":"vecherinka.log.v1","seq":422,"timestamp_ns":684608849018000,"run_id":"stepping-stage-10","component":"codex","event":"protocol.stdout","fields":{"bytes":260}}
{"schema":"vecherinka.log.v1","seq":423,"timestamp_ns":684608881141208,"run_id":"stepping-stage-10","component":"codex","event":"protocol.stdout","fields":{"bytes":254}}
{"schema":"vecherinka.log.v1","seq":424,"timestamp_ns":684608896902708,"run_id":"stepping-stage-10","component":"codex","event":"protocol.stdout","fields":{"bytes":259}}
{"schema":"vecherinka.log.v1","seq":425,"timestamp_ns":684608911491208,"run_id":"stepping-stage-10","component":"codex","event":"protocol.stdout","fields":{"bytes":255}}
{"schema":"vecherinka.log.v1","seq":426,"timestamp_ns":684608932197875,"run_id":"stepping-stage-10","component":"codex","event":"protocol.stdout","fields":{"bytes":251}}
{"schema":"vecherinka.log.v1","seq":427,"timestamp_ns":684608955522750,"run_id":"stepping-stage-10","component":"codex","event":"protocol.stdout","fields":{"bytes":253}}
{"schema":"vecherinka.log.v1","seq":428,"timestamp_ns":684608974941750,"run_id":"stepping-stage-10","component":"codex","event":"protocol.stdout","fields":{"bytes":252}}
{"schema":"vecherinka.log.v1","seq":429,"timestamp_ns":684608997618208,"run_id":"stepping-stage-10","component":"codex","event":"protocol.stdout","fields":{"bytes":254}}
{"schema":"vecherinka.log.v1","seq":430,"timestamp_ns":684609041185416,"run_id":"stepping-stage-10","component":"codex","event":"protocol.stdout","fields":{"bytes":261}}
{"schema":"vecherinka.log.v1","seq":431,"timestamp_ns":684609041470458,"run_id":"stepping-stage-10","component":"codex","event":"protocol.stdout","fields":{"bytes":252}}
{"schema":"vecherinka.log.v1","seq":432,"timestamp_ns":684609041555833,"run_id":"stepping-stage-10","component":"codex","event":"protocol.stdout","fields":{"bytes":256}}
{"schema":"vecherinka.log.v1","seq":433,"timestamp_ns":684609060369125,"run_id":"stepping-stage-10","component":"codex","event":"protocol.stdout","fields":{"bytes":254}}
{"schema":"vecherinka.log.v1","seq":434,"timestamp_ns":684609076224500,"run_id":"stepping-stage-10","component":"codex","event":"protocol.stdout","fields":{"bytes":251}}
{"schema":"vecherinka.log.v1","seq":435,"timestamp_ns":684609100883541,"run_id":"stepping-stage-10","component":"codex","event":"protocol.stdout","fields":{"bytes":257}}
{"schema":"vecherinka.log.v1","seq":436,"timestamp_ns":684609113124541,"run_id":"stepping-stage-10","component":"codex","event":"protocol.stdout","fields":{"bytes":253}}
{"schema":"vecherinka.log.v1","seq":437,"timestamp_ns":684609142084541,"run_id":"stepping-stage-10","component":"codex","event":"protocol.stdout","fields":{"bytes":254}}
{"schema":"vecherinka.log.v1","seq":438,"timestamp_ns":684609155618083,"run_id":"stepping-stage-10","component":"codex","event":"protocol.stdout","fields":{"bytes":257}}
{"schema":"vecherinka.log.v1","seq":439,"timestamp_ns":684609172218916,"run_id":"stepping-stage-10","component":"codex","event":"protocol.stdout","fields":{"bytes":259}}
{"schema":"vecherinka.log.v1","seq":440,"timestamp_ns":684609188843375,"run_id":"stepping-stage-10","component":"codex","event":"protocol.stdout","fields":{"bytes":251}}
{"schema":"vecherinka.log.v1","seq":441,"timestamp_ns":684609348363666,"run_id":"stepping-stage-10","component":"codex","event":"protocol.stdout","fields":{"bytes":309}}
{"schema":"vecherinka.log.v1","seq":442,"timestamp_ns":684609349682750,"run_id":"stepping-stage-10","component":"codex","event":"protocol.stdout","fields":{"bytes":336}}
{"schema":"vecherinka.log.v1","seq":443,"timestamp_ns":684609349936375,"run_id":"stepping-stage-10","component":"codex","event":"protocol.stdout","fields":{"bytes":251}}
{"schema":"vecherinka.log.v1","seq":444,"timestamp_ns":684609354955916,"run_id":"stepping-stage-10","component":"codex","event":"protocol.stdout","fields":{"bytes":254}}
{"schema":"vecherinka.log.v1","seq":445,"timestamp_ns":684609373804250,"run_id":"stepping-stage-10","component":"codex","event":"protocol.stdout","fields":{"bytes":253}}
{"schema":"vecherinka.log.v1","seq":446,"timestamp_ns":684609403684875,"run_id":"stepping-stage-10","component":"codex","event":"protocol.stdout","fields":{"bytes":258}}
{"schema":"vecherinka.log.v1","seq":447,"timestamp_ns":684609408797000,"run_id":"stepping-stage-10","component":"codex","event":"protocol.stdout","fields":{"bytes":254}}
{"schema":"vecherinka.log.v1","seq":448,"timestamp_ns":684609408902583,"run_id":"stepping-stage-10","component":"codex","event":"protocol.stdout","fields":{"bytes":492}}
{"schema":"vecherinka.log.v1","seq":449,"timestamp_ns":684609427535416,"run_id":"stepping-stage-10","component":"codex","event":"protocol.stdout","fields":{"bytes":258}}
{"schema":"vecherinka.log.v1","seq":450,"timestamp_ns":684609452742416,"run_id":"stepping-stage-10","component":"codex","event":"protocol.stdout","fields":{"bytes":259}}
{"schema":"vecherinka.log.v1","seq":451,"timestamp_ns":684609477210250,"run_id":"stepping-stage-10","component":"codex","event":"protocol.stdout","fields":{"bytes":256}}
{"schema":"vecherinka.log.v1","seq":452,"timestamp_ns":684609486194458,"run_id":"stepping-stage-10","component":"codex","event":"protocol.stdout","fields":{"bytes":251}}
{"schema":"vecherinka.log.v1","seq":453,"timestamp_ns":684609507822750,"run_id":"stepping-stage-10","component":"codex","event":"protocol.stdout","fields":{"bytes":255}}
{"schema":"vecherinka.log.v1","seq":454,"timestamp_ns":684609533200500,"run_id":"stepping-stage-10","component":"codex","event":"protocol.stdout","fields":{"bytes":252}}
{"schema":"vecherinka.log.v1","seq":455,"timestamp_ns":684609546516833,"run_id":"stepping-stage-10","component":"codex","event":"protocol.stdout","fields":{"bytes":255}}
{"schema":"vecherinka.log.v1","seq":456,"timestamp_ns":684609562854041,"run_id":"stepping-stage-10","component":"codex","event":"protocol.stdout","fields":{"bytes":256}}
{"schema":"vecherinka.log.v1","seq":457,"timestamp_ns":684609581212666,"run_id":"stepping-stage-10","component":"codex","event":"protocol.stdout","fields":{"bytes":254}}
{"schema":"vecherinka.log.v1","seq":458,"timestamp_ns":684609600323083,"run_id":"stepping-stage-10","component":"codex","event":"protocol.stdout","fields":{"bytes":258}}
{"schema":"vecherinka.log.v1","seq":459,"timestamp_ns":684609600968375,"run_id":"stepping-stage-10","component":"codex","event":"protocol.stdout","fields":{"bytes":254}}
{"schema":"vecherinka.log.v1","seq":460,"timestamp_ns":684609619494250,"run_id":"stepping-stage-10","component":"codex","event":"protocol.stdout","fields":{"bytes":256}}
{"schema":"vecherinka.log.v1","seq":461,"timestamp_ns":684609639449916,"run_id":"stepping-stage-10","component":"codex","event":"protocol.stdout","fields":{"bytes":255}}
{"schema":"vecherinka.log.v1","seq":462,"timestamp_ns":684609656776833,"run_id":"stepping-stage-10","component":"codex","event":"protocol.stdout","fields":{"bytes":258}}
{"schema":"vecherinka.log.v1","seq":463,"timestamp_ns":684609681474875,"run_id":"stepping-stage-10","component":"codex","event":"protocol.stdout","fields":{"bytes":259}}
{"schema":"vecherinka.log.v1","seq":464,"timestamp_ns":684609695639708,"run_id":"stepping-stage-10","component":"codex","event":"protocol.stdout","fields":{"bytes":254}}
{"schema":"vecherinka.log.v1","seq":465,"timestamp_ns":684609713395708,"run_id":"stepping-stage-10","component":"codex","event":"protocol.stdout","fields":{"bytes":255}}
{"schema":"vecherinka.log.v1","seq":466,"timestamp_ns":684609732287125,"run_id":"stepping-stage-10","component":"codex","event":"protocol.stdout","fields":{"bytes":251}}
{"schema":"vecherinka.log.v1","seq":467,"timestamp_ns":684609951427583,"run_id":"stepping-stage-10","component":"codex","event":"protocol.stdout","fields":{"bytes":456}}
{"schema":"vecherinka.log.v1","seq":468,"timestamp_ns":684610010743458,"run_id":"stepping-stage-10","component":"codex","event":"protocol.stdout","fields":{"bytes":454}}
{"schema":"vecherinka.log.v1","seq":469,"timestamp_ns":684610010894375,"run_id":"stepping-stage-10","component":"codex","event":"protocol.stdout","fields":{"bytes":302}}
{"schema":"vecherinka.log.v1","seq":470,"timestamp_ns":684610011008041,"run_id":"stepping-stage-10","component":"vecherinka","event":"model.output","fields":{"request_id":"i:1","tool":"finish_work","arguments_bytes":55}}
{"schema":"vecherinka.log.v1","seq":471,"timestamp_ns":684610011159416,"run_id":"stepping-stage-10","component":"vecherinka","event":"artifact.commit","fields":{"artifact_id":7,"artifact_dir":"artifact-7"}}
{"schema":"vecherinka.log.v1","seq":472,"timestamp_ns":684610011184833,"run_id":"stepping-stage-10","component":"vecherinka","event":"model.finish","fields":{"request_id":"i:1","output_artifact_id":7}}
{"schema":"vecherinka.log.v1","seq":473,"timestamp_ns":684610011210125,"run_id":"stepping-stage-10","component":"vecherinka","event":"join.slot","fields":{"join_id":2,"slot":1,"artifact_id":7,"remaining":0}}
{"schema":"vecherinka.log.v1","seq":474,"timestamp_ns":684610011385500,"run_id":"stepping-stage-10","component":"vecherinka","event":"artifact.reserve","fields":{"artifact_id":9,"artifact_dir":"artifact-9"}}
{"schema":"vecherinka.log.v1","seq":475,"timestamp_ns":684610011413333,"run_id":"stepping-stage-10","component":"vecherinka","event":"artifact.commit","fields":{"artifact_id":9,"artifact_dir":"artifact-9"}}
{"schema":"vecherinka.log.v1","seq":476,"timestamp_ns":684610011438416,"run_id":"stepping-stage-10","component":"vecherinka","event":"join.close","fields":{"join_id":2,"output_artifact_id":9}}
{"schema":"vecherinka.log.v1","seq":477,"timestamp_ns":684610011463708,"run_id":"stepping-stage-10","component":"vecherinka","event":"join.slot","fields":{"join_id":1,"slot":0,"artifact_id":9,"remaining":0}}
{"schema":"vecherinka.log.v1","seq":478,"timestamp_ns":684610011564375,"run_id":"stepping-stage-10","component":"vecherinka","event":"artifact.reserve","fields":{"artifact_id":10,"artifact_dir":"artifact-10"}}
{"schema":"vecherinka.log.v1","seq":479,"timestamp_ns":684610011591250,"run_id":"stepping-stage-10","component":"vecherinka","event":"artifact.commit","fields":{"artifact_id":10,"artifact_dir":"artifact-10"}}
{"schema":"vecherinka.log.v1","seq":480,"timestamp_ns":684610011612583,"run_id":"stepping-stage-10","component":"vecherinka","event":"join.close","fields":{"join_id":1,"output_artifact_id":10}}
{"schema":"vecherinka.log.v1","seq":481,"timestamp_ns":684610011646000,"run_id":"stepping-stage-10","component":"vecherinka","event":"run.finish","fields":{"failed":false,"finished":true}}
DIRECT_RESULT item0=stage-10-item-0-2d8a item1=stage-10-item-1-71cf variant=stage-10-text
STAGE_10_ASSERTIONS fan=true so=true pure=true sequence_lift=true it=true tuple=true variant=true location=true no_unrequested_files=manual_review
