Hint: used config file '/Users/alex/.choosenim/toolchains/nim-2.3.1/config/nim.cfg' [Conf]
Hint: used config file '/Users/alex/.choosenim/toolchains/nim-2.3.1/config/config.nims' [Conf]
....................................................................................................................................
/Users/alex/areas/productive/orchestration/src/structured_log.nim(6, 30) Warning: imported and not used: 'os' [UnusedImport]
.......
/Users/alex/areas/productive/orchestration/src/codex_json.nim(634, 6) Hint: 'parse_reasoning_effort' is declared but not used [XDeclaredButNotUsed]
/Users/alex/areas/productive/orchestration/src/codex_json.nim(686, 6) Hint: 'parse_initialize_params' is declared but not used [XDeclaredButNotUsed]
/Users/alex/areas/productive/orchestration/src/codex_json.nim(723, 6) Hint: 'parse_thread_start_params' is declared but not used [XDeclaredButNotUsed]
..........
/Users/alex/areas/productive/orchestration/src/vecherinka_runtime.nim(10, 8) Hint: duplicate import of 'structured_log'; previous import here: /Users/alex/areas/productive/orchestration/src/vecherinka.nim(5, 8) [DuplicateModuleImport]
.
/Users/alex/areas/productive/orchestration/src/vecherinka_comptime.nim(4, 33) Hint: duplicate import of 'options'; previous import here: /Users/alex/areas/productive/orchestration/src/vecherinka_runtime.nim(6, 19) [DuplicateModuleImport]
/Users/alex/areas/productive/orchestration/src/vecherinka_comptime.nim(4, 42) Hint: duplicate import of 'strutils'; previous import here: /Users/alex/areas/productive/orchestration/src/vecherinka_runtime.nim(6, 43) [DuplicateModuleImport]
..................................

type
  VecherinkaArtifactKind_553648608 = enum
    vak_0, vak_1
  VecherinkaArtifact_553648609 = object
    case kind: VecherinkaArtifactKind_553648608
    of vak_0:
      value_0: BaselineInput
    of vak_1:
      value_1: BaselineOutput
proc solve(input_553648819: BaselineInput;
           transport_553648820: LlmTransport[VecherinkaArtifact_553648609] = nil;
           logger_553648821: StructuredLogger = nil): BaselineOutput =
  let data_553648822: seq[Flow[VecherinkaArtifact_553648609]] = @[Flow[
      VecherinkaArtifact_553648609](kind: fk_top, root: "baseline", entry: true, body: Flow[
      VecherinkaArtifact_553648609](kind: fk_model, submit: proc (
      model_context_553648770: RuntimeContext[VecherinkaArtifact_553648609];
      model_request_id_553648771: RequestId; model_input_553648772: VecherinkaArtifact_553648609;
      model_working_dir_553648773: Path) {.nimcall.} =
    let model_typed_input_553648774 = block:
      let artifact_553648776 = model_input_553648772
      const
        loc`gensym25 = (filename: "/Users/alex/areas/productive/orchestration/src/vecherinka_comptime.nim",
          line: 1943, column: 6)
        ploc`gensym25 = "/Users/alex/areas/productive/orchestration/src/vecherinka_comptime.nim(1943, 7)"
      bind instantiationInfo
      mixin failedAssertImpl
      {.line: (filename: "/Users/alex/areas/productive/orchestration/src/vecherinka_comptime.nim",
               line: 1943, column: 6).}:
        if not (artifact_553648776.kind == vak_0):
          failedAssertImpl("/Users/alex/areas/productive/orchestration/src/vecherinka_comptime.nim(1943, 7) `artifact_553648776.kind == vak_0` ")
      artifact_553648776.value_0
    try:
      let model_materialized_input_553648775 = proc (
          materializer_input_553648777: BaselineInput;
          materializer_runtime_dir_553648778, materializer_artifact_dir_553648779: Path;
          materializer_initial_instructions_553648780: string): string {.nimcall.} = result =
        var materialized_instructions_553648781 = materializer_initial_instructions_553648780
        var materialized_names_553648782: seq[string] = @[]
        add(materialized_instructions_553648781,
            "input.marker: string = " & $materializer_input_553648777.marker & "\n")
        materialized_instructions_553648781(model_typed_input_553648774,
          model_context_553648770.runtime_dir, model_working_dir_553648773, "")
      let model_output_contract_553648807 = schemaOf(T)
      let model_output_schema_553648808 = toJsonSchema(model_output_contract_553648807)
      let model_materializer_553648809 = proc (model_output_kind_553648732: int;
          model_output_553648733: LlmOutput): ModelMaterialization[
          VecherinkaArtifact_553648609] {.nimcall, noinit.} = case model_output_kind_553648732
      of 1:
        let model_output_contract_553648734 = schemaOf(T)
        let model_parsed_output_553648735 = tryParse(model_output_contract_553648734,
            model_output_553648733.arguments)
        if not model_parsed_output_553648735.ok:
          return ModelMaterialization[VecherinkaArtifact_553648609](ok: false, error: "invalid finish_work result (" &
              $len(model_parsed_output_553648735.issues) &
              " schema issues)")
        var location_errors_553648745 = ""
        if (
          not (len(location_errors_553648745) == 0)):
          return ModelMaterialization[VecherinkaArtifact_553648609](ok: false,
              error: "invalid finish_work locations: " & location_errors_553648745)
        return ModelMaterialization[VecherinkaArtifact_553648609](ok: true, value: VecherinkaArtifact_553648609(
            kind: vak_1, value_1: model_parsed_output_553648735.value))
      else:
        return ModelMaterialization[VecherinkaArtifact_553648609](ok: false,
            error: "unexpected model output kind")
      let model_tool_data_553648810 = register_llm_tool_binding(
          cast[pointer](model_context_553648770), model_context_553648770.codex_runtime,
          model_request_id_553648771, 1, cast[pointer](model_materializer_553648809))
      var model_tools_553648811: DynamicToolRegistry = @[]
      register_dynamic_tool(model_tools_553648811, "finish_work",
                            stepping_agent_prompts.finish_work_description,
                            model_output_schema_553648808, model_tool_data_553648810, proc (
          tool_data`gensym11: pointer; tool_context`gensym11: ToolCallContext) {.
          nimcall, gcsafe.} = {.cast(gcsafe).}:
        let binding`gensym11 = lookup_llm_tool_binding(tool_data`gensym11)
        if isNone(binding`gensym11):
          return
        let data`gensym11 = get(binding`gensym11)
        if data`gensym11.retired:
          if not isNil(data`gensym11.runtime) and
              not isNil(data`gensym11.liveness) and
              data`gensym11.liveness.alive:
            fail_server_request(data`gensym11.runtime,
                                tool_context`gensym11.request_id, -32001,
                                "stale finish_work callback")
          return
        enqueue_llm_output_event(cast[RuntimeContext[VecherinkaArtifact_553648609]](data`gensym11.context),
                                 data`gensym11.request_id,
                                 data`gensym11.output_kind, cast[ModelMaterializer[
            VecherinkaArtifact_553648609]](data`gensym11.materializer),
                                 data`gensym11.id, tool_context`gensym11))
      let llm_spec_553648816 = LlmCallSpec[VecherinkaArtifact_553648609](
          profile: profile,
          prompt: "Copy marker exactly into answer. Do not create files.",
          prompt_templates: stepping_agent_prompts,
          materialized_input: model_materialized_input_553648775,
          runtime_dir: model_context_553648770.runtime_dir,
          working_dir: model_working_dir_553648773, tools: model_tools_553648811,
          output_kind: 1, materialize: model_materializer_553648809)
      submit_llm(model_context_553648770, model_request_id_553648771, llm_spec_553648816)
    except CatchableError as error`gensym14:
      let event`gensym14 = RuntimeEvent[VecherinkaArtifact_553648609](
          kind: rev_model_error, request_id: model_request_id_553648771,
          error_message: error`gensym14.msg)
      enqueue_runtime_event(model_context_553648770, event`gensym14)))]
  let input_artifact_553648823 = VecherinkaArtifact_553648609(kind: vak_0,
      value_0: input_553648819)
  let work_plan_553648824 = execute_flows(data_553648822, input_artifact_553648823,
      nil, transport_553648820, nil, logger_553648821)
  if isNone(work_plan_553648824.output):
    if isSome(work_plan_553648824.failure_message):
      raise
        (ref ValueError)(msg: get(work_plan_553648824.failure_message),
                         parent: nil)
    raise
      (ref ValueError)(msg: "vecherinka execution completed without output",
                       parent: nil)
  return block:
    let artifact_553648825 = lookup_artifact(work_plan_553648824.context,
        get(work_plan_553648824.output)).data
    const
      loc`gensym241 = (filename: "/Users/alex/areas/productive/orchestration/src/vecherinka_comptime.nim",
        line: 1943, column: 6)
      ploc`gensym241 = "/Users/alex/areas/productive/orchestration/src/vecherinka_comptime.nim(1943, 7)"
    bind instantiationInfo
    mixin failedAssertImpl
    {.line: (filename: "/Users/alex/areas/productive/orchestration/src/vecherinka_comptime.nim",
             line: 1943, column: 6).}:
      if not (artifact_553648825.kind == vak_1):
        failedAssertImpl("/Users/alex/areas/productive/orchestration/src/vecherinka_comptime.nim(1943, 7) `artifact_553648825.kind == vak_1` ")
    artifact_553648825.value_1


type
  VecherinkaArtifactKind_553688715 = enum
    vak_0, vak_1
  VecherinkaArtifact_553688716 = object
    case kind: VecherinkaArtifactKind_553688715
    of vak_0:
      value_0: Stage1Input
    of vak_1:
      value_1: Stage1Output
proc solve_stage_1(input_553688779: Stage1Input;
                   transport_553688780: LlmTransport[VecherinkaArtifact_553688716] = nil;
                   logger_553688781: StructuredLogger = nil): Stage1Output =
  let data_553688782: seq[Flow[VecherinkaArtifact_553688716]] = @[Flow[
      VecherinkaArtifact_553688716](kind: fk_top, root: "copy_fields",
                                    entry: true, body: Flow[VecherinkaArtifact_553688716](
      kind: fk_model, submit: proc (model_context_553688746: RuntimeContext[
      VecherinkaArtifact_553688716]; model_request_id_553688747: RequestId;
                                    model_input_553688748: VecherinkaArtifact_553688716;
                                    model_working_dir_553688749: Path) {.nimcall.} =
    let model_typed_input_553688750 = block:
      let artifact_553688752 = model_input_553688748
      const
        loc`gensym268 = (filename: "/Users/alex/areas/productive/orchestration/src/vecherinka_comptime.nim",
          line: 1943, column: 6)
        ploc`gensym268 = "/Users/alex/areas/productive/orchestration/src/vecherinka_comptime.nim(1943, 7)"
      bind instantiationInfo
      mixin failedAssertImpl
      {.line: (filename: "/Users/alex/areas/productive/orchestration/src/vecherinka_comptime.nim",
               line: 1943, column: 6).}:
        if not (artifact_553688752.kind == vak_0):
          failedAssertImpl("/Users/alex/areas/productive/orchestration/src/vecherinka_comptime.nim(1943, 7) `artifact_553688752.kind == vak_0` ")
      artifact_553688752.value_0
    try:
      let model_materialized_input_553688751 = proc (
          materializer_input_553688753: Stage1Input;
          materializer_runtime_dir_553688754, materializer_artifact_dir_553688755: Path;
          materializer_initial_instructions_553688756: string): string {.nimcall.} = result =
        var materialized_instructions_553688757 = materializer_initial_instructions_553688756
        var materialized_names_553688758: seq[string] = @[]
        add(materialized_instructions_553688757,
            "input.first: string = " & $materializer_input_553688753.first & "\n")
        add(materialized_instructions_553688757,
            "input.second: string = " & $materializer_input_553688753.second & "\n")
        materialized_instructions_553688757(model_typed_input_553688750,
          model_context_553688746.runtime_dir, model_working_dir_553688749, "")
      let model_output_contract_553688767 = schemaOf(T)
      let model_output_schema_553688768 = toJsonSchema(model_output_contract_553688767)
      let model_materializer_553688769 = proc (model_output_kind_553688725: int;
          model_output_553688726: LlmOutput): ModelMaterialization[
          VecherinkaArtifact_553688716] {.nimcall, noinit.} = case model_output_kind_553688725
      of 1:
        let model_output_contract_553688727 = schemaOf(T)
        let model_parsed_output_553688728 = tryParse(model_output_contract_553688727,
            model_output_553688726.arguments)
        if not model_parsed_output_553688728.ok:
          return ModelMaterialization[VecherinkaArtifact_553688716](ok: false, error: "invalid finish_work result (" &
              $len(model_parsed_output_553688728.issues) &
              " schema issues)")
        var location_errors_553688737 = ""
        if (
          not (len(location_errors_553688737) == 0)):
          return ModelMaterialization[VecherinkaArtifact_553688716](ok: false,
              error: "invalid finish_work locations: " & location_errors_553688737)
        return ModelMaterialization[VecherinkaArtifact_553688716](ok: true, value: VecherinkaArtifact_553688716(
            kind: vak_1, value_1: model_parsed_output_553688728.value))
      else:
        return ModelMaterialization[VecherinkaArtifact_553688716](ok: false,
            error: "unexpected model output kind")
      let model_tool_data_553688770 = register_llm_tool_binding(
          cast[pointer](model_context_553688746), model_context_553688746.codex_runtime,
          model_request_id_553688747, 1, cast[pointer](model_materializer_553688769))
      var model_tools_553688771: DynamicToolRegistry = @[]
      register_dynamic_tool(model_tools_553688771, "finish_work",
                            stepping_agent_prompts.finish_work_description,
                            model_output_schema_553688768, model_tool_data_553688770, proc (
          tool_data`gensym254: pointer; tool_context`gensym254: ToolCallContext) {.
          nimcall, gcsafe.} = {.cast(gcsafe).}:
        let binding`gensym254 = lookup_llm_tool_binding(tool_data`gensym254)
        if isNone(binding`gensym254):
          return
        let data`gensym254 = get(binding`gensym254)
        if data`gensym254.retired:
          if not isNil(data`gensym254.runtime) and
              not isNil(data`gensym254.liveness) and
              data`gensym254.liveness.alive:
            fail_server_request(data`gensym254.runtime,
                                tool_context`gensym254.request_id, -32001,
                                "stale finish_work callback")
          return
        enqueue_llm_output_event(cast[RuntimeContext[VecherinkaArtifact_553688716]](data`gensym254.context),
                                 data`gensym254.request_id,
                                 data`gensym254.output_kind, cast[ModelMaterializer[
            VecherinkaArtifact_553688716]](data`gensym254.materializer),
                                 data`gensym254.id, tool_context`gensym254))
      let llm_spec_553688776 = LlmCallSpec[VecherinkaArtifact_553688716](
          profile: profile, prompt: "Copy first into first_copy and second into second_copy. Do not create files.",
          prompt_templates: stepping_agent_prompts,
          materialized_input: model_materialized_input_553688751,
          runtime_dir: model_context_553688746.runtime_dir,
          working_dir: model_working_dir_553688749, tools: model_tools_553688771,
          output_kind: 1, materialize: model_materializer_553688769)
      submit_llm(model_context_553688746, model_request_id_553688747, llm_spec_553688776)
    except CatchableError as error`gensym257:
      let event`gensym257 = RuntimeEvent[VecherinkaArtifact_553688716](
          kind: rev_model_error, request_id: model_request_id_553688747,
          error_message: error`gensym257.msg)
      enqueue_runtime_event(model_context_553688746, event`gensym257)))]
  let input_artifact_553688783 = VecherinkaArtifact_553688716(kind: vak_0,
      value_0: input_553688779)
  let work_plan_553688784 = execute_flows(data_553688782, input_artifact_553688783,
      nil, transport_553688780, nil, logger_553688781)
  if isNone(work_plan_553688784.output):
    if isSome(work_plan_553688784.failure_message):
      raise
        (ref ValueError)(msg: get(work_plan_553688784.failure_message),
                         parent: nil)
    raise
      (ref ValueError)(msg: "vecherinka execution completed without output",
                       parent: nil)
  return block:
    let artifact_553688785 = lookup_artifact(work_plan_553688784.context,
        get(work_plan_553688784.output)).data
    const
      loc`gensym454 = (filename: "/Users/alex/areas/productive/orchestration/src/vecherinka_comptime.nim",
        line: 1943, column: 6)
      ploc`gensym454 = "/Users/alex/areas/productive/orchestration/src/vecherinka_comptime.nim(1943, 7)"
    bind instantiationInfo
    mixin failedAssertImpl
    {.line: (filename: "/Users/alex/areas/productive/orchestration/src/vecherinka_comptime.nim",
             line: 1943, column: 6).}:
      if not (artifact_553688785.kind == vak_1):
        failedAssertImpl("/Users/alex/areas/productive/orchestration/src/vecherinka_comptime.nim(1943, 7) `artifact_553688785.kind == vak_1` ")
    artifact_553688785.value_1


type
  VecherinkaArtifactKind_553727494 = enum
    vak_0, vak_1, vak_2
  VecherinkaArtifact_553727495 = object
    case kind: VecherinkaArtifactKind_553727494
    of vak_0:
      value_0: Stage2Intermediate
    of vak_1:
      value_1: Stage2Output
    of vak_2:
      value_2: Stage2Input
proc solve_stage_2(input_553727582: Stage2Input;
                   transport_553727583: LlmTransport[VecherinkaArtifact_553727495] = nil;
                   logger_553727584: StructuredLogger = nil): Stage2Output =
  let data_553727585: seq[Flow[VecherinkaArtifact_553727495]] = @[Flow[
      VecherinkaArtifact_553727495](kind: fk_top, root: "finalise",
                                    entry: false, body: Flow[VecherinkaArtifact_553727495](
      kind: fk_model, submit: proc (model_context_553727513: RuntimeContext[
      VecherinkaArtifact_553727495]; model_request_id_553727514: RequestId;
                                    model_input_553727515: VecherinkaArtifact_553727495;
                                    model_working_dir_553727516: Path) {.nimcall.} =
    let model_typed_input_553727517 = block:
      let artifact_553727519 = model_input_553727515
      const
        loc`gensym491 = (filename: "/Users/alex/areas/productive/orchestration/src/vecherinka_comptime.nim",
          line: 1943, column: 6)
        ploc`gensym491 = "/Users/alex/areas/productive/orchestration/src/vecherinka_comptime.nim(1943, 7)"
      bind instantiationInfo
      mixin failedAssertImpl
      {.line: (filename: "/Users/alex/areas/productive/orchestration/src/vecherinka_comptime.nim",
               line: 1943, column: 6).}:
        if not (artifact_553727519.kind == vak_0):
          failedAssertImpl("/Users/alex/areas/productive/orchestration/src/vecherinka_comptime.nim(1943, 7) `artifact_553727519.kind == vak_0` ")
      artifact_553727519.value_0
    try:
      let model_materialized_input_553727518 = proc (
          materializer_input_553727520: Stage2Intermediate;
          materializer_runtime_dir_553727521, materializer_artifact_dir_553727522: Path;
          materializer_initial_instructions_553727523: string): string {.nimcall.} = result =
        var materialized_instructions_553727524 = materializer_initial_instructions_553727523
        var materialized_names_553727525: seq[string] = @[]
        add(materialized_instructions_553727524,
            "input.payload: string = " & $materializer_input_553727520.payload & "\n")
        materialized_instructions_553727524(model_typed_input_553727517,
          model_context_553727513.runtime_dir, model_working_dir_553727516, "")
      let model_output_contract_553727530 = schemaOf(T)
      let model_output_schema_553727531 = toJsonSchema(model_output_contract_553727530)
      let model_materializer_553727532 = proc (model_output_kind_553727500: int;
          model_output_553727501: LlmOutput): ModelMaterialization[
          VecherinkaArtifact_553727495] {.nimcall, noinit.} = case model_output_kind_553727500
      of 1:
        let model_output_contract_553727502 = schemaOf(T)
        let model_parsed_output_553727503 = tryParse(model_output_contract_553727502,
            model_output_553727501.arguments)
        if not model_parsed_output_553727503.ok:
          return ModelMaterialization[VecherinkaArtifact_553727495](ok: false, error: "invalid finish_work result (" &
              $len(model_parsed_output_553727503.issues) &
              " schema issues)")
        var location_errors_553727508 = ""
        if (
          not (len(location_errors_553727508) == 0)):
          return ModelMaterialization[VecherinkaArtifact_553727495](ok: false,
              error: "invalid finish_work locations: " & location_errors_553727508)
        return ModelMaterialization[VecherinkaArtifact_553727495](ok: true, value: VecherinkaArtifact_553727495(
            kind: vak_1, value_1: model_parsed_output_553727503.value))
      else:
        return ModelMaterialization[VecherinkaArtifact_553727495](ok: false,
            error: "unexpected model output kind")
      let model_tool_data_553727533 = register_llm_tool_binding(
          cast[pointer](model_context_553727513), model_context_553727513.codex_runtime,
          model_request_id_553727514, 1, cast[pointer](model_materializer_553727532))
      var model_tools_553727534: DynamicToolRegistry = @[]
      register_dynamic_tool(model_tools_553727534, "finish_work",
                            stepping_agent_prompts.finish_work_description,
                            model_output_schema_553727531, model_tool_data_553727533, proc (
          tool_data`gensym470: pointer; tool_context`gensym470: ToolCallContext) {.
          nimcall, gcsafe.} = {.cast(gcsafe).}:
        let binding`gensym470 = lookup_llm_tool_binding(tool_data`gensym470)
        if isNone(binding`gensym470):
          return
        let data`gensym470 = get(binding`gensym470)
        if data`gensym470.retired:
          if not isNil(data`gensym470.runtime) and
              not isNil(data`gensym470.liveness) and
              data`gensym470.liveness.alive:
            fail_server_request(data`gensym470.runtime,
                                tool_context`gensym470.request_id, -32001,
                                "stale finish_work callback")
          return
        enqueue_llm_output_event(cast[RuntimeContext[VecherinkaArtifact_553727495]](data`gensym470.context),
                                 data`gensym470.request_id,
                                 data`gensym470.output_kind, cast[ModelMaterializer[
            VecherinkaArtifact_553727495]](data`gensym470.materializer),
                                 data`gensym470.id, tool_context`gensym470))
      let llm_spec_553727539 = LlmCallSpec[VecherinkaArtifact_553727495](
          profile: profile,
          prompt: "Copy payload exactly into answer. Do not create files.",
          prompt_templates: stepping_agent_prompts,
          materialized_input: model_materialized_input_553727518,
          runtime_dir: model_context_553727513.runtime_dir,
          working_dir: model_working_dir_553727516, tools: model_tools_553727534,
          output_kind: 1, materialize: model_materializer_553727532)
      submit_llm(model_context_553727513, model_request_id_553727514, llm_spec_553727539)
    except CatchableError as error`gensym473:
      let event`gensym473 = RuntimeEvent[VecherinkaArtifact_553727495](
          kind: rev_model_error, request_id: model_request_id_553727514,
          error_message: error`gensym473.msg)
      enqueue_runtime_event(model_context_553727513, event`gensym473))), Flow[
      VecherinkaArtifact_553727495](kind: fk_top, root: "seed_then_run",
                                    entry: true, body: Flow[VecherinkaArtifact_553727495](
      kind: fk_so, execute: proc (so_artifact_553727571: VecherinkaArtifact_553727495): Flow[
      VecherinkaArtifact_553727495] {.nimcall.} = result =
    let so_input_553727572 = block:
      let artifact_553727573 = so_artifact_553727571
      const
        loc`gensym516 = (filename: "/Users/alex/areas/productive/orchestration/src/vecherinka_comptime.nim",
          line: 1943, column: 6)
        ploc`gensym516 = "/Users/alex/areas/productive/orchestration/src/vecherinka_comptime.nim(1943, 7)"
      bind instantiationInfo
      mixin failedAssertImpl
      {.line: (filename: "/Users/alex/areas/productive/orchestration/src/vecherinka_comptime.nim",
               line: 1943, column: 6).}:
        if not (artifact_553727573.kind == vak_2):
          failedAssertImpl("/Users/alex/areas/productive/orchestration/src/vecherinka_comptime.nim(1943, 7) `artifact_553727573.kind == vak_2` ")
      artifact_553727573.value_2
    Flow[VecherinkaArtifact_553727495](kind: fk_raw, value: VecherinkaArtifact_553727495(
        kind: vak_0, value_0: Stage2Intermediate(payload: so_input_553727572.marker)), continuation: Flow[
        VecherinkaArtifact_553727495](kind: fk_ref, name: "finalise"))))]
  let input_artifact_553727586 = VecherinkaArtifact_553727495(kind: vak_2,
      value_2: input_553727582)
  let work_plan_553727587 = execute_flows(data_553727585, input_artifact_553727586,
      nil, transport_553727583, nil, logger_553727584)
  if isNone(work_plan_553727587.output):
    if isSome(work_plan_553727587.failure_message):
      raise
        (ref ValueError)(msg: get(work_plan_553727587.failure_message),
                         parent: nil)
    raise
      (ref ValueError)(msg: "vecherinka execution completed without output",
                       parent: nil)
  return block:
    let artifact_553727588 = lookup_artifact(work_plan_553727587.context,
        get(work_plan_553727587.output)).data
    const
      loc`gensym679 = (filename: "/Users/alex/areas/productive/orchestration/src/vecherinka_comptime.nim",
        line: 1943, column: 6)
      ploc`gensym679 = "/Users/alex/areas/productive/orchestration/src/vecherinka_comptime.nim(1943, 7)"
    bind instantiationInfo
    mixin failedAssertImpl
    {.line: (filename: "/Users/alex/areas/productive/orchestration/src/vecherinka_comptime.nim",
             line: 1943, column: 6).}:
      if not (artifact_553727588.kind == vak_1):
        failedAssertImpl("/Users/alex/areas/productive/orchestration/src/vecherinka_comptime.nim(1943, 7) `artifact_553727588.kind == vak_1` ")
    artifact_553727588.value_1


type
  VecherinkaArtifactKind_553766417 = enum
    vak_0, vak_1, vak_2, vak_3, vak_4
  VecherinkaArtifact_553766418 = object
    case kind: VecherinkaArtifactKind_553766417
    of vak_0:
      value_0: (Stage3Left, Stage3Right)
    of vak_1:
      value_1: Stage3Output
    of vak_2:
      value_2: Stage3Input
    of vak_3:
      value_3: Stage3Left
    of vak_4:
      value_4: Stage3Right
proc solve_stage_3(input_553766586: Stage3Input;
                   transport_553766587: LlmTransport[VecherinkaArtifact_553766418] = nil;
                   logger_553766588: StructuredLogger = nil): Stage3Output =
  let data_553766589: seq[Flow[VecherinkaArtifact_553766418]] = @[Flow[
      VecherinkaArtifact_553766418](kind: fk_top, root: "merge_fan",
                                    entry: false, body: Flow[VecherinkaArtifact_553766418](
      kind: fk_model, submit: proc (model_context_553766448: RuntimeContext[
      VecherinkaArtifact_553766418]; model_request_id_553766449: RequestId;
                                    model_input_553766450: VecherinkaArtifact_553766418;
                                    model_working_dir_553766451: Path) {.nimcall.} =
    let model_typed_input_553766452 = block:
      let artifact_553766454 = model_input_553766450
      const
        loc`gensym743 = (filename: "/Users/alex/areas/productive/orchestration/src/vecherinka_comptime.nim",
          line: 1943, column: 6)
        ploc`gensym743 = "/Users/alex/areas/productive/orchestration/src/vecherinka_comptime.nim(1943, 7)"
      bind instantiationInfo
      mixin failedAssertImpl
      {.line: (filename: "/Users/alex/areas/productive/orchestration/src/vecherinka_comptime.nim",
               line: 1943, column: 6).}:
        if not (artifact_553766454.kind == vak_0):
          failedAssertImpl("/Users/alex/areas/productive/orchestration/src/vecherinka_comptime.nim(1943, 7) `artifact_553766454.kind == vak_0` ")
      artifact_553766454.value_0
    try:
      let model_materialized_input_553766453 = proc (
          materializer_input_553766455: (Stage3Left, Stage3Right);
          materializer_runtime_dir_553766456, materializer_artifact_dir_553766457: Path;
          materializer_initial_instructions_553766458: string): string {.nimcall.} = result =
        var materialized_instructions_553766459 = materializer_initial_instructions_553766458
        var materialized_names_553766460: seq[string] = @[]
        add(materialized_instructions_553766459, "input[0].left_value: string = " &
            $materializer_input_553766455[0].left_value &
            "\n")
        add(materialized_instructions_553766459, "input[1].right_value: string = " &
            $materializer_input_553766455[1].right_value &
            "\n")
        materialized_instructions_553766459(model_typed_input_553766452,
          model_context_553766448.runtime_dir, model_working_dir_553766451, "")
      let model_output_contract_553766469 = schemaOf(T)
      let model_output_schema_553766470 = toJsonSchema(model_output_contract_553766469)
      let model_materializer_553766471 = proc (model_output_kind_553766427: int;
          model_output_553766428: LlmOutput): ModelMaterialization[
          VecherinkaArtifact_553766418] {.nimcall, noinit.} = case model_output_kind_553766427
      of 1:
        let model_output_contract_553766429 = schemaOf(T)
        let model_parsed_output_553766430 = tryParse(model_output_contract_553766429,
            model_output_553766428.arguments)
        if not model_parsed_output_553766430.ok:
          return ModelMaterialization[VecherinkaArtifact_553766418](ok: false, error: "invalid finish_work result (" &
              $len(model_parsed_output_553766430.issues) &
              " schema issues)")
        var location_errors_553766439 = ""
        if (
          not (len(location_errors_553766439) == 0)):
          return ModelMaterialization[VecherinkaArtifact_553766418](ok: false,
              error: "invalid finish_work locations: " & location_errors_553766439)
        return ModelMaterialization[VecherinkaArtifact_553766418](ok: true, value: VecherinkaArtifact_553766418(
            kind: vak_1, value_1: model_parsed_output_553766430.value))
      else:
        return ModelMaterialization[VecherinkaArtifact_553766418](ok: false,
            error: "unexpected model output kind")
      let model_tool_data_553766472 = register_llm_tool_binding(
          cast[pointer](model_context_553766448), model_context_553766448.codex_runtime,
          model_request_id_553766449, 1, cast[pointer](model_materializer_553766471))
      var model_tools_553766473: DynamicToolRegistry = @[]
      register_dynamic_tool(model_tools_553766473, "finish_work",
                            stepping_agent_prompts.finish_work_description,
                            model_output_schema_553766470, model_tool_data_553766472, proc (
          tool_data`gensym696: pointer; tool_context`gensym696: ToolCallContext) {.
          nimcall, gcsafe.} = {.cast(gcsafe).}:
        let binding`gensym696 = lookup_llm_tool_binding(tool_data`gensym696)
        if isNone(binding`gensym696):
          return
        let data`gensym696 = get(binding`gensym696)
        if data`gensym696.retired:
          if not isNil(data`gensym696.runtime) and
              not isNil(data`gensym696.liveness) and
              data`gensym696.liveness.alive:
            fail_server_request(data`gensym696.runtime,
                                tool_context`gensym696.request_id, -32001,
                                "stale finish_work callback")
          return
        enqueue_llm_output_event(cast[RuntimeContext[VecherinkaArtifact_553766418]](data`gensym696.context),
                                 data`gensym696.request_id,
                                 data`gensym696.output_kind, cast[ModelMaterializer[
            VecherinkaArtifact_553766418]](data`gensym696.materializer),
                                 data`gensym696.id, tool_context`gensym696))
      let llm_spec_553766478 = LlmCallSpec[VecherinkaArtifact_553766418](
          profile: profile, prompt: "Copy left_value exactly into left. Copy right_value exactly into right. Do not create files.",
          prompt_templates: stepping_agent_prompts,
          materialized_input: model_materialized_input_553766453,
          runtime_dir: model_context_553766448.runtime_dir,
          working_dir: model_working_dir_553766451, tools: model_tools_553766473,
          output_kind: 1, materialize: model_materializer_553766471)
      submit_llm(model_context_553766448, model_request_id_553766449, llm_spec_553766478)
    except CatchableError as error`gensym699:
      let event`gensym699 = RuntimeEvent[VecherinkaArtifact_553766418](
          kind: rev_model_error, request_id: model_request_id_553766449,
          error_message: error`gensym699.msg)
      enqueue_runtime_event(model_context_553766448, event`gensym699))), Flow[
      VecherinkaArtifact_553766418](kind: fk_top, root: "fan_entry",
                                    entry: true, body: Flow[VecherinkaArtifact_553766418](
      kind: fk_fanout, branches: @[Flow[VecherinkaArtifact_553766418](
      kind: fk_model, submit: proc (model_context_553766508: RuntimeContext[
      VecherinkaArtifact_553766418]; model_request_id_553766509: RequestId;
                                    model_input_553766510: VecherinkaArtifact_553766418;
                                    model_working_dir_553766511: Path) {.nimcall.} =
    let model_typed_input_553766512 = block:
      let artifact_553766514 = model_input_553766510
      const
        loc`gensym768 = (filename: "/Users/alex/areas/productive/orchestration/src/vecherinka_comptime.nim",
          line: 1943, column: 6)
        ploc`gensym768 = "/Users/alex/areas/productive/orchestration/src/vecherinka_comptime.nim(1943, 7)"
      bind instantiationInfo
      mixin failedAssertImpl
      {.line: (filename: "/Users/alex/areas/productive/orchestration/src/vecherinka_comptime.nim",
               line: 1943, column: 6).}:
        if not (artifact_553766514.kind == vak_2):
          failedAssertImpl("/Users/alex/areas/productive/orchestration/src/vecherinka_comptime.nim(1943, 7) `artifact_553766514.kind == vak_2` ")
      artifact_553766514.value_2
    try:
      let model_materialized_input_553766513 = proc (
          materializer_input_553766515: Stage3Input;
          materializer_runtime_dir_553766516, materializer_artifact_dir_553766517: Path;
          materializer_initial_instructions_553766518: string): string {.nimcall.} = result =
        var materialized_instructions_553766519 = materializer_initial_instructions_553766518
        var materialized_names_553766520: seq[string] = @[]
        add(materialized_instructions_553766519,
            "input.marker: string = " & $materializer_input_553766515.marker & "\n")
        materialized_instructions_553766519(model_typed_input_553766512,
          model_context_553766508.runtime_dir, model_working_dir_553766511, "")
      let model_output_contract_553766525 = schemaOf(T)
      let model_output_schema_553766526 = toJsonSchema(model_output_contract_553766525)
      let model_materializer_553766527 = proc (model_output_kind_553766495: int;
          model_output_553766496: LlmOutput): ModelMaterialization[
          VecherinkaArtifact_553766418] {.nimcall, noinit.} = case model_output_kind_553766495
      of 3:
        let model_output_contract_553766497 = schemaOf(T)
        let model_parsed_output_553766498 = tryParse(model_output_contract_553766497,
            model_output_553766496.arguments)
        if not model_parsed_output_553766498.ok:
          return ModelMaterialization[VecherinkaArtifact_553766418](ok: false, error: "invalid finish_work result (" &
              $len(model_parsed_output_553766498.issues) &
              " schema issues)")
        var location_errors_553766503 = ""
        if (
          not (len(location_errors_553766503) == 0)):
          return ModelMaterialization[VecherinkaArtifact_553766418](ok: false,
              error: "invalid finish_work locations: " & location_errors_553766503)
        return ModelMaterialization[VecherinkaArtifact_553766418](ok: true, value: VecherinkaArtifact_553766418(
            kind: vak_3, value_3: model_parsed_output_553766498.value))
      else:
        return ModelMaterialization[VecherinkaArtifact_553766418](ok: false,
            error: "unexpected model output kind")
      let model_tool_data_553766528 = register_llm_tool_binding(
          cast[pointer](model_context_553766508), model_context_553766508.codex_runtime,
          model_request_id_553766509, 3, cast[pointer](model_materializer_553766527))
      var model_tools_553766529: DynamicToolRegistry = @[]
      register_dynamic_tool(model_tools_553766529, "finish_work",
                            stepping_agent_prompts.finish_work_description,
                            model_output_schema_553766526, model_tool_data_553766528, proc (
          tool_data`gensym710: pointer; tool_context`gensym710: ToolCallContext) {.
          nimcall, gcsafe.} = {.cast(gcsafe).}:
        let binding`gensym710 = lookup_llm_tool_binding(tool_data`gensym710)
        if isNone(binding`gensym710):
          return
        let data`gensym710 = get(binding`gensym710)
        if data`gensym710.retired:
          if not isNil(data`gensym710.runtime) and
              not isNil(data`gensym710.liveness) and
              data`gensym710.liveness.alive:
            fail_server_request(data`gensym710.runtime,
                                tool_context`gensym710.request_id, -32001,
                                "stale finish_work callback")
          return
        enqueue_llm_output_event(cast[RuntimeContext[VecherinkaArtifact_553766418]](data`gensym710.context),
                                 data`gensym710.request_id,
                                 data`gensym710.output_kind, cast[ModelMaterializer[
            VecherinkaArtifact_553766418]](data`gensym710.materializer),
                                 data`gensym710.id, tool_context`gensym710))
      let llm_spec_553766534 = LlmCallSpec[VecherinkaArtifact_553766418](
          profile: profile,
          prompt: "Copy marker exactly into left_value. Do not create files.",
          prompt_templates: stepping_agent_prompts,
          materialized_input: model_materialized_input_553766513,
          runtime_dir: model_context_553766508.runtime_dir,
          working_dir: model_working_dir_553766511, tools: model_tools_553766529,
          output_kind: 3, materialize: model_materializer_553766527)
      submit_llm(model_context_553766508, model_request_id_553766509, llm_spec_553766534)
    except CatchableError as error`gensym713:
      let event`gensym713 = RuntimeEvent[VecherinkaArtifact_553766418](
          kind: rev_model_error, request_id: model_request_id_553766509,
          error_message: error`gensym713.msg)
      enqueue_runtime_event(model_context_553766508, event`gensym713)), Flow[
      VecherinkaArtifact_553766418](kind: fk_model, submit: proc (
      model_context_553766554: RuntimeContext[VecherinkaArtifact_553766418];
      model_request_id_553766555: RequestId; model_input_553766556: VecherinkaArtifact_553766418;
      model_working_dir_553766557: Path) {.nimcall.} =
    let model_typed_input_553766558 = block:
      let artifact_553766560 = model_input_553766556
      const
        loc`gensym773 = (filename: "/Users/alex/areas/productive/orchestration/src/vecherinka_comptime.nim",
          line: 1943, column: 6)
        ploc`gensym773 = "/Users/alex/areas/productive/orchestration/src/vecherinka_comptime.nim(1943, 7)"
      bind instantiationInfo
      mixin failedAssertImpl
      {.line: (filename: "/Users/alex/areas/productive/orchestration/src/vecherinka_comptime.nim",
               line: 1943, column: 6).}:
        if not (artifact_553766560.kind == vak_2):
          failedAssertImpl("/Users/alex/areas/productive/orchestration/src/vecherinka_comptime.nim(1943, 7) `artifact_553766560.kind == vak_2` ")
      artifact_553766560.value_2
    try:
      let model_materialized_input_553766559 = proc (
          materializer_input_553766561: Stage3Input;
          materializer_runtime_dir_553766562, materializer_artifact_dir_553766563: Path;
          materializer_initial_instructions_553766564: string): string {.nimcall.} = result =
        var materialized_instructions_553766565 = materializer_initial_instructions_553766564
        var materialized_names_553766566: seq[string] = @[]
        add(materialized_instructions_553766565,
            "input.marker: string = " & $materializer_input_553766561.marker & "\n")
        materialized_instructions_553766565(model_typed_input_553766558,
          model_context_553766554.runtime_dir, model_working_dir_553766557, "")
      let model_output_contract_553766571 = schemaOf(T)
      let model_output_schema_553766572 = toJsonSchema(model_output_contract_553766571)
      let model_materializer_553766573 = proc (model_output_kind_553766541: int;
          model_output_553766542: LlmOutput): ModelMaterialization[
          VecherinkaArtifact_553766418] {.nimcall, noinit.} = case model_output_kind_553766541
      of 4:
        let model_output_contract_553766543 = schemaOf(T)
        let model_parsed_output_553766544 = tryParse(model_output_contract_553766543,
            model_output_553766542.arguments)
        if not model_parsed_output_553766544.ok:
          return ModelMaterialization[VecherinkaArtifact_553766418](ok: false, error: "invalid finish_work result (" &
              $len(model_parsed_output_553766544.issues) &
              " schema issues)")
        var location_errors_553766549 = ""
        if (
          not (len(location_errors_553766549) == 0)):
          return ModelMaterialization[VecherinkaArtifact_553766418](ok: false,
              error: "invalid finish_work locations: " & location_errors_553766549)
        return ModelMaterialization[VecherinkaArtifact_553766418](ok: true, value: VecherinkaArtifact_553766418(
            kind: vak_4, value_4: model_parsed_output_553766544.value))
      else:
        return ModelMaterialization[VecherinkaArtifact_553766418](ok: false,
            error: "unexpected model output kind")
      let model_tool_data_553766574 = register_llm_tool_binding(
          cast[pointer](model_context_553766554), model_context_553766554.codex_runtime,
          model_request_id_553766555, 4, cast[pointer](model_materializer_553766573))
      var model_tools_553766575: DynamicToolRegistry = @[]
      register_dynamic_tool(model_tools_553766575, "finish_work",
                            stepping_agent_prompts.finish_work_description,
                            model_output_schema_553766572, model_tool_data_553766574, proc (
          tool_data`gensym723: pointer; tool_context`gensym723: ToolCallContext) {.
          nimcall, gcsafe.} = {.cast(gcsafe).}:
        let binding`gensym723 = lookup_llm_tool_binding(tool_data`gensym723)
        if isNone(binding`gensym723):
          return
        let data`gensym723 = get(binding`gensym723)
        if data`gensym723.retired:
          if not isNil(data`gensym723.runtime) and
              not isNil(data`gensym723.liveness) and
              data`gensym723.liveness.alive:
            fail_server_request(data`gensym723.runtime,
                                tool_context`gensym723.request_id, -32001,
                                "stale finish_work callback")
          return
        enqueue_llm_output_event(cast[RuntimeContext[VecherinkaArtifact_553766418]](data`gensym723.context),
                                 data`gensym723.request_id,
                                 data`gensym723.output_kind, cast[ModelMaterializer[
            VecherinkaArtifact_553766418]](data`gensym723.materializer),
                                 data`gensym723.id, tool_context`gensym723))
      let llm_spec_553766580 = LlmCallSpec[VecherinkaArtifact_553766418](
          profile: profile,
          prompt: "Copy marker exactly into right_value. Do not create files.",
          prompt_templates: stepping_agent_prompts,
          materialized_input: model_materialized_input_553766559,
          runtime_dir: model_context_553766554.runtime_dir,
          working_dir: model_working_dir_553766557, tools: model_tools_553766575,
          output_kind: 4, materialize: model_materializer_553766573)
      submit_llm(model_context_553766554, model_request_id_553766555, llm_spec_553766580)
    except CatchableError as error`gensym726:
      let event`gensym726 = RuntimeEvent[VecherinkaArtifact_553766418](
          kind: rev_model_error, request_id: model_request_id_553766555,
          error_message: error`gensym726.msg)
      enqueue_runtime_event(model_context_553766554, event`gensym726))], coalesce: proc (
      fan_values_553766583: seq[VecherinkaArtifact_553766418]): VecherinkaArtifact_553766418 {.
      nimcall.} = result = VecherinkaArtifact_553766418(kind: vak_0, value_0: (block:
    let artifact_553766584 = fan_values_553766583[0]
    const
      loc`gensym778 = (filename: "/Users/alex/areas/productive/orchestration/src/vecherinka_comptime.nim",
        line: 1943, column: 6)
      ploc`gensym778 = "/Users/alex/areas/productive/orchestration/src/vecherinka_comptime.nim(1943, 7)"
    bind instantiationInfo
    mixin failedAssertImpl
    {.line: (filename: "/Users/alex/areas/productive/orchestration/src/vecherinka_comptime.nim",
             line: 1943, column: 6).}:
      if not (artifact_553766584.kind == vak_3):
        failedAssertImpl("/Users/alex/areas/productive/orchestration/src/vecherinka_comptime.nim(1943, 7) `artifact_553766584.kind == vak_3` ")
    artifact_553766584.value_3, block:
    let artifact_553766585 = fan_values_553766583[1]
    const
      loc`gensym780 = (filename: "/Users/alex/areas/productive/orchestration/src/vecherinka_comptime.nim",
        line: 1943, column: 6)
      ploc`gensym780 = "/Users/alex/areas/productive/orchestration/src/vecherinka_comptime.nim(1943, 7)"
    bind instantiationInfo
    mixin failedAssertImpl
    {.line: (filename: "/Users/alex/areas/productive/orchestration/src/vecherinka_comptime.nim",
             line: 1943, column: 6).}:
      if not (artifact_553766585.kind == vak_4):
        failedAssertImpl("/Users/alex/areas/productive/orchestration/src/vecherinka_comptime.nim(1943, 7) `artifact_553766585.kind == vak_4` ")
    artifact_553766585.value_4)), continuation: Flow[VecherinkaArtifact_553766418](
      kind: fk_ref, name: "merge_fan")))]
  let input_artifact_553766590 = VecherinkaArtifact_553766418(kind: vak_2,
      value_2: input_553766586)
  let work_plan_553766591 = execute_flows(data_553766589, input_artifact_553766590,
      nil, transport_553766587, nil, logger_553766588)
  if isNone(work_plan_553766591.output):
    if isSome(work_plan_553766591.failure_message):
      raise
        (ref ValueError)(msg: get(work_plan_553766591.failure_message),
                         parent: nil)
    raise
      (ref ValueError)(msg: "vecherinka execution completed without output",
                       parent: nil)
  return block:
    let artifact_553766592 = lookup_artifact(work_plan_553766591.context,
        get(work_plan_553766591.output)).data
    const
      loc`gensym943 = (filename: "/Users/alex/areas/productive/orchestration/src/vecherinka_comptime.nim",
        line: 1943, column: 6)
      ploc`gensym943 = "/Users/alex/areas/productive/orchestration/src/vecherinka_comptime.nim(1943, 7)"
    bind instantiationInfo
    mixin failedAssertImpl
    {.line: (filename: "/Users/alex/areas/productive/orchestration/src/vecherinka_comptime.nim",
             line: 1943, column: 6).}:
      if not (artifact_553766592.kind == vak_1):
        failedAssertImpl("/Users/alex/areas/productive/orchestration/src/vecherinka_comptime.nim(1943, 7) `artifact_553766592.kind == vak_1` ")
    artifact_553766592.value_1


type
  VecherinkaArtifactKind_553806318 = enum
    vak_0, vak_1, vak_2, vak_3
  VecherinkaArtifact_553806319 = object
    case kind: VecherinkaArtifactKind_553806318
    of vak_0:
      value_0: Stage3Input
    of vak_1:
      value_1: (Stage3Left, Stage3Right)
    of vak_2:
      value_2: Stage3Left
    of vak_3:
      value_3: Stage3Right
proc solve_stage_3_fan(input_553806415: Stage3Input;
                       transport_553806416: LlmTransport[VecherinkaArtifact_553806319] = nil;
                       logger_553806417: StructuredLogger = nil): (Stage3Left,
    Stage3Right) =
  let data_553806418: seq[Flow[VecherinkaArtifact_553806319]] = @[Flow[
      VecherinkaArtifact_553806319](kind: fk_top, root: "fan_only", entry: true, body: Flow[
      VecherinkaArtifact_553806319](kind: fk_fanout, branches: @[Flow[
      VecherinkaArtifact_553806319](kind: fk_model, submit: proc (
      model_context_553806337: RuntimeContext[VecherinkaArtifact_553806319];
      model_request_id_553806338: RequestId; model_input_553806339: VecherinkaArtifact_553806319;
      model_working_dir_553806340: Path) {.nimcall.} =
    let model_typed_input_553806341 = block:
      let artifact_553806343 = model_input_553806339
      const
        loc`gensym988 = (filename: "/Users/alex/areas/productive/orchestration/src/vecherinka_comptime.nim",
          line: 1943, column: 6)
        ploc`gensym988 = "/Users/alex/areas/productive/orchestration/src/vecherinka_comptime.nim(1943, 7)"
      bind instantiationInfo
      mixin failedAssertImpl
      {.line: (filename: "/Users/alex/areas/productive/orchestration/src/vecherinka_comptime.nim",
               line: 1943, column: 6).}:
        if not (artifact_553806343.kind == vak_0):
          failedAssertImpl("/Users/alex/areas/productive/orchestration/src/vecherinka_comptime.nim(1943, 7) `artifact_553806343.kind == vak_0` ")
      artifact_553806343.value_0
    try:
      let model_materialized_input_553806342 = proc (
          materializer_input_553806344: Stage3Input;
          materializer_runtime_dir_553806345, materializer_artifact_dir_553806346: Path;
          materializer_initial_instructions_553806347: string): string {.nimcall.} = result =
        var materialized_instructions_553806348 = materializer_initial_instructions_553806347
        var materialized_names_553806349: seq[string] = @[]
        add(materialized_instructions_553806348,
            "input.marker: string = " & $materializer_input_553806344.marker & "\n")
        materialized_instructions_553806348(model_typed_input_553806341,
          model_context_553806337.runtime_dir, model_working_dir_553806340, "")
      let model_output_contract_553806354 = schemaOf(T)
      let model_output_schema_553806355 = toJsonSchema(model_output_contract_553806354)
      let model_materializer_553806356 = proc (model_output_kind_553806324: int;
          model_output_553806325: LlmOutput): ModelMaterialization[
          VecherinkaArtifact_553806319] {.nimcall, noinit.} = case model_output_kind_553806324
      of 2:
        let model_output_contract_553806326 = schemaOf(T)
        let model_parsed_output_553806327 = tryParse(model_output_contract_553806326,
            model_output_553806325.arguments)
        if not model_parsed_output_553806327.ok:
          return ModelMaterialization[VecherinkaArtifact_553806319](ok: false, error: "invalid finish_work result (" &
              $len(model_parsed_output_553806327.issues) &
              " schema issues)")
        var location_errors_553806332 = ""
        if (
          not (len(location_errors_553806332) == 0)):
          return ModelMaterialization[VecherinkaArtifact_553806319](ok: false,
              error: "invalid finish_work locations: " & location_errors_553806332)
        return ModelMaterialization[VecherinkaArtifact_553806319](ok: true, value: VecherinkaArtifact_553806319(
            kind: vak_2, value_2: model_parsed_output_553806327.value))
      else:
        return ModelMaterialization[VecherinkaArtifact_553806319](ok: false,
            error: "unexpected model output kind")
      let model_tool_data_553806357 = register_llm_tool_binding(
          cast[pointer](model_context_553806337), model_context_553806337.codex_runtime,
          model_request_id_553806338, 2, cast[pointer](model_materializer_553806356))
      var model_tools_553806358: DynamicToolRegistry = @[]
      register_dynamic_tool(model_tools_553806358, "finish_work",
                            stepping_agent_prompts.finish_work_description,
                            model_output_schema_553806355, model_tool_data_553806357, proc (
          tool_data`gensym956: pointer; tool_context`gensym956: ToolCallContext) {.
          nimcall, gcsafe.} = {.cast(gcsafe).}:
        let binding`gensym956 = lookup_llm_tool_binding(tool_data`gensym956)
        if isNone(binding`gensym956):
          return
        let data`gensym956 = get(binding`gensym956)
        if data`gensym956.retired:
          if not isNil(data`gensym956.runtime) and
              not isNil(data`gensym956.liveness) and
              data`gensym956.liveness.alive:
            fail_server_request(data`gensym956.runtime,
                                tool_context`gensym956.request_id, -32001,
                                "stale finish_work callback")
          return
        enqueue_llm_output_event(cast[RuntimeContext[VecherinkaArtifact_553806319]](data`gensym956.context),
                                 data`gensym956.request_id,
                                 data`gensym956.output_kind, cast[ModelMaterializer[
            VecherinkaArtifact_553806319]](data`gensym956.materializer),
                                 data`gensym956.id, tool_context`gensym956))
      let llm_spec_553806363 = LlmCallSpec[VecherinkaArtifact_553806319](
          profile: profile,
          prompt: "Copy marker exactly into left_value. Do not create files.",
          prompt_templates: stepping_agent_prompts,
          materialized_input: model_materialized_input_553806342,
          runtime_dir: model_context_553806337.runtime_dir,
          working_dir: model_working_dir_553806340, tools: model_tools_553806358,
          output_kind: 2, materialize: model_materializer_553806356)
      submit_llm(model_context_553806337, model_request_id_553806338, llm_spec_553806363)
    except CatchableError as error`gensym959:
      let event`gensym959 = RuntimeEvent[VecherinkaArtifact_553806319](
          kind: rev_model_error, request_id: model_request_id_553806338,
          error_message: error`gensym959.msg)
      enqueue_runtime_event(model_context_553806337, event`gensym959)), Flow[
      VecherinkaArtifact_553806319](kind: fk_model, submit: proc (
      model_context_553806383: RuntimeContext[VecherinkaArtifact_553806319];
      model_request_id_553806384: RequestId; model_input_553806385: VecherinkaArtifact_553806319;
      model_working_dir_553806386: Path) {.nimcall.} =
    let model_typed_input_553806387 = block:
      let artifact_553806389 = model_input_553806385
      const
        loc`gensym1013 = (filename: "/Users/alex/areas/productive/orchestration/src/vecherinka_comptime.nim",
          line: 1943, column: 6)
        ploc`gensym1013 = "/Users/alex/areas/productive/orchestration/src/vecherinka_comptime.nim(1943, 7)"
      bind instantiationInfo
      mixin failedAssertImpl
      {.line: (filename: "/Users/alex/areas/productive/orchestration/src/vecherinka_comptime.nim",
               line: 1943, column: 6).}:
        if not (artifact_553806389.kind == vak_0):
          failedAssertImpl("/Users/alex/areas/productive/orchestration/src/vecherinka_comptime.nim(1943, 7) `artifact_553806389.kind == vak_0` ")
      artifact_553806389.value_0
    try:
      let model_materialized_input_553806388 = proc (
          materializer_input_553806390: Stage3Input;
          materializer_runtime_dir_553806391, materializer_artifact_dir_553806392: Path;
          materializer_initial_instructions_553806393: string): string {.nimcall.} = result =
        var materialized_instructions_553806394 = materializer_initial_instructions_553806393
        var materialized_names_553806395: seq[string] = @[]
        add(materialized_instructions_553806394,
            "input.marker: string = " & $materializer_input_553806390.marker & "\n")
        materialized_instructions_553806394(model_typed_input_553806387,
          model_context_553806383.runtime_dir, model_working_dir_553806386, "")
      let model_output_contract_553806400 = schemaOf(T)
      let model_output_schema_553806401 = toJsonSchema(model_output_contract_553806400)
      let model_materializer_553806402 = proc (model_output_kind_553806370: int;
          model_output_553806371: LlmOutput): ModelMaterialization[
          VecherinkaArtifact_553806319] {.nimcall, noinit.} = case model_output_kind_553806370
      of 3:
        let model_output_contract_553806372 = schemaOf(T)
        let model_parsed_output_553806373 = tryParse(model_output_contract_553806372,
            model_output_553806371.arguments)
        if not model_parsed_output_553806373.ok:
          return ModelMaterialization[VecherinkaArtifact_553806319](ok: false, error: "invalid finish_work result (" &
              $len(model_parsed_output_553806373.issues) &
              " schema issues)")
        var location_errors_553806378 = ""
        if (
          not (len(location_errors_553806378) == 0)):
          return ModelMaterialization[VecherinkaArtifact_553806319](ok: false,
              error: "invalid finish_work locations: " & location_errors_553806378)
        return ModelMaterialization[VecherinkaArtifact_553806319](ok: true, value: VecherinkaArtifact_553806319(
            kind: vak_3, value_3: model_parsed_output_553806373.value))
      else:
        return ModelMaterialization[VecherinkaArtifact_553806319](ok: false,
            error: "unexpected model output kind")
      let model_tool_data_553806403 = register_llm_tool_binding(
          cast[pointer](model_context_553806383), model_context_553806383.codex_runtime,
          model_request_id_553806384, 3, cast[pointer](model_materializer_553806402))
      var model_tools_553806404: DynamicToolRegistry = @[]
      register_dynamic_tool(model_tools_553806404, "finish_work",
                            stepping_agent_prompts.finish_work_description,
                            model_output_schema_553806401, model_tool_data_553806403, proc (
          tool_data`gensym969: pointer; tool_context`gensym969: ToolCallContext) {.
          nimcall, gcsafe.} = {.cast(gcsafe).}:
        let binding`gensym969 = lookup_llm_tool_binding(tool_data`gensym969)
        if isNone(binding`gensym969):
          return
        let data`gensym969 = get(binding`gensym969)
        if data`gensym969.retired:
          if not isNil(data`gensym969.runtime) and
              not isNil(data`gensym969.liveness) and
              data`gensym969.liveness.alive:
            fail_server_request(data`gensym969.runtime,
                                tool_context`gensym969.request_id, -32001,
                                "stale finish_work callback")
          return
        enqueue_llm_output_event(cast[RuntimeContext[VecherinkaArtifact_553806319]](data`gensym969.context),
                                 data`gensym969.request_id,
                                 data`gensym969.output_kind, cast[ModelMaterializer[
            VecherinkaArtifact_553806319]](data`gensym969.materializer),
                                 data`gensym969.id, tool_context`gensym969))
      let llm_spec_553806409 = LlmCallSpec[VecherinkaArtifact_553806319](
          profile: profile,
          prompt: "Copy marker exactly into right_value. Do not create files.",
          prompt_templates: stepping_agent_prompts,
          materialized_input: model_materialized_input_553806388,
          runtime_dir: model_context_553806383.runtime_dir,
          working_dir: model_working_dir_553806386, tools: model_tools_553806404,
          output_kind: 3, materialize: model_materializer_553806402)
      submit_llm(model_context_553806383, model_request_id_553806384, llm_spec_553806409)
    except CatchableError as error`gensym972:
      let event`gensym972 = RuntimeEvent[VecherinkaArtifact_553806319](
          kind: rev_model_error, request_id: model_request_id_553806384,
          error_message: error`gensym972.msg)
      enqueue_runtime_event(model_context_553806383, event`gensym972))], coalesce: proc (
      fan_values_553806412: seq[VecherinkaArtifact_553806319]): VecherinkaArtifact_553806319 {.
      nimcall.} = result = VecherinkaArtifact_553806319(kind: vak_1, value_1: (block:
    let artifact_553806413 = fan_values_553806412[0]
    const
      loc`gensym1018 = (filename: "/Users/alex/areas/productive/orchestration/src/vecherinka_comptime.nim",
        line: 1943, column: 6)
      ploc`gensym1018 = "/Users/alex/areas/productive/orchestration/src/vecherinka_comptime.nim(1943, 7)"
    bind instantiationInfo
    mixin failedAssertImpl
    {.line: (filename: "/Users/alex/areas/productive/orchestration/src/vecherinka_comptime.nim",
             line: 1943, column: 6).}:
      if not (artifact_553806413.kind == vak_2):
        failedAssertImpl("/Users/alex/areas/productive/orchestration/src/vecherinka_comptime.nim(1943, 7) `artifact_553806413.kind == vak_2` ")
    artifact_553806413.value_2, block:
    let artifact_553806414 = fan_values_553806412[1]
    const
      loc`gensym1020 = (filename: "/Users/alex/areas/productive/orchestration/src/vecherinka_comptime.nim",
        line: 1943, column: 6)
      ploc`gensym1020 = "/Users/alex/areas/productive/orchestration/src/vecherinka_comptime.nim(1943, 7)"
    bind instantiationInfo
    mixin failedAssertImpl
    {.line: (filename: "/Users/alex/areas/productive/orchestration/src/vecherinka_comptime.nim",
             line: 1943, column: 6).}:
      if not (artifact_553806414.kind == vak_3):
        failedAssertImpl("/Users/alex/areas/productive/orchestration/src/vecherinka_comptime.nim(1943, 7) `artifact_553806414.kind == vak_3` ")
    artifact_553806414.value_3))))]
  let input_artifact_553806419 = VecherinkaArtifact_553806319(kind: vak_0,
      value_0: input_553806415)
  let work_plan_553806420 = execute_flows(data_553806418, input_artifact_553806419,
      nil, transport_553806416, nil, logger_553806417)
  if isNone(work_plan_553806420.output):
    if isSome(work_plan_553806420.failure_message):
      raise
        (ref ValueError)(msg: get(work_plan_553806420.failure_message),
                         parent: nil)
    raise
      (ref ValueError)(msg: "vecherinka execution completed without output",
                       parent: nil)
  return block:
    let artifact_553806421 = lookup_artifact(work_plan_553806420.context,
        get(work_plan_553806420.output)).data
    const
      loc`gensym1183 = (filename: "/Users/alex/areas/productive/orchestration/src/vecherinka_comptime.nim",
        line: 1943, column: 6)
      ploc`gensym1183 = "/Users/alex/areas/productive/orchestration/src/vecherinka_comptime.nim(1943, 7)"
    bind instantiationInfo
    mixin failedAssertImpl
    {.line: (filename: "/Users/alex/areas/productive/orchestration/src/vecherinka_comptime.nim",
             line: 1943, column: 6).}:
      if not (artifact_553806421.kind == vak_1):
        failedAssertImpl("/Users/alex/areas/productive/orchestration/src/vecherinka_comptime.nim(1943, 7) `artifact_553806421.kind == vak_1` ")
    artifact_553806421.value_1


type
  VecherinkaArtifactKind_553845339 = enum
    vak_0, vak_1
  VecherinkaArtifact_553845340 = object
    case kind: VecherinkaArtifactKind_553845339
    of vak_0:
      value_0: Stage4Input
    of vak_1:
      value_1: Stage4Output
proc solve_stage_4(input_553845394: Stage4Input;
                   transport_553845395: LlmTransport[VecherinkaArtifact_553845340] = nil;
                   logger_553845396: StructuredLogger = nil): Stage4Output =
  let data_553845397: seq[Flow[VecherinkaArtifact_553845340]] = @[Flow[
      VecherinkaArtifact_553845340](kind: fk_top, root: "annotate",
                                    entry: false, body: Flow[VecherinkaArtifact_553845340](
      kind: fk_model, submit: proc (model_context_553845358: RuntimeContext[
      VecherinkaArtifact_553845340]; model_request_id_553845359: RequestId;
                                    model_input_553845360: VecherinkaArtifact_553845340;
                                    model_working_dir_553845361: Path) {.nimcall.} =
    let model_typed_input_553845362 = block:
      let artifact_553845364 = model_input_553845360
      const
        loc`gensym1223 = (filename: "/Users/alex/areas/productive/orchestration/src/vecherinka_comptime.nim",
          line: 1943, column: 6)
        ploc`gensym1223 = "/Users/alex/areas/productive/orchestration/src/vecherinka_comptime.nim(1943, 7)"
      bind instantiationInfo
      mixin failedAssertImpl
      {.line: (filename: "/Users/alex/areas/productive/orchestration/src/vecherinka_comptime.nim",
               line: 1943, column: 6).}:
        if not (artifact_553845364.kind == vak_0):
          failedAssertImpl("/Users/alex/areas/productive/orchestration/src/vecherinka_comptime.nim(1943, 7) `artifact_553845364.kind == vak_0` ")
      artifact_553845364.value_0
    try:
      let model_materialized_input_553845363 = proc (
          materializer_input_553845365: Stage4Input;
          materializer_runtime_dir_553845366, materializer_artifact_dir_553845367: Path;
          materializer_initial_instructions_553845368: string): string {.nimcall.} = result =
        var materialized_instructions_553845369 = materializer_initial_instructions_553845368
        var materialized_names_553845370: seq[string] = @[]
        add(materialized_instructions_553845369,
            "input.mode: string = " & $materializer_input_553845365.mode & "\n")
        add(materialized_instructions_553845369,
            "input.marker: string = " & $materializer_input_553845365.marker & "\n")
        materialized_instructions_553845369(model_typed_input_553845362,
          model_context_553845358.runtime_dir, model_working_dir_553845361, "")
      let model_output_contract_553845379 = schemaOf(T)
      let model_output_schema_553845380 = toJsonSchema(model_output_contract_553845379)
      let model_materializer_553845381 = proc (model_output_kind_553845345: int;
          model_output_553845346: LlmOutput): ModelMaterialization[
          VecherinkaArtifact_553845340] {.nimcall, noinit.} = case model_output_kind_553845345
      of 1:
        let model_output_contract_553845347 = schemaOf(T)
        let model_parsed_output_553845348 = tryParse(model_output_contract_553845347,
            model_output_553845346.arguments)
        if not model_parsed_output_553845348.ok:
          return ModelMaterialization[VecherinkaArtifact_553845340](ok: false, error: "invalid finish_work result (" &
              $len(model_parsed_output_553845348.issues) &
              " schema issues)")
        var location_errors_553845353 = ""
        if (
          not (len(location_errors_553845353) == 0)):
          return ModelMaterialization[VecherinkaArtifact_553845340](ok: false,
              error: "invalid finish_work locations: " & location_errors_553845353)
        return ModelMaterialization[VecherinkaArtifact_553845340](ok: true, value: VecherinkaArtifact_553845340(
            kind: vak_1, value_1: model_parsed_output_553845348.value))
      else:
        return ModelMaterialization[VecherinkaArtifact_553845340](ok: false,
            error: "unexpected model output kind")
      let model_tool_data_553845382 = register_llm_tool_binding(
          cast[pointer](model_context_553845358), model_context_553845358.codex_runtime,
          model_request_id_553845359, 1, cast[pointer](model_materializer_553845381))
      var model_tools_553845383: DynamicToolRegistry = @[]
      register_dynamic_tool(model_tools_553845383, "finish_work",
                            stepping_agent_prompts.finish_work_description,
                            model_output_schema_553845380, model_tool_data_553845382, proc (
          tool_data`gensym1200: pointer;
          tool_context`gensym1200: ToolCallContext) {.nimcall, gcsafe.} = {.
          cast(gcsafe).}:
        let binding`gensym1200 = lookup_llm_tool_binding(tool_data`gensym1200)
        if isNone(binding`gensym1200):
          return
        let data`gensym1200 = get(binding`gensym1200)
        if data`gensym1200.retired:
          if not isNil(data`gensym1200.runtime) and
              not isNil(data`gensym1200.liveness) and
              data`gensym1200.liveness.alive:
            fail_server_request(data`gensym1200.runtime,
                                tool_context`gensym1200.request_id, -32001,
                                "stale finish_work callback")
          return
        enqueue_llm_output_event(cast[RuntimeContext[VecherinkaArtifact_553845340]](data`gensym1200.context),
                                 data`gensym1200.request_id,
                                 data`gensym1200.output_kind, cast[ModelMaterializer[
            VecherinkaArtifact_553845340]](data`gensym1200.materializer),
                                 data`gensym1200.id, tool_context`gensym1200))
      let llm_spec_553845388 = LlmCallSpec[VecherinkaArtifact_553845340](
          profile: profile,
          prompt: "Copy marker exactly into answer. Do not create files.",
          prompt_templates: stepping_agent_prompts,
          materialized_input: model_materialized_input_553845363,
          runtime_dir: model_context_553845358.runtime_dir,
          working_dir: model_working_dir_553845361, tools: model_tools_553845383,
          output_kind: 1, materialize: model_materializer_553845381)
      submit_llm(model_context_553845358, model_request_id_553845359, llm_spec_553845388)
    except CatchableError as error`gensym1203:
      let event`gensym1203 = RuntimeEvent[VecherinkaArtifact_553845340](
          kind: rev_model_error, request_id: model_request_id_553845359,
          error_message: error`gensym1203.msg)
      enqueue_runtime_event(model_context_553845358, event`gensym1203))), Flow[
      VecherinkaArtifact_553845340](kind: fk_top, root: "route", entry: true, body: Flow[
      VecherinkaArtifact_553845340](kind: fk_so, execute: proc (
      so_artifact_553845391: VecherinkaArtifact_553845340): Flow[
      VecherinkaArtifact_553845340] {.nimcall.} = result =
    let so_input_553845392 = block:
      let artifact_553845393 = so_artifact_553845391
      const
        loc`gensym1248 = (filename: "/Users/alex/areas/productive/orchestration/src/vecherinka_comptime.nim",
          line: 1943, column: 6)
        ploc`gensym1248 = "/Users/alex/areas/productive/orchestration/src/vecherinka_comptime.nim(1943, 7)"
      bind instantiationInfo
      mixin failedAssertImpl
      {.line: (filename: "/Users/alex/areas/productive/orchestration/src/vecherinka_comptime.nim",
               line: 1943, column: 6).}:
        if not (artifact_553845393.kind == vak_0):
          failedAssertImpl("/Users/alex/areas/productive/orchestration/src/vecherinka_comptime.nim(1943, 7) `artifact_553845393.kind == vak_0` ")
      artifact_553845393.value_0
    if so_input_553845392.mode == "model": Flow[VecherinkaArtifact_553845340](
        kind: fk_raw, value: VecherinkaArtifact_553845340(kind: vak_0,
        value_0: so_input_553845392), continuation: Flow[VecherinkaArtifact_553845340](
        kind: fk_ref, name: "annotate")) else: Flow[VecherinkaArtifact_553845340](
        kind: fk_raw, value: VecherinkaArtifact_553845340(kind: vak_1,
        value_1: Stage4Output(answer: "pure:" & so_input_553845392.marker)))))]
  let input_artifact_553845398 = VecherinkaArtifact_553845340(kind: vak_0,
      value_0: input_553845394)
  let work_plan_553845399 = execute_flows(data_553845397, input_artifact_553845398,
      nil, transport_553845395, nil, logger_553845396)
  if isNone(work_plan_553845399.output):
    if isSome(work_plan_553845399.failure_message):
      raise
        (ref ValueError)(msg: get(work_plan_553845399.failure_message),
                         parent: nil)
    raise
      (ref ValueError)(msg: "vecherinka execution completed without output",
                       parent: nil)
  return block:
    let artifact_553845400 = lookup_artifact(work_plan_553845399.context,
        get(work_plan_553845399.output)).data
    const
      loc`gensym1411 = (filename: "/Users/alex/areas/productive/orchestration/src/vecherinka_comptime.nim",
        line: 1943, column: 6)
      ploc`gensym1411 = "/Users/alex/areas/productive/orchestration/src/vecherinka_comptime.nim(1943, 7)"
    bind instantiationInfo
    mixin failedAssertImpl
    {.line: (filename: "/Users/alex/areas/productive/orchestration/src/vecherinka_comptime.nim",
             line: 1943, column: 6).}:
      if not (artifact_553845400.kind == vak_1):
        failedAssertImpl("/Users/alex/areas/productive/orchestration/src/vecherinka_comptime.nim(1943, 7) `artifact_553845400.kind == vak_1` ")
    artifact_553845400.value_1


type
  VecherinkaArtifactKind_553884324 = enum
    vak_0, vak_1, vak_2
  VecherinkaArtifact_553884325 = object
    case kind: VecherinkaArtifactKind_553884324
    of vak_0:
      value_0: Stage5Input
    of vak_1:
      value_1: string
    of vak_2:
      value_2: Stage5Output
proc solve_stage_5(input_553884378: Stage5Input;
                   transport_553884379: LlmTransport[VecherinkaArtifact_553884325] = nil;
                   logger_553884380: StructuredLogger = nil): Stage5Output =
  let data_553884381: seq[Flow[VecherinkaArtifact_553884325]] = @[Flow[
      VecherinkaArtifact_553884325](kind: fk_top, root: "project_marker",
                                    entry: false, body: Flow[VecherinkaArtifact_553884325](
      kind: fk_it, projector: proc (it_artifact_553884326: VecherinkaArtifact_553884325): VecherinkaArtifact_553884325 {.
      nimcall.} = result =
    let it_value_553884327 = block:
      let artifact_553884328 = it_artifact_553884326
      const
        loc`gensym1461 = (filename: "/Users/alex/areas/productive/orchestration/src/vecherinka_comptime.nim",
          line: 1943, column: 6)
        ploc`gensym1461 = "/Users/alex/areas/productive/orchestration/src/vecherinka_comptime.nim(1943, 7)"
      bind instantiationInfo
      mixin failedAssertImpl
      {.line: (filename: "/Users/alex/areas/productive/orchestration/src/vecherinka_comptime.nim",
               line: 1943, column: 6).}:
        if not (artifact_553884328.kind == vak_0):
          failedAssertImpl("/Users/alex/areas/productive/orchestration/src/vecherinka_comptime.nim(1943, 7) `artifact_553884328.kind == vak_0` ")
      artifact_553884328.value_0
    VecherinkaArtifact_553884325(kind: vak_1, value_1: it_value_553884327.marker))), Flow[
      VecherinkaArtifact_553884325](kind: fk_top, root: "finish_projection",
                                    entry: false, body: Flow[VecherinkaArtifact_553884325](
      kind: fk_model, submit: proc (model_context_553884346: RuntimeContext[
      VecherinkaArtifact_553884325]; model_request_id_553884347: RequestId;
                                    model_input_553884348: VecherinkaArtifact_553884325;
                                    model_working_dir_553884349: Path) {.nimcall.} =
    let model_typed_input_553884350 = block:
      let artifact_553884352 = model_input_553884348
      const
        loc`gensym1463 = (filename: "/Users/alex/areas/productive/orchestration/src/vecherinka_comptime.nim",
          line: 1943, column: 6)
        ploc`gensym1463 = "/Users/alex/areas/productive/orchestration/src/vecherinka_comptime.nim(1943, 7)"
      bind instantiationInfo
      mixin failedAssertImpl
      {.line: (filename: "/Users/alex/areas/productive/orchestration/src/vecherinka_comptime.nim",
               line: 1943, column: 6).}:
        if not (artifact_553884352.kind == vak_1):
          failedAssertImpl("/Users/alex/areas/productive/orchestration/src/vecherinka_comptime.nim(1943, 7) `artifact_553884352.kind == vak_1` ")
      artifact_553884352.value_1
    try:
      let model_materialized_input_553884351 = proc (materializer_input_553884353: string;
          materializer_runtime_dir_553884354, materializer_artifact_dir_553884355: Path;
          materializer_initial_instructions_553884356: string): string {.nimcall.} = result =
        var materialized_instructions_553884357 = materializer_initial_instructions_553884356
        var materialized_names_553884358: seq[string] = @[]
        add(materialized_instructions_553884357,
            "input: string = " & $materializer_input_553884353 & "\n")
        materialized_instructions_553884357(model_typed_input_553884350,
          model_context_553884346.runtime_dir, model_working_dir_553884349, "")
      let model_output_contract_553884363 = schemaOf(T)
      let model_output_schema_553884364 = toJsonSchema(model_output_contract_553884363)
      let model_materializer_553884365 = proc (model_output_kind_553884333: int;
          model_output_553884334: LlmOutput): ModelMaterialization[
          VecherinkaArtifact_553884325] {.nimcall, noinit.} = case model_output_kind_553884333
      of 2:
        let model_output_contract_553884335 = schemaOf(T)
        let model_parsed_output_553884336 = tryParse(model_output_contract_553884335,
            model_output_553884334.arguments)
        if not model_parsed_output_553884336.ok:
          return ModelMaterialization[VecherinkaArtifact_553884325](ok: false, error: "invalid finish_work result (" &
              $len(model_parsed_output_553884336.issues) &
              " schema issues)")
        var location_errors_553884341 = ""
        if (
          not (len(location_errors_553884341) == 0)):
          return ModelMaterialization[VecherinkaArtifact_553884325](ok: false,
              error: "invalid finish_work locations: " & location_errors_553884341)
        return ModelMaterialization[VecherinkaArtifact_553884325](ok: true, value: VecherinkaArtifact_553884325(
            kind: vak_2, value_2: model_parsed_output_553884336.value))
      else:
        return ModelMaterialization[VecherinkaArtifact_553884325](ok: false,
            error: "unexpected model output kind")
      let model_tool_data_553884366 = register_llm_tool_binding(
          cast[pointer](model_context_553884346), model_context_553884346.codex_runtime,
          model_request_id_553884347, 2, cast[pointer](model_materializer_553884365))
      var model_tools_553884367: DynamicToolRegistry = @[]
      register_dynamic_tool(model_tools_553884367, "finish_work",
                            stepping_agent_prompts.finish_work_description,
                            model_output_schema_553884364, model_tool_data_553884366, proc (
          tool_data`gensym1439: pointer;
          tool_context`gensym1439: ToolCallContext) {.nimcall, gcsafe.} = {.
          cast(gcsafe).}:
        let binding`gensym1439 = lookup_llm_tool_binding(tool_data`gensym1439)
        if isNone(binding`gensym1439):
          return
        let data`gensym1439 = get(binding`gensym1439)
        if data`gensym1439.retired:
          if not isNil(data`gensym1439.runtime) and
              not isNil(data`gensym1439.liveness) and
              data`gensym1439.liveness.alive:
            fail_server_request(data`gensym1439.runtime,
                                tool_context`gensym1439.request_id, -32001,
                                "stale finish_work callback")
          return
        enqueue_llm_output_event(cast[RuntimeContext[VecherinkaArtifact_553884325]](data`gensym1439.context),
                                 data`gensym1439.request_id,
                                 data`gensym1439.output_kind, cast[ModelMaterializer[
            VecherinkaArtifact_553884325]](data`gensym1439.materializer),
                                 data`gensym1439.id, tool_context`gensym1439))
      let llm_spec_553884372 = LlmCallSpec[VecherinkaArtifact_553884325](
          profile: profile, prompt: "Copy the input string exactly into answer. Do not create files.",
          prompt_templates: stepping_agent_prompts,
          materialized_input: model_materialized_input_553884351,
          runtime_dir: model_context_553884346.runtime_dir,
          working_dir: model_working_dir_553884349, tools: model_tools_553884367,
          output_kind: 2, materialize: model_materializer_553884365)
      submit_llm(model_context_553884346, model_request_id_553884347, llm_spec_553884372)
    except CatchableError as error`gensym1442:
      let event`gensym1442 = RuntimeEvent[VecherinkaArtifact_553884325](
          kind: rev_model_error, request_id: model_request_id_553884347,
          error_message: error`gensym1442.msg)
      enqueue_runtime_event(model_context_553884346, event`gensym1442))), Flow[
      VecherinkaArtifact_553884325](kind: fk_top, root: "project_entry",
                                    entry: true, body: Flow[VecherinkaArtifact_553884325](
      kind: fk_so, execute: proc (so_artifact_553884375: VecherinkaArtifact_553884325): Flow[
      VecherinkaArtifact_553884325] {.nimcall.} = result =
    let so_input_553884376 = block:
      let artifact_553884377 = so_artifact_553884375
      const
        loc`gensym1488 = (filename: "/Users/alex/areas/productive/orchestration/src/vecherinka_comptime.nim",
          line: 1943, column: 6)
        ploc`gensym1488 = "/Users/alex/areas/productive/orchestration/src/vecherinka_comptime.nim(1943, 7)"
      bind instantiationInfo
      mixin failedAssertImpl
      {.line: (filename: "/Users/alex/areas/productive/orchestration/src/vecherinka_comptime.nim",
               line: 1943, column: 6).}:
        if not (artifact_553884377.kind == vak_0):
          failedAssertImpl("/Users/alex/areas/productive/orchestration/src/vecherinka_comptime.nim(1943, 7) `artifact_553884377.kind == vak_0` ")
      artifact_553884377.value_0
    Flow[VecherinkaArtifact_553884325](kind: fk_raw, value: VecherinkaArtifact_553884325(
        kind: vak_0, value_0: so_input_553884376), continuation: Flow[
        VecherinkaArtifact_553884325](kind: fk_ref, name: "project_marker", continuation: Flow[
        VecherinkaArtifact_553884325](kind: fk_ref, name: "finish_projection")))))]
  let input_artifact_553884382 = VecherinkaArtifact_553884325(kind: vak_0,
      value_0: input_553884378)
  let work_plan_553884383 = execute_flows(data_553884381, input_artifact_553884382,
      nil, transport_553884379, nil, logger_553884380)
  if isNone(work_plan_553884383.output):
    if isSome(work_plan_553884383.failure_message):
      raise
        (ref ValueError)(msg: get(work_plan_553884383.failure_message),
                         parent: nil)
    raise
      (ref ValueError)(msg: "vecherinka execution completed without output",
                       parent: nil)
  return block:
    let artifact_553884384 = lookup_artifact(work_plan_553884383.context,
        get(work_plan_553884383.output)).data
    const
      loc`gensym1651 = (filename: "/Users/alex/areas/productive/orchestration/src/vecherinka_comptime.nim",
        line: 1943, column: 6)
      ploc`gensym1651 = "/Users/alex/areas/productive/orchestration/src/vecherinka_comptime.nim(1943, 7)"
    bind instantiationInfo
    mixin failedAssertImpl
    {.line: (filename: "/Users/alex/areas/productive/orchestration/src/vecherinka_comptime.nim",
             line: 1943, column: 6).}:
      if not (artifact_553884384.kind == vak_2):
        failedAssertImpl("/Users/alex/areas/productive/orchestration/src/vecherinka_comptime.nim(1943, 7) `artifact_553884384.kind == vak_2` ")
    artifact_553884384.value_2


type
  VecherinkaArtifactKind_553922942 = enum
    vak_0, vak_1
  VecherinkaArtifact_553922943 = object
    case kind: VecherinkaArtifactKind_553922942
    of vak_0:
      value_0: Stage6Input
    of vak_1:
      value_1: Stage6Output
proc solve_stage_6(input_553922988: Stage6Input;
                   transport_553922989: LlmTransport[VecherinkaArtifact_553922943] = nil;
                   logger_553922990: StructuredLogger = nil): Stage6Output =
  let data_553922991: seq[Flow[VecherinkaArtifact_553922943]] = @[Flow[
      VecherinkaArtifact_553922943](kind: fk_top, root: "materialise",
                                    entry: true, body: Flow[VecherinkaArtifact_553922943](
      kind: fk_model, submit: proc (model_context_553922962: RuntimeContext[
      VecherinkaArtifact_553922943]; model_request_id_553922963: RequestId;
                                    model_input_553922964: VecherinkaArtifact_553922943;
                                    model_working_dir_553922965: Path) {.nimcall.} =
    let model_typed_input_553922966 = block:
      let artifact_553922968 = model_input_553922964
      const
        loc`gensym1680 = (filename: "/Users/alex/areas/productive/orchestration/src/vecherinka_comptime.nim",
          line: 1943, column: 6)
        ploc`gensym1680 = "/Users/alex/areas/productive/orchestration/src/vecherinka_comptime.nim(1943, 7)"
      bind instantiationInfo
      mixin failedAssertImpl
      {.line: (filename: "/Users/alex/areas/productive/orchestration/src/vecherinka_comptime.nim",
               line: 1943, column: 6).}:
        if not (artifact_553922968.kind == vak_0):
          failedAssertImpl("/Users/alex/areas/productive/orchestration/src/vecherinka_comptime.nim(1943, 7) `artifact_553922968.kind == vak_0` ")
      artifact_553922968.value_0
    try:
      let model_materialized_input_553922967 = proc (
          materializer_input_553922969: Stage6Input;
          materializer_runtime_dir_553922970, materializer_artifact_dir_553922971: Path;
          materializer_initial_instructions_553922972: string): string {.nimcall.} = result =
        var materialized_instructions_553922973 = materializer_initial_instructions_553922972
        var materialized_names_553922974: seq[string] = @[]
        let materialized_location_name_553922975 = copy_location_payload(
            materializer_runtime_dir_553922970, materializer_artifact_dir_553922971,
            cast[string](materializer_input_553922969.source),
            materialized_names_553922974)
        add(materialized_instructions_553922973, "input.source: location = " &
            cast[string](materializer_input_553922969.source) &
            " (materialized as " &
            materialized_location_name_553922975 &
            ")\n")
        materialized_instructions_553922973(model_typed_input_553922966,
          model_context_553922962.runtime_dir, model_working_dir_553922965, "")
      let model_output_contract_553922976 = schemaOf(T)
      let model_output_schema_553922977 = toJsonSchema(model_output_contract_553922976)
      let model_materializer_553922978 = proc (model_output_kind_553922948: int;
          model_output_553922949: LlmOutput): ModelMaterialization[
          VecherinkaArtifact_553922943] {.nimcall, noinit.} = case model_output_kind_553922948
      of 1:
        let model_output_contract_553922950 = schemaOf(T)
        let model_parsed_output_553922951 = tryParse(model_output_contract_553922950,
            model_output_553922949.arguments)
        if not model_parsed_output_553922951.ok:
          return ModelMaterialization[VecherinkaArtifact_553922943](ok: false, error: "invalid finish_work result (" &
              $len(model_parsed_output_553922951.issues) &
              " schema issues)")
        var location_errors_553922956 = ""
        let location_verification_error_553922957 = verify_location_payload(
            model_output_553922949.working_dir,
            cast[string](model_parsed_output_553922951.value.artifact))
        if (
          not (len(location_verification_error_553922957) == 0)):
          add(location_errors_553922956,
              "output.artifact: " & location_verification_error_553922957 & "\n")
        if (
          not (len(location_errors_553922956) == 0)):
          return ModelMaterialization[VecherinkaArtifact_553922943](ok: false,
              error: "invalid finish_work locations: " & location_errors_553922956)
        return ModelMaterialization[VecherinkaArtifact_553922943](ok: true, value: VecherinkaArtifact_553922943(
            kind: vak_1, value_1: model_parsed_output_553922951.value))
      else:
        return ModelMaterialization[VecherinkaArtifact_553922943](ok: false,
            error: "unexpected model output kind")
      let model_tool_data_553922979 = register_llm_tool_binding(
          cast[pointer](model_context_553922962), model_context_553922962.codex_runtime,
          model_request_id_553922963, 1, cast[pointer](model_materializer_553922978))
      var model_tools_553922980: DynamicToolRegistry = @[]
      register_dynamic_tool(model_tools_553922980, "finish_work",
                            stepping_agent_prompts.finish_work_description,
                            model_output_schema_553922977, model_tool_data_553922979, proc (
          tool_data`gensym1666: pointer;
          tool_context`gensym1666: ToolCallContext) {.nimcall, gcsafe.} = {.
          cast(gcsafe).}:
        let binding`gensym1666 = lookup_llm_tool_binding(tool_data`gensym1666)
        if isNone(binding`gensym1666):
          return
        let data`gensym1666 = get(binding`gensym1666)
        if data`gensym1666.retired:
          if not isNil(data`gensym1666.runtime) and
              not isNil(data`gensym1666.liveness) and
              data`gensym1666.liveness.alive:
            fail_server_request(data`gensym1666.runtime,
                                tool_context`gensym1666.request_id, -32001,
                                "stale finish_work callback")
          return
        enqueue_llm_output_event(cast[RuntimeContext[VecherinkaArtifact_553922943]](data`gensym1666.context),
                                 data`gensym1666.request_id,
                                 data`gensym1666.output_kind, cast[ModelMaterializer[
            VecherinkaArtifact_553922943]](data`gensym1666.materializer),
                                 data`gensym1666.id, tool_context`gensym1666))
      let llm_spec_553922985 = LlmCallSpec[VecherinkaArtifact_553922943](
          profile: profile, prompt: "Read the provided input file named source.txt. Create result.txt in the working directory containing exactly the input file text. Return summary equal to the input file text and artifact equal to result.txt. Do not create any other files.",
          prompt_templates: stepping_agent_prompts,
          materialized_input: model_materialized_input_553922967,
          runtime_dir: model_context_553922962.runtime_dir,
          working_dir: model_working_dir_553922965, tools: model_tools_553922980,
          output_kind: 1, materialize: model_materializer_553922978)
      submit_llm(model_context_553922962, model_request_id_553922963, llm_spec_553922985)
    except CatchableError as error`gensym1669:
      let event`gensym1669 = RuntimeEvent[VecherinkaArtifact_553922943](
          kind: rev_model_error, request_id: model_request_id_553922963,
          error_message: error`gensym1669.msg)
      enqueue_runtime_event(model_context_553922962, event`gensym1669)))]
  let input_artifact_553922992 = VecherinkaArtifact_553922943(kind: vak_0,
      value_0: input_553922988)
  let work_plan_553922993 = execute_flows(data_553922991, input_artifact_553922992,
      nil, transport_553922989, nil, logger_553922990)
  if isNone(work_plan_553922993.output):
    if isSome(work_plan_553922993.failure_message):
      raise
        (ref ValueError)(msg: get(work_plan_553922993.failure_message),
                         parent: nil)
    raise
      (ref ValueError)(msg: "vecherinka execution completed without output",
                       parent: nil)
  return block:
    let artifact_553922994 = lookup_artifact(work_plan_553922993.context,
        get(work_plan_553922993.output)).data
    const
      loc`gensym1867 = (filename: "/Users/alex/areas/productive/orchestration/src/vecherinka_comptime.nim",
        line: 1943, column: 6)
      ploc`gensym1867 = "/Users/alex/areas/productive/orchestration/src/vecherinka_comptime.nim(1943, 7)"
    bind instantiationInfo
    mixin failedAssertImpl
    {.line: (filename: "/Users/alex/areas/productive/orchestration/src/vecherinka_comptime.nim",
             line: 1943, column: 6).}:
      if not (artifact_553922994.kind == vak_1):
        failedAssertImpl("/Users/alex/areas/productive/orchestration/src/vecherinka_comptime.nim(1943, 7) `artifact_553922994.kind == vak_1` ")
    artifact_553922994.value_1

lift_pattern nodes=2 here_count=1
  seq
    here

type
  VecherinkaArtifactKind_553961625 = enum
    vak_0, vak_1, vak_2, vak_3
  VecherinkaArtifact_553961626 = object
    case kind: VecherinkaArtifactKind_553961625
    of vak_0:
      value_0: Stage7Item
    of vak_1:
      value_1: Stage7Result
    of vak_2:
      value_2: seq[Stage7Item]
    of vak_3:
      value_3: seq[Stage7Result]
proc solve_stage_7(input_553961721: seq[Stage7Item];
                   transport_553961722: LlmTransport[VecherinkaArtifact_553961626] = nil;
                   logger_553961723: StructuredLogger = nil): seq[Stage7Result] =
  let data_553961724: seq[Flow[VecherinkaArtifact_553961626]] = @[Flow[
      VecherinkaArtifact_553961626](kind: fk_top, root: "map_item",
                                    entry: false, body: Flow[VecherinkaArtifact_553961626](
      kind: fk_model, submit: proc (model_context_553961644: RuntimeContext[
      VecherinkaArtifact_553961626]; model_request_id_553961645: RequestId;
                                    model_input_553961646: VecherinkaArtifact_553961626;
                                    model_working_dir_553961647: Path) {.nimcall.} =
    let model_typed_input_553961648 = block:
      let artifact_553961650 = model_input_553961646
      const
        loc`gensym1913 = (filename: "/Users/alex/areas/productive/orchestration/src/vecherinka_comptime.nim",
          line: 1943, column: 6)
        ploc`gensym1913 = "/Users/alex/areas/productive/orchestration/src/vecherinka_comptime.nim(1943, 7)"
      bind instantiationInfo
      mixin failedAssertImpl
      {.line: (filename: "/Users/alex/areas/productive/orchestration/src/vecherinka_comptime.nim",
               line: 1943, column: 6).}:
        if not (artifact_553961650.kind == vak_0):
          failedAssertImpl("/Users/alex/areas/productive/orchestration/src/vecherinka_comptime.nim(1943, 7) `artifact_553961650.kind == vak_0` ")
      artifact_553961650.value_0
    try:
      let model_materialized_input_553961649 = proc (
          materializer_input_553961651: Stage7Item;
          materializer_runtime_dir_553961652, materializer_artifact_dir_553961653: Path;
          materializer_initial_instructions_553961654: string): string {.nimcall.} = result =
        var materialized_instructions_553961655 = materializer_initial_instructions_553961654
        var materialized_names_553961656: seq[string] = @[]
        add(materialized_instructions_553961655,
            "input.marker: string = " & $materializer_input_553961651.marker & "\n")
        materialized_instructions_553961655(model_typed_input_553961648,
          model_context_553961644.runtime_dir, model_working_dir_553961647, "")
      let model_output_contract_553961661 = schemaOf(T)
      let model_output_schema_553961662 = toJsonSchema(model_output_contract_553961661)
      let model_materializer_553961663 = proc (model_output_kind_553961631: int;
          model_output_553961632: LlmOutput): ModelMaterialization[
          VecherinkaArtifact_553961626] {.nimcall, noinit.} = case model_output_kind_553961631
      of 1:
        let model_output_contract_553961633 = schemaOf(T)
        let model_parsed_output_553961634 = tryParse(model_output_contract_553961633,
            model_output_553961632.arguments)
        if not model_parsed_output_553961634.ok:
          return ModelMaterialization[VecherinkaArtifact_553961626](ok: false, error: "invalid finish_work result (" &
              $len(model_parsed_output_553961634.issues) &
              " schema issues)")
        var location_errors_553961639 = ""
        if (
          not (len(location_errors_553961639) == 0)):
          return ModelMaterialization[VecherinkaArtifact_553961626](ok: false,
              error: "invalid finish_work locations: " & location_errors_553961639)
        return ModelMaterialization[VecherinkaArtifact_553961626](ok: true, value: VecherinkaArtifact_553961626(
            kind: vak_1, value_1: model_parsed_output_553961634.value))
      else:
        return ModelMaterialization[VecherinkaArtifact_553961626](ok: false,
            error: "unexpected model output kind")
      let model_tool_data_553961664 = register_llm_tool_binding(
          cast[pointer](model_context_553961644), model_context_553961644.codex_runtime,
          model_request_id_553961645, 1, cast[pointer](model_materializer_553961663))
      var model_tools_553961665: DynamicToolRegistry = @[]
      register_dynamic_tool(model_tools_553961665, "finish_work",
                            stepping_agent_prompts.finish_work_description,
                            model_output_schema_553961662, model_tool_data_553961664, proc (
          tool_data`gensym1885: pointer;
          tool_context`gensym1885: ToolCallContext) {.nimcall, gcsafe.} = {.
          cast(gcsafe).}:
        let binding`gensym1885 = lookup_llm_tool_binding(tool_data`gensym1885)
        if isNone(binding`gensym1885):
          return
        let data`gensym1885 = get(binding`gensym1885)
        if data`gensym1885.retired:
          if not isNil(data`gensym1885.runtime) and
              not isNil(data`gensym1885.liveness) and
              data`gensym1885.liveness.alive:
            fail_server_request(data`gensym1885.runtime,
                                tool_context`gensym1885.request_id, -32001,
                                "stale finish_work callback")
          return
        enqueue_llm_output_event(cast[RuntimeContext[VecherinkaArtifact_553961626]](data`gensym1885.context),
                                 data`gensym1885.request_id,
                                 data`gensym1885.output_kind, cast[ModelMaterializer[
            VecherinkaArtifact_553961626]](data`gensym1885.materializer),
                                 data`gensym1885.id, tool_context`gensym1885))
      let llm_spec_553961670 = LlmCallSpec[VecherinkaArtifact_553961626](
          profile: profile,
          prompt: "Copy marker exactly into result. Do not create files.",
          prompt_templates: stepping_agent_prompts,
          materialized_input: model_materialized_input_553961649,
          runtime_dir: model_context_553961644.runtime_dir,
          working_dir: model_working_dir_553961647, tools: model_tools_553961665,
          output_kind: 1, materialize: model_materializer_553961663)
      submit_llm(model_context_553961644, model_request_id_553961645, llm_spec_553961670)
    except CatchableError as error`gensym1888:
      let event`gensym1888 = RuntimeEvent[VecherinkaArtifact_553961626](
          kind: rev_model_error, request_id: model_request_id_553961645,
          error_message: error`gensym1888.msg)
      enqueue_runtime_event(model_context_553961644, event`gensym1888))), Flow[
      VecherinkaArtifact_553961626](kind: fk_top, root: "lift_entry",
                                    entry: true, body: Flow[VecherinkaArtifact_553961626](
      kind: fk_lift,
      inner: Flow[VecherinkaArtifact_553961626](kind: fk_ref, name: "map_item"), destructure: proc (
      lift_destructure_input_553961677: VecherinkaArtifact_553961626): seq[
      tuple[result_index: int, input: VecherinkaArtifact_553961626]] {.nimcall.} =
    let lift_original_553961678 = block:
      let artifact_553961680 = lift_destructure_input_553961677
      const
        loc`gensym1942 = (filename: "/Users/alex/areas/productive/orchestration/src/vecherinka_comptime.nim",
          line: 1943, column: 6)
        ploc`gensym1942 = "/Users/alex/areas/productive/orchestration/src/vecherinka_comptime.nim(1943, 7)"
      bind instantiationInfo
      mixin failedAssertImpl
      {.line: (filename: "/Users/alex/areas/productive/orchestration/src/vecherinka_comptime.nim",
               line: 1943, column: 6).}:
        if not (artifact_553961680.kind == vak_2):
          failedAssertImpl("/Users/alex/areas/productive/orchestration/src/vecherinka_comptime.nim(1943, 7) `artifact_553961680.kind == vak_2` ")
      artifact_553961680.value_2
    var lift_next_index_553961679 = 0
    for item_553961689 in items(lift_original_553961678):
      let result_index_553961690 = lift_next_index_553961679
      inc lift_next_index_553961679, 1
      add(result, (result_index: result_index_553961690,
                   input: VecherinkaArtifact_553961626(kind: vak_0,
          value_0: item_553961689))), construct: proc (
      lift_results_553961691: seq[VecherinkaArtifact_553961626];
      lift_construct_input_553961692: VecherinkaArtifact_553961626): VecherinkaArtifact_553961626 {.
      nimcall.} = result =
    let lift_original_input_553961693 = block:
      let artifact_553961695 = lift_construct_input_553961692
      const
        loc`gensym1947 = (filename: "/Users/alex/areas/productive/orchestration/src/vecherinka_comptime.nim",
          line: 1943, column: 6)
        ploc`gensym1947 = "/Users/alex/areas/productive/orchestration/src/vecherinka_comptime.nim(1943, 7)"
      bind instantiationInfo
      mixin failedAssertImpl
      {.line: (filename: "/Users/alex/areas/productive/orchestration/src/vecherinka_comptime.nim",
               line: 1943, column: 6).}:
        if not (artifact_553961695.kind == vak_2):
          failedAssertImpl("/Users/alex/areas/productive/orchestration/src/vecherinka_comptime.nim(1943, 7) `artifact_553961695.kind == vak_2` ")
      artifact_553961695.value_2
    var lift_next_index_553961694 = 0
    VecherinkaArtifact_553961626(kind: vak_3, value_3: block:
      var output_553961706: seq[Stage7Result]
      for item_553961705 in items(lift_original_input_553961693):
        add(output_553961706) do:
          let result_index_553961707 = lift_next_index_553961694
          inc lift_next_index_553961694, 1
          block:
            let artifact_553961708 = lift_results_553961691[result_index_553961707]
            const
              loc`gensym1949 = (filename: "/Users/alex/areas/productive/orchestration/src/vecherinka_comptime.nim",
                line: 1943, column: 6)
              ploc`gensym1949 = "/Users/alex/areas/productive/orchestration/src/vecherinka_comptime.nim(1943, 7)"
            bind instantiationInfo
            mixin failedAssertImpl
            {.line: (filename: "/Users/alex/areas/productive/orchestration/src/vecherinka_comptime.nim",
                     line: 1943, column: 6).}:
              if not (artifact_553961708.kind == vak_1):
                failedAssertImpl("/Users/alex/areas/productive/orchestration/src/vecherinka_comptime.nim(1943, 7) `artifact_553961708.kind == vak_1` ")
            artifact_553961708.value_1
      output_553961706)))]
  let input_artifact_553961725 = VecherinkaArtifact_553961626(kind: vak_2,
      value_2: input_553961721)
  let work_plan_553961726 = execute_flows(data_553961724, input_artifact_553961725,
      nil, transport_553961722, nil, logger_553961723)
  if isNone(work_plan_553961726.output):
    if isSome(work_plan_553961726.failure_message):
      raise
        (ref ValueError)(msg: get(work_plan_553961726.failure_message),
                         parent: nil)
    raise
      (ref ValueError)(msg: "vecherinka execution completed without output",
                       parent: nil)
  return block:
    let artifact_553961727 = lookup_artifact(work_plan_553961726.context,
        get(work_plan_553961726.output)).data
    const
      loc`gensym2113 = (filename: "/Users/alex/areas/productive/orchestration/src/vecherinka_comptime.nim",
        line: 1943, column: 6)
      ploc`gensym2113 = "/Users/alex/areas/productive/orchestration/src/vecherinka_comptime.nim(1943, 7)"
    bind instantiationInfo
    mixin failedAssertImpl
    {.line: (filename: "/Users/alex/areas/productive/orchestration/src/vecherinka_comptime.nim",
             line: 1943, column: 6).}:
      if not (artifact_553961727.kind == vak_3):
        failedAssertImpl("/Users/alex/areas/productive/orchestration/src/vecherinka_comptime.nim(1943, 7) `artifact_553961727.kind == vak_3` ")
    artifact_553961727.value_3

lift_pattern nodes=2 here_count=1
  Option
    here

type
  VecherinkaArtifactKind_554000705 = enum
    vak_0, vak_1, vak_2, vak_3
  VecherinkaArtifact_554000706 = object
    case kind: VecherinkaArtifactKind_554000705
    of vak_0:
      value_0: Stage8Item
    of vak_1:
      value_1: Stage8Result
    of vak_2:
      value_2: Option[Stage8Item]
    of vak_3:
      value_3: Option[Stage8Result]
proc solve_stage_8_option(input_554000766: Option[Stage8Item]; transport_554000767: LlmTransport[
    VecherinkaArtifact_554000706] = nil; logger_554000768: StructuredLogger = nil): Option[
    Stage8Result] =
  let data_554000769: seq[Flow[VecherinkaArtifact_554000706]] = @[Flow[
      VecherinkaArtifact_554000706](kind: fk_top, root: "map_option",
                                    entry: false, body: Flow[VecherinkaArtifact_554000706](
      kind: fk_model, submit: proc (model_context_554000724: RuntimeContext[
      VecherinkaArtifact_554000706]; model_request_id_554000725: RequestId;
                                    model_input_554000726: VecherinkaArtifact_554000706;
                                    model_working_dir_554000727: Path) {.nimcall.} =
    let model_typed_input_554000728 = block:
      let artifact_554000730 = model_input_554000726
      const
        loc`gensym2159 = (filename: "/Users/alex/areas/productive/orchestration/src/vecherinka_comptime.nim",
          line: 1943, column: 6)
        ploc`gensym2159 = "/Users/alex/areas/productive/orchestration/src/vecherinka_comptime.nim(1943, 7)"
      bind instantiationInfo
      mixin failedAssertImpl
      {.line: (filename: "/Users/alex/areas/productive/orchestration/src/vecherinka_comptime.nim",
               line: 1943, column: 6).}:
        if not (artifact_554000730.kind == vak_0):
          failedAssertImpl("/Users/alex/areas/productive/orchestration/src/vecherinka_comptime.nim(1943, 7) `artifact_554000730.kind == vak_0` ")
      artifact_554000730.value_0
    try:
      let model_materialized_input_554000729 = proc (
          materializer_input_554000731: Stage8Item;
          materializer_runtime_dir_554000732, materializer_artifact_dir_554000733: Path;
          materializer_initial_instructions_554000734: string): string {.nimcall.} = result =
        var materialized_instructions_554000735 = materializer_initial_instructions_554000734
        var materialized_names_554000736: seq[string] = @[]
        add(materialized_instructions_554000735,
            "input.marker: string = " & $materializer_input_554000731.marker & "\n")
        materialized_instructions_554000735(model_typed_input_554000728,
          model_context_554000724.runtime_dir, model_working_dir_554000727, "")
      let model_output_contract_554000741 = schemaOf(T)
      let model_output_schema_554000742 = toJsonSchema(model_output_contract_554000741)
      let model_materializer_554000743 = proc (model_output_kind_554000711: int;
          model_output_554000712: LlmOutput): ModelMaterialization[
          VecherinkaArtifact_554000706] {.nimcall, noinit.} = case model_output_kind_554000711
      of 1:
        let model_output_contract_554000713 = schemaOf(T)
        let model_parsed_output_554000714 = tryParse(model_output_contract_554000713,
            model_output_554000712.arguments)
        if not model_parsed_output_554000714.ok:
          return ModelMaterialization[VecherinkaArtifact_554000706](ok: false, error: "invalid finish_work result (" &
              $len(model_parsed_output_554000714.issues) &
              " schema issues)")
        var location_errors_554000719 = ""
        if (
          not (len(location_errors_554000719) == 0)):
          return ModelMaterialization[VecherinkaArtifact_554000706](ok: false,
              error: "invalid finish_work locations: " & location_errors_554000719)
        return ModelMaterialization[VecherinkaArtifact_554000706](ok: true, value: VecherinkaArtifact_554000706(
            kind: vak_1, value_1: model_parsed_output_554000714.value))
      else:
        return ModelMaterialization[VecherinkaArtifact_554000706](ok: false,
            error: "unexpected model output kind")
      let model_tool_data_554000744 = register_llm_tool_binding(
          cast[pointer](model_context_554000724), model_context_554000724.codex_runtime,
          model_request_id_554000725, 1, cast[pointer](model_materializer_554000743))
      var model_tools_554000745: DynamicToolRegistry = @[]
      register_dynamic_tool(model_tools_554000745, "finish_work",
                            stepping_agent_prompts.finish_work_description,
                            model_output_schema_554000742, model_tool_data_554000744, proc (
          tool_data`gensym2131: pointer;
          tool_context`gensym2131: ToolCallContext) {.nimcall, gcsafe.} = {.
          cast(gcsafe).}:
        let binding`gensym2131 = lookup_llm_tool_binding(tool_data`gensym2131)
        if isNone(binding`gensym2131):
          return
        let data`gensym2131 = get(binding`gensym2131)
        if data`gensym2131.retired:
          if not isNil(data`gensym2131.runtime) and
              not isNil(data`gensym2131.liveness) and
              data`gensym2131.liveness.alive:
            fail_server_request(data`gensym2131.runtime,
                                tool_context`gensym2131.request_id, -32001,
                                "stale finish_work callback")
          return
        enqueue_llm_output_event(cast[RuntimeContext[VecherinkaArtifact_554000706]](data`gensym2131.context),
                                 data`gensym2131.request_id,
                                 data`gensym2131.output_kind, cast[ModelMaterializer[
            VecherinkaArtifact_554000706]](data`gensym2131.materializer),
                                 data`gensym2131.id, tool_context`gensym2131))
      let llm_spec_554000750 = LlmCallSpec[VecherinkaArtifact_554000706](
          profile: profile,
          prompt: "Copy marker exactly into result. Do not create files.",
          prompt_templates: stepping_agent_prompts,
          materialized_input: model_materialized_input_554000729,
          runtime_dir: model_context_554000724.runtime_dir,
          working_dir: model_working_dir_554000727, tools: model_tools_554000745,
          output_kind: 1, materialize: model_materializer_554000743)
      submit_llm(model_context_554000724, model_request_id_554000725, llm_spec_554000750)
    except CatchableError as error`gensym2134:
      let event`gensym2134 = RuntimeEvent[VecherinkaArtifact_554000706](
          kind: rev_model_error, request_id: model_request_id_554000725,
          error_message: error`gensym2134.msg)
      enqueue_runtime_event(model_context_554000724, event`gensym2134))), Flow[
      VecherinkaArtifact_554000706](kind: fk_top, root: "option_entry",
                                    entry: true, body: Flow[VecherinkaArtifact_554000706](
      kind: fk_lift,
      inner: Flow[VecherinkaArtifact_554000706](kind: fk_ref, name: "map_option"), destructure: proc (
      lift_destructure_input_554000753: VecherinkaArtifact_554000706): seq[
      tuple[result_index: int, input: VecherinkaArtifact_554000706]] {.nimcall.} =
    let lift_original_554000754 = block:
      let artifact_554000756 = lift_destructure_input_554000753
      const
        loc`gensym2184 = (filename: "/Users/alex/areas/productive/orchestration/src/vecherinka_comptime.nim",
          line: 1943, column: 6)
        ploc`gensym2184 = "/Users/alex/areas/productive/orchestration/src/vecherinka_comptime.nim(1943, 7)"
      bind instantiationInfo
      mixin failedAssertImpl
      {.line: (filename: "/Users/alex/areas/productive/orchestration/src/vecherinka_comptime.nim",
               line: 1943, column: 6).}:
        if not (artifact_554000756.kind == vak_2):
          failedAssertImpl("/Users/alex/areas/productive/orchestration/src/vecherinka_comptime.nim(1943, 7) `artifact_554000756.kind == vak_2` ")
      artifact_554000756.value_2
    var lift_next_index_554000755 = 0
    if isSome(lift_original_554000754):
      let some_value_554000757 = get(lift_original_554000754)
      let result_index_554000758 = lift_next_index_554000755
      inc lift_next_index_554000755, 1
      add(result, (result_index: result_index_554000758,
                   input: VecherinkaArtifact_554000706(kind: vak_0,
          value_0: some_value_554000757))), construct: proc (
      lift_results_554000759: seq[VecherinkaArtifact_554000706];
      lift_construct_input_554000760: VecherinkaArtifact_554000706): VecherinkaArtifact_554000706 {.
      nimcall.} = result =
    let lift_original_input_554000761 = block:
      let artifact_554000763 = lift_construct_input_554000760
      const
        loc`gensym2188 = (filename: "/Users/alex/areas/productive/orchestration/src/vecherinka_comptime.nim",
          line: 1943, column: 6)
        ploc`gensym2188 = "/Users/alex/areas/productive/orchestration/src/vecherinka_comptime.nim(1943, 7)"
      bind instantiationInfo
      mixin failedAssertImpl
      {.line: (filename: "/Users/alex/areas/productive/orchestration/src/vecherinka_comptime.nim",
               line: 1943, column: 6).}:
        if not (artifact_554000763.kind == vak_2):
          failedAssertImpl("/Users/alex/areas/productive/orchestration/src/vecherinka_comptime.nim(1943, 7) `artifact_554000763.kind == vak_2` ")
      artifact_554000763.value_2
    var lift_next_index_554000762 = 0
    VecherinkaArtifact_554000706(kind: vak_3, value_3: if isSome(
        lift_original_input_554000761): some do:
      let result_index_554000764 = lift_next_index_554000762
      inc lift_next_index_554000762, 1
      block:
        let artifact_554000765 = lift_results_554000759[result_index_554000764]
        const
          loc`gensym2190 = (filename: "/Users/alex/areas/productive/orchestration/src/vecherinka_comptime.nim",
            line: 1943, column: 6)
          ploc`gensym2190 = "/Users/alex/areas/productive/orchestration/src/vecherinka_comptime.nim(1943, 7)"
        bind instantiationInfo
        mixin failedAssertImpl
        {.line: (filename: "/Users/alex/areas/productive/orchestration/src/vecherinka_comptime.nim",
                 line: 1943, column: 6).}:
          if not (artifact_554000765.kind == vak_1):
            failedAssertImpl("/Users/alex/areas/productive/orchestration/src/vecherinka_comptime.nim(1943, 7) `artifact_554000765.kind == vak_1` ")
        artifact_554000765.value_1 else: none())))]
  let input_artifact_554000770 = VecherinkaArtifact_554000706(kind: vak_2,
      value_2: input_554000766)
  let work_plan_554000771 = execute_flows(data_554000769, input_artifact_554000770,
      nil, transport_554000767, nil, logger_554000768)
  if isNone(work_plan_554000771.output):
    if isSome(work_plan_554000771.failure_message):
      raise
        (ref ValueError)(msg: get(work_plan_554000771.failure_message),
                         parent: nil)
    raise
      (ref ValueError)(msg: "vecherinka execution completed without output",
                       parent: nil)
  return block:
    let artifact_554000772 = lookup_artifact(work_plan_554000771.context,
        get(work_plan_554000771.output)).data
    const
      loc`gensym2353 = (filename: "/Users/alex/areas/productive/orchestration/src/vecherinka_comptime.nim",
        line: 1943, column: 6)
      ploc`gensym2353 = "/Users/alex/areas/productive/orchestration/src/vecherinka_comptime.nim(1943, 7)"
    bind instantiationInfo
    mixin failedAssertImpl
    {.line: (filename: "/Users/alex/areas/productive/orchestration/src/vecherinka_comptime.nim",
             line: 1943, column: 6).}:
      if not (artifact_554000772.kind == vak_3):
        failedAssertImpl("/Users/alex/areas/productive/orchestration/src/vecherinka_comptime.nim(1943, 7) `artifact_554000772.kind == vak_3` ")
    artifact_554000772.value_3

lift_pattern nodes=3 here_count=1
  tuple
    [0]
      type Stage8Context
    [1]
      here

type
  VecherinkaArtifactKind_554039527 = enum
    vak_0, vak_1, vak_2, vak_3
  VecherinkaArtifact_554039528 = object
    case kind: VecherinkaArtifactKind_554039527
    of vak_0:
      value_0: Stage8Item
    of vak_1:
      value_1: Stage8Result
    of vak_2:
      value_2: (Stage8Context, Stage8Item)
    of vak_3:
      value_3: (Stage8Context, Stage8Result)
proc solve_stage_8_tuple(input_554039587: (Stage8Context, Stage8Item);
                         transport_554039588: LlmTransport[VecherinkaArtifact_554039528] = nil;
                         logger_554039589: StructuredLogger = nil): (
    Stage8Context, Stage8Result) =
  let data_554039590: seq[Flow[VecherinkaArtifact_554039528]] = @[Flow[
      VecherinkaArtifact_554039528](kind: fk_top, root: "map_tuple",
                                    entry: false, body: Flow[VecherinkaArtifact_554039528](
      kind: fk_model, submit: proc (model_context_554039546: RuntimeContext[
      VecherinkaArtifact_554039528]; model_request_id_554039547: RequestId;
                                    model_input_554039548: VecherinkaArtifact_554039528;
                                    model_working_dir_554039549: Path) {.nimcall.} =
    let model_typed_input_554039550 = block:
      let artifact_554039552 = model_input_554039548
      const
        loc`gensym2398 = (filename: "/Users/alex/areas/productive/orchestration/src/vecherinka_comptime.nim",
          line: 1943, column: 6)
        ploc`gensym2398 = "/Users/alex/areas/productive/orchestration/src/vecherinka_comptime.nim(1943, 7)"
      bind instantiationInfo
      mixin failedAssertImpl
      {.line: (filename: "/Users/alex/areas/productive/orchestration/src/vecherinka_comptime.nim",
               line: 1943, column: 6).}:
        if not (artifact_554039552.kind == vak_0):
          failedAssertImpl("/Users/alex/areas/productive/orchestration/src/vecherinka_comptime.nim(1943, 7) `artifact_554039552.kind == vak_0` ")
      artifact_554039552.value_0
    try:
      let model_materialized_input_554039551 = proc (
          materializer_input_554039553: Stage8Item;
          materializer_runtime_dir_554039554, materializer_artifact_dir_554039555: Path;
          materializer_initial_instructions_554039556: string): string {.nimcall.} = result =
        var materialized_instructions_554039557 = materializer_initial_instructions_554039556
        var materialized_names_554039558: seq[string] = @[]
        add(materialized_instructions_554039557,
            "input.marker: string = " & $materializer_input_554039553.marker & "\n")
        materialized_instructions_554039557(model_typed_input_554039550,
          model_context_554039546.runtime_dir, model_working_dir_554039549, "")
      let model_output_contract_554039563 = schemaOf(T)
      let model_output_schema_554039564 = toJsonSchema(model_output_contract_554039563)
      let model_materializer_554039565 = proc (model_output_kind_554039533: int;
          model_output_554039534: LlmOutput): ModelMaterialization[
          VecherinkaArtifact_554039528] {.nimcall, noinit.} = case model_output_kind_554039533
      of 1:
        let model_output_contract_554039535 = schemaOf(T)
        let model_parsed_output_554039536 = tryParse(model_output_contract_554039535,
            model_output_554039534.arguments)
        if not model_parsed_output_554039536.ok:
          return ModelMaterialization[VecherinkaArtifact_554039528](ok: false, error: "invalid finish_work result (" &
              $len(model_parsed_output_554039536.issues) &
              " schema issues)")
        var location_errors_554039541 = ""
        if (
          not (len(location_errors_554039541) == 0)):
          return ModelMaterialization[VecherinkaArtifact_554039528](ok: false,
              error: "invalid finish_work locations: " & location_errors_554039541)
        return ModelMaterialization[VecherinkaArtifact_554039528](ok: true, value: VecherinkaArtifact_554039528(
            kind: vak_1, value_1: model_parsed_output_554039536.value))
      else:
        return ModelMaterialization[VecherinkaArtifact_554039528](ok: false,
            error: "unexpected model output kind")
      let model_tool_data_554039566 = register_llm_tool_binding(
          cast[pointer](model_context_554039546), model_context_554039546.codex_runtime,
          model_request_id_554039547, 1, cast[pointer](model_materializer_554039565))
      var model_tools_554039567: DynamicToolRegistry = @[]
      register_dynamic_tool(model_tools_554039567, "finish_work",
                            stepping_agent_prompts.finish_work_description,
                            model_output_schema_554039564, model_tool_data_554039566, proc (
          tool_data`gensym2371: pointer;
          tool_context`gensym2371: ToolCallContext) {.nimcall, gcsafe.} = {.
          cast(gcsafe).}:
        let binding`gensym2371 = lookup_llm_tool_binding(tool_data`gensym2371)
        if isNone(binding`gensym2371):
          return
        let data`gensym2371 = get(binding`gensym2371)
        if data`gensym2371.retired:
          if not isNil(data`gensym2371.runtime) and
              not isNil(data`gensym2371.liveness) and
              data`gensym2371.liveness.alive:
            fail_server_request(data`gensym2371.runtime,
                                tool_context`gensym2371.request_id, -32001,
                                "stale finish_work callback")
          return
        enqueue_llm_output_event(cast[RuntimeContext[VecherinkaArtifact_554039528]](data`gensym2371.context),
                                 data`gensym2371.request_id,
                                 data`gensym2371.output_kind, cast[ModelMaterializer[
            VecherinkaArtifact_554039528]](data`gensym2371.materializer),
                                 data`gensym2371.id, tool_context`gensym2371))
      let llm_spec_554039572 = LlmCallSpec[VecherinkaArtifact_554039528](
          profile: profile,
          prompt: "Copy marker exactly into result. Do not create files.",
          prompt_templates: stepping_agent_prompts,
          materialized_input: model_materialized_input_554039551,
          runtime_dir: model_context_554039546.runtime_dir,
          working_dir: model_working_dir_554039549, tools: model_tools_554039567,
          output_kind: 1, materialize: model_materializer_554039565)
      submit_llm(model_context_554039546, model_request_id_554039547, llm_spec_554039572)
    except CatchableError as error`gensym2374:
      let event`gensym2374 = RuntimeEvent[VecherinkaArtifact_554039528](
          kind: rev_model_error, request_id: model_request_id_554039547,
          error_message: error`gensym2374.msg)
      enqueue_runtime_event(model_context_554039546, event`gensym2374))), Flow[
      VecherinkaArtifact_554039528](kind: fk_top, root: "tuple_entry",
                                    entry: true, body: Flow[VecherinkaArtifact_554039528](
      kind: fk_lift,
      inner: Flow[VecherinkaArtifact_554039528](kind: fk_ref, name: "map_tuple"), destructure: proc (
      lift_destructure_input_554039575: VecherinkaArtifact_554039528): seq[
      tuple[result_index: int, input: VecherinkaArtifact_554039528]] {.nimcall.} =
    let lift_original_554039576 = block:
      let artifact_554039578 = lift_destructure_input_554039575
      const
        loc`gensym2423 = (filename: "/Users/alex/areas/productive/orchestration/src/vecherinka_comptime.nim",
          line: 1943, column: 6)
        ploc`gensym2423 = "/Users/alex/areas/productive/orchestration/src/vecherinka_comptime.nim(1943, 7)"
      bind instantiationInfo
      mixin failedAssertImpl
      {.line: (filename: "/Users/alex/areas/productive/orchestration/src/vecherinka_comptime.nim",
               line: 1943, column: 6).}:
        if not (artifact_554039578.kind == vak_2):
          failedAssertImpl("/Users/alex/areas/productive/orchestration/src/vecherinka_comptime.nim(1943, 7) `artifact_554039578.kind == vak_2` ")
      artifact_554039578.value_2
    var lift_next_index_554039577 = 0
    discard
    let result_index_554039579 = lift_next_index_554039577
    inc lift_next_index_554039577, 1
    add(result, (result_index: result_index_554039579, input: VecherinkaArtifact_554039528(
        kind: vak_0, value_0: lift_original_554039576[1]))), construct: proc (
      lift_results_554039580: seq[VecherinkaArtifact_554039528];
      lift_construct_input_554039581: VecherinkaArtifact_554039528): VecherinkaArtifact_554039528 {.
      nimcall.} = result =
    let lift_original_input_554039582 = block:
      let artifact_554039584 = lift_construct_input_554039581
      const
        loc`gensym2426 = (filename: "/Users/alex/areas/productive/orchestration/src/vecherinka_comptime.nim",
          line: 1943, column: 6)
        ploc`gensym2426 = "/Users/alex/areas/productive/orchestration/src/vecherinka_comptime.nim(1943, 7)"
      bind instantiationInfo
      mixin failedAssertImpl
      {.line: (filename: "/Users/alex/areas/productive/orchestration/src/vecherinka_comptime.nim",
               line: 1943, column: 6).}:
        if not (artifact_554039584.kind == vak_2):
          failedAssertImpl("/Users/alex/areas/productive/orchestration/src/vecherinka_comptime.nim(1943, 7) `artifact_554039584.kind == vak_2` ")
      artifact_554039584.value_2
    var lift_next_index_554039583 = 0
    VecherinkaArtifact_554039528(kind: vak_3, value_3: (lift_original_input_554039582[
        0],
      let result_index_554039585 = lift_next_index_554039583
      inc lift_next_index_554039583, 1
      block:
        let artifact_554039586 = lift_results_554039580[result_index_554039585]
        const
          loc`gensym2428 = (filename: "/Users/alex/areas/productive/orchestration/src/vecherinka_comptime.nim",
            line: 1943, column: 6)
          ploc`gensym2428 = "/Users/alex/areas/productive/orchestration/src/vecherinka_comptime.nim(1943, 7)"
        bind instantiationInfo
        mixin failedAssertImpl
        {.line: (filename: "/Users/alex/areas/productive/orchestration/src/vecherinka_comptime.nim",
                 line: 1943, column: 6).}:
          if not (artifact_554039586.kind == vak_1):
            failedAssertImpl("/Users/alex/areas/productive/orchestration/src/vecherinka_comptime.nim(1943, 7) `artifact_554039586.kind == vak_1` ")
        artifact_554039586.value_1))))]
  let input_artifact_554039591 = VecherinkaArtifact_554039528(kind: vak_2,
      value_2: input_554039587)
  let work_plan_554039592 = execute_flows(data_554039590, input_artifact_554039591,
      nil, transport_554039588, nil, logger_554039589)
  if isNone(work_plan_554039592.output):
    if isSome(work_plan_554039592.failure_message):
      raise
        (ref ValueError)(msg: get(work_plan_554039592.failure_message),
                         parent: nil)
    raise
      (ref ValueError)(msg: "vecherinka execution completed without output",
                       parent: nil)
  return block:
    let artifact_554039593 = lookup_artifact(work_plan_554039592.context,
        get(work_plan_554039592.output)).data
    const
      loc`gensym2591 = (filename: "/Users/alex/areas/productive/orchestration/src/vecherinka_comptime.nim",
        line: 1943, column: 6)
      ploc`gensym2591 = "/Users/alex/areas/productive/orchestration/src/vecherinka_comptime.nim(1943, 7)"
    bind instantiationInfo
    mixin failedAssertImpl
    {.line: (filename: "/Users/alex/areas/productive/orchestration/src/vecherinka_comptime.nim",
             line: 1943, column: 6).}:
      if not (artifact_554039593.kind == vak_3):
        failedAssertImpl("/Users/alex/areas/productive/orchestration/src/vecherinka_comptime.nim(1943, 7) `artifact_554039593.kind == vak_3` ")
    artifact_554039593.value_3

lift_pattern nodes=2 here_count=1
  object Stage8Container
    item:
      here

type
  VecherinkaArtifactKind_554078128 = enum
    vak_0, vak_1
  VecherinkaArtifact_554078129 = object
    case kind: VecherinkaArtifactKind_554078128
    of vak_0:
      value_0: Stage8Item
    of vak_1:
      value_1: Stage8Container
proc solve_stage_8_object(input_554078197: Stage8Container; transport_554078198: LlmTransport[
    VecherinkaArtifact_554078129] = nil; logger_554078199: StructuredLogger = nil): Stage8Container =
  let data_554078200: seq[Flow[VecherinkaArtifact_554078129]] = @[Flow[
      VecherinkaArtifact_554078129](kind: fk_top, root: "map_object",
                                    entry: false, body: Flow[VecherinkaArtifact_554078129](
      kind: fk_model, submit: proc (model_context_554078147: RuntimeContext[
      VecherinkaArtifact_554078129]; model_request_id_554078148: RequestId;
                                    model_input_554078149: VecherinkaArtifact_554078129;
                                    model_working_dir_554078150: Path) {.nimcall.} =
    let model_typed_input_554078151 = block:
      let artifact_554078153 = model_input_554078149
      const
        loc`gensym2637 = (filename: "/Users/alex/areas/productive/orchestration/src/vecherinka_comptime.nim",
          line: 1943, column: 6)
        ploc`gensym2637 = "/Users/alex/areas/productive/orchestration/src/vecherinka_comptime.nim(1943, 7)"
      bind instantiationInfo
      mixin failedAssertImpl
      {.line: (filename: "/Users/alex/areas/productive/orchestration/src/vecherinka_comptime.nim",
               line: 1943, column: 6).}:
        if not (artifact_554078153.kind == vak_0):
          failedAssertImpl("/Users/alex/areas/productive/orchestration/src/vecherinka_comptime.nim(1943, 7) `artifact_554078153.kind == vak_0` ")
      artifact_554078153.value_0
    try:
      let model_materialized_input_554078152 = proc (
          materializer_input_554078154: Stage8Item;
          materializer_runtime_dir_554078155, materializer_artifact_dir_554078156: Path;
          materializer_initial_instructions_554078157: string): string {.nimcall.} = result =
        var materialized_instructions_554078158 = materializer_initial_instructions_554078157
        var materialized_names_554078159: seq[string] = @[]
        add(materialized_instructions_554078158,
            "input.marker: string = " & $materializer_input_554078154.marker & "\n")
        materialized_instructions_554078158(model_typed_input_554078151,
          model_context_554078147.runtime_dir, model_working_dir_554078150, "")
      let model_output_contract_554078164 = schemaOf(T)
      let model_output_schema_554078165 = toJsonSchema(model_output_contract_554078164)
      let model_materializer_554078166 = proc (model_output_kind_554078134: int;
          model_output_554078135: LlmOutput): ModelMaterialization[
          VecherinkaArtifact_554078129] {.nimcall, noinit.} = case model_output_kind_554078134
      of 0:
        let model_output_contract_554078136 = schemaOf(T)
        let model_parsed_output_554078137 = tryParse(model_output_contract_554078136,
            model_output_554078135.arguments)
        if not model_parsed_output_554078137.ok:
          return ModelMaterialization[VecherinkaArtifact_554078129](ok: false, error: "invalid finish_work result (" &
              $len(model_parsed_output_554078137.issues) &
              " schema issues)")
        var location_errors_554078142 = ""
        if (
          not (len(location_errors_554078142) == 0)):
          return ModelMaterialization[VecherinkaArtifact_554078129](ok: false,
              error: "invalid finish_work locations: " & location_errors_554078142)
        return ModelMaterialization[VecherinkaArtifact_554078129](ok: true, value: VecherinkaArtifact_554078129(
            kind: vak_0, value_0: model_parsed_output_554078137.value))
      else:
        return ModelMaterialization[VecherinkaArtifact_554078129](ok: false,
            error: "unexpected model output kind")
      let model_tool_data_554078167 = register_llm_tool_binding(
          cast[pointer](model_context_554078147), model_context_554078147.codex_runtime,
          model_request_id_554078148, 0, cast[pointer](model_materializer_554078166))
      var model_tools_554078168: DynamicToolRegistry = @[]
      register_dynamic_tool(model_tools_554078168, "finish_work",
                            stepping_agent_prompts.finish_work_description,
                            model_output_schema_554078165, model_tool_data_554078167, proc (
          tool_data`gensym2609: pointer;
          tool_context`gensym2609: ToolCallContext) {.nimcall, gcsafe.} = {.
          cast(gcsafe).}:
        let binding`gensym2609 = lookup_llm_tool_binding(tool_data`gensym2609)
        if isNone(binding`gensym2609):
          return
        let data`gensym2609 = get(binding`gensym2609)
        if data`gensym2609.retired:
          if not isNil(data`gensym2609.runtime) and
              not isNil(data`gensym2609.liveness) and
              data`gensym2609.liveness.alive:
            fail_server_request(data`gensym2609.runtime,
                                tool_context`gensym2609.request_id, -32001,
                                "stale finish_work callback")
          return
        enqueue_llm_output_event(cast[RuntimeContext[VecherinkaArtifact_554078129]](data`gensym2609.context),
                                 data`gensym2609.request_id,
                                 data`gensym2609.output_kind, cast[ModelMaterializer[
            VecherinkaArtifact_554078129]](data`gensym2609.materializer),
                                 data`gensym2609.id, tool_context`gensym2609))
      let llm_spec_554078173 = LlmCallSpec[VecherinkaArtifact_554078129](
          profile: profile, prompt: "Prefix marker with processed: and put it into marker. Do not create files.",
          prompt_templates: stepping_agent_prompts,
          materialized_input: model_materialized_input_554078152,
          runtime_dir: model_context_554078147.runtime_dir,
          working_dir: model_working_dir_554078150, tools: model_tools_554078168,
          output_kind: 0, materialize: model_materializer_554078166)
      submit_llm(model_context_554078147, model_request_id_554078148, llm_spec_554078173)
    except CatchableError as error`gensym2612:
      let event`gensym2612 = RuntimeEvent[VecherinkaArtifact_554078129](
          kind: rev_model_error, request_id: model_request_id_554078148,
          error_message: error`gensym2612.msg)
      enqueue_runtime_event(model_context_554078147, event`gensym2612))), Flow[
      VecherinkaArtifact_554078129](kind: fk_top, root: "object_entry",
                                    entry: true, body: Flow[VecherinkaArtifact_554078129](
      kind: fk_lift,
      inner: Flow[VecherinkaArtifact_554078129](kind: fk_ref, name: "map_object"), destructure: proc (
      lift_destructure_input_554078176: VecherinkaArtifact_554078129): seq[
      tuple[result_index: int, input: VecherinkaArtifact_554078129]] {.nimcall.} =
    let lift_original_554078177 = block:
      let artifact_554078179 = lift_destructure_input_554078176
      const
        loc`gensym2662 = (filename: "/Users/alex/areas/productive/orchestration/src/vecherinka_comptime.nim",
          line: 1943, column: 6)
        ploc`gensym2662 = "/Users/alex/areas/productive/orchestration/src/vecherinka_comptime.nim(1943, 7)"
      bind instantiationInfo
      mixin failedAssertImpl
      {.line: (filename: "/Users/alex/areas/productive/orchestration/src/vecherinka_comptime.nim",
               line: 1943, column: 6).}:
        if not (artifact_554078179.kind == vak_1):
          failedAssertImpl("/Users/alex/areas/productive/orchestration/src/vecherinka_comptime.nim(1943, 7) `artifact_554078179.kind == vak_1` ")
      artifact_554078179.value_1
    var lift_next_index_554078178 = 0
    let result_index_554078180 = lift_next_index_554078178
    inc lift_next_index_554078178, 1
    add(result, (result_index: result_index_554078180, input: VecherinkaArtifact_554078129(
        kind: vak_0, value_0: lift_original_554078177.item))), construct: proc (
      lift_results_554078181: seq[VecherinkaArtifact_554078129];
      lift_construct_input_554078182: VecherinkaArtifact_554078129): VecherinkaArtifact_554078129 {.
      nimcall.} = result =
    let lift_original_input_554078183 = block:
      let artifact_554078185 = lift_construct_input_554078182
      const
        loc`gensym2665 = (filename: "/Users/alex/areas/productive/orchestration/src/vecherinka_comptime.nim",
          line: 1943, column: 6)
        ploc`gensym2665 = "/Users/alex/areas/productive/orchestration/src/vecherinka_comptime.nim(1943, 7)"
      bind instantiationInfo
      mixin failedAssertImpl
      {.line: (filename: "/Users/alex/areas/productive/orchestration/src/vecherinka_comptime.nim",
               line: 1943, column: 6).}:
        if not (artifact_554078185.kind == vak_1):
          failedAssertImpl("/Users/alex/areas/productive/orchestration/src/vecherinka_comptime.nim(1943, 7) `artifact_554078185.kind == vak_1` ")
      artifact_554078185.value_1
    var lift_next_index_554078184 = 0
    VecherinkaArtifact_554078129(kind: vak_1, value_1:
      var output_554078186 = lift_original_input_554078183
      output_554078186.item =
        let result_index_554078195 = lift_next_index_554078184
        inc lift_next_index_554078184, 1
        block:
          let artifact_554078196 = lift_results_554078181[result_index_554078195]
          const
            loc`gensym2667 = (filename: "/Users/alex/areas/productive/orchestration/src/vecherinka_comptime.nim",
              line: 1943, column: 6)
            ploc`gensym2667 = "/Users/alex/areas/productive/orchestration/src/vecherinka_comptime.nim(1943, 7)"
          bind instantiationInfo
          mixin failedAssertImpl
          {.line: (filename: "/Users/alex/areas/productive/orchestration/src/vecherinka_comptime.nim",
                   line: 1943, column: 6).}:
            if not (artifact_554078196.kind == vak_0):
              failedAssertImpl("/Users/alex/areas/productive/orchestration/src/vecherinka_comptime.nim(1943, 7) `artifact_554078196.kind == vak_0` ")
          artifact_554078196.value_0
      output_554078186)))]
  let input_artifact_554078201 = VecherinkaArtifact_554078129(kind: vak_1,
      value_1: input_554078197)
  let work_plan_554078202 = execute_flows(data_554078200, input_artifact_554078201,
      nil, transport_554078198, nil, logger_554078199)
  if isNone(work_plan_554078202.output):
    if isSome(work_plan_554078202.failure_message):
      raise
        (ref ValueError)(msg: get(work_plan_554078202.failure_message),
                         parent: nil)
    raise
      (ref ValueError)(msg: "vecherinka execution completed without output",
                       parent: nil)
  return block:
    let artifact_554078203 = lookup_artifact(work_plan_554078202.context,
        get(work_plan_554078202.output)).data
    const
      loc`gensym2830 = (filename: "/Users/alex/areas/productive/orchestration/src/vecherinka_comptime.nim",
        line: 1943, column: 6)
      ploc`gensym2830 = "/Users/alex/areas/productive/orchestration/src/vecherinka_comptime.nim(1943, 7)"
    bind instantiationInfo
    mixin failedAssertImpl
    {.line: (filename: "/Users/alex/areas/productive/orchestration/src/vecherinka_comptime.nim",
             line: 1943, column: 6).}:
      if not (artifact_554078203.kind == vak_1):
        failedAssertImpl("/Users/alex/areas/productive/orchestration/src/vecherinka_comptime.nim(1943, 7) `artifact_554078203.kind == vak_1` ")
    artifact_554078203.value_1


type
  VecherinkaArtifactKind_554116750 = enum
    vak_0
  VecherinkaArtifact_554116751 = object
    case kind: VecherinkaArtifactKind_554116750
    of vak_0:
      value_0: Stage9Variant
proc solve_stage_9_variant(input_554116831: Stage9Variant; transport_554116832: LlmTransport[
    VecherinkaArtifact_554116751] = nil; logger_554116833: StructuredLogger = nil): Stage9Variant =
  let data_554116834: seq[Flow[VecherinkaArtifact_554116751]] = @[Flow[
      VecherinkaArtifact_554116751](kind: fk_top, root: "copy_variant",
                                    entry: true, body: Flow[VecherinkaArtifact_554116751](
      kind: fk_model, submit: proc (model_context_554116797: RuntimeContext[
      VecherinkaArtifact_554116751]; model_request_id_554116798: RequestId;
                                    model_input_554116799: VecherinkaArtifact_554116751;
                                    model_working_dir_554116800: Path) {.nimcall.} =
    let model_typed_input_554116801 = block:
      let artifact_554116803 = model_input_554116799
      const
        loc`gensym2861 = (filename: "/Users/alex/areas/productive/orchestration/src/vecherinka_comptime.nim",
          line: 1943, column: 6)
        ploc`gensym2861 = "/Users/alex/areas/productive/orchestration/src/vecherinka_comptime.nim(1943, 7)"
      bind instantiationInfo
      mixin failedAssertImpl
      {.line: (filename: "/Users/alex/areas/productive/orchestration/src/vecherinka_comptime.nim",
               line: 1943, column: 6).}:
        if not (artifact_554116803.kind == vak_0):
          failedAssertImpl("/Users/alex/areas/productive/orchestration/src/vecherinka_comptime.nim(1943, 7) `artifact_554116803.kind == vak_0` ")
      artifact_554116803.value_0
    try:
      let model_materialized_input_554116802 = proc (
          materializer_input_554116804: Stage9Variant;
          materializer_runtime_dir_554116805, materializer_artifact_dir_554116806: Path;
          materializer_initial_instructions_554116807: string): string {.nimcall.} = result =
        var materialized_instructions_554116808 = materializer_initial_instructions_554116807
        var materialized_names_554116809: seq[string] = @[]
        add(materialized_instructions_554116808,
            "input.common: string = " & $materializer_input_554116804.common & "\n")
        case materializer_input_554116804.kind
        of text_branch:
          add(materialized_instructions_554116808,
              "input.text: string = " & $materializer_input_554116804.text & "\n")
        of file_branch:
          let materialized_location_name_554116818 = copy_location_payload(
              materializer_runtime_dir_554116805, materializer_artifact_dir_554116806,
              cast[string](materializer_input_554116804.file),
              materialized_names_554116809)
          add(materialized_instructions_554116808, "input.file: location = " &
              cast[string](materializer_input_554116804.file) &
              " (materialized as " &
              materialized_location_name_554116818 &
              ")\n")
        materialized_instructions_554116808(model_typed_input_554116801,
          model_context_554116797.runtime_dir, model_working_dir_554116800, "")
      let model_output_contract_554116819 = Schema[T](node: Validator(
          kind: nkVariant, discName: "kind",
          common: @[FieldDef(name: "common", node: nodeOf())], branches: @[VariantBranch(
          discValue: "text_branch",
          fields: @[FieldDef(name: "text", node: nodeOf())]), VariantBranch(
          discValue: "file_branch",
          fields: @[FieldDef(name: "file", node: nodeOf())])],
          strictVariant: zeroDefault([type node])))
      let model_output_schema_554116820 = toJsonSchema(model_output_contract_554116819)
      let model_materializer_554116821 = proc (model_output_kind_554116775: int;
          model_output_554116776: LlmOutput): ModelMaterialization[
          VecherinkaArtifact_554116751] {.nimcall, noinit.} = case model_output_kind_554116775
      of 0:
        let model_output_contract_554116777 = Schema[T](node: Validator(
            kind: nkVariant, discName: "kind",
            common: @[FieldDef(name: "common", node: nodeOf())], branches: @[VariantBranch(
            discValue: "text_branch",
            fields: @[FieldDef(name: "text", node: nodeOf())]), VariantBranch(
            discValue: "file_branch",
            fields: @[FieldDef(name: "file", node: nodeOf())])],
            strictVariant: zeroDefault([type node])))
        let model_parsed_output_554116778 = tryParse(model_output_contract_554116777,
            model_output_554116776.arguments)
        if not model_parsed_output_554116778.ok:
          return ModelMaterialization[VecherinkaArtifact_554116751](ok: false, error: "invalid finish_work result (" &
              $len(model_parsed_output_554116778.issues) &
              " schema issues)")
        var location_errors_554116787 = ""
        case model_parsed_output_554116778.value.kind
        of text_branch:
        of file_branch:
          let location_verification_error_554116788 = verify_location_payload(
              model_output_554116776.working_dir,
              cast[string](model_parsed_output_554116778.value.file))
          if (
            not (len(location_verification_error_554116788) == 0)):
            add(location_errors_554116787,
                "output.file: " & location_verification_error_554116788 & "\n")
        if (
          not (len(location_errors_554116787) == 0)):
          return ModelMaterialization[VecherinkaArtifact_554116751](ok: false,
              error: "invalid finish_work locations: " & location_errors_554116787)
        return ModelMaterialization[VecherinkaArtifact_554116751](ok: true, value: VecherinkaArtifact_554116751(
            kind: vak_0, value_0: model_parsed_output_554116778.value))
      else:
        return ModelMaterialization[VecherinkaArtifact_554116751](ok: false,
            error: "unexpected model output kind")
      let model_tool_data_554116822 = register_llm_tool_binding(
          cast[pointer](model_context_554116797), model_context_554116797.codex_runtime,
          model_request_id_554116798, 0, cast[pointer](model_materializer_554116821))
      var model_tools_554116823: DynamicToolRegistry = @[]
      register_dynamic_tool(model_tools_554116823, "finish_work",
                            stepping_agent_prompts.finish_work_description,
                            model_output_schema_554116820, model_tool_data_554116822, proc (
          tool_data`gensym2847: pointer;
          tool_context`gensym2847: ToolCallContext) {.nimcall, gcsafe.} = {.
          cast(gcsafe).}:
        let binding`gensym2847 = lookup_llm_tool_binding(tool_data`gensym2847)
        if isNone(binding`gensym2847):
          return
        let data`gensym2847 = get(binding`gensym2847)
        if data`gensym2847.retired:
          if not isNil(data`gensym2847.runtime) and
              not isNil(data`gensym2847.liveness) and
              data`gensym2847.liveness.alive:
            fail_server_request(data`gensym2847.runtime,
                                tool_context`gensym2847.request_id, -32001,
                                "stale finish_work callback")
          return
        enqueue_llm_output_event(cast[RuntimeContext[VecherinkaArtifact_554116751]](data`gensym2847.context),
                                 data`gensym2847.request_id,
                                 data`gensym2847.output_kind, cast[ModelMaterializer[
            VecherinkaArtifact_554116751]](data`gensym2847.materializer),
                                 data`gensym2847.id, tool_context`gensym2847))
      let llm_spec_554116828 = LlmCallSpec[VecherinkaArtifact_554116751](
          profile: profile, prompt: "Preserve common and the active text_branch values exactly. Return the same variant. Do not create files.",
          prompt_templates: stepping_agent_prompts,
          materialized_input: model_materialized_input_554116802,
          runtime_dir: model_context_554116797.runtime_dir,
          working_dir: model_working_dir_554116800, tools: model_tools_554116823,
          output_kind: 0, materialize: model_materializer_554116821)
      submit_llm(model_context_554116797, model_request_id_554116798, llm_spec_554116828)
    except CatchableError as error`gensym2850:
      let event`gensym2850 = RuntimeEvent[VecherinkaArtifact_554116751](
          kind: rev_model_error, request_id: model_request_id_554116798,
          error_message: error`gensym2850.msg)
      enqueue_runtime_event(model_context_554116797, event`gensym2850)))]
  let input_artifact_554116835 = VecherinkaArtifact_554116751(kind: vak_0,
      value_0: input_554116831)
  let work_plan_554116836 = execute_flows(data_554116834, input_artifact_554116835,
      nil, transport_554116832, nil, logger_554116833)
  if isNone(work_plan_554116836.output):
    if isSome(work_plan_554116836.failure_message):
      raise
        (ref ValueError)(msg: get(work_plan_554116836.failure_message),
                         parent: nil)
    raise
      (ref ValueError)(msg: "vecherinka execution completed without output",
                       parent: nil)
  return block:
    let artifact_554116837 = lookup_artifact(work_plan_554116836.context,
        get(work_plan_554116836.output)).data
    const
      loc`gensym3051 = (filename: "/Users/alex/areas/productive/orchestration/src/vecherinka_comptime.nim",
        line: 1943, column: 6)
      ploc`gensym3051 = "/Users/alex/areas/productive/orchestration/src/vecherinka_comptime.nim(1943, 7)"
    bind instantiationInfo
    mixin failedAssertImpl
    {.line: (filename: "/Users/alex/areas/productive/orchestration/src/vecherinka_comptime.nim",
             line: 1943, column: 6).}:
      if not (artifact_554116837.kind == vak_0):
        failedAssertImpl("/Users/alex/areas/productive/orchestration/src/vecherinka_comptime.nim(1943, 7) `artifact_554116837.kind == vak_0` ")
    artifact_554116837.value_0


type
  VecherinkaArtifactKind_554155657 = enum
    vak_0
  VecherinkaArtifact_554155658 = object
    case kind: VecherinkaArtifactKind_554155657
    of vak_0:
      value_0: Stage9Fixed
proc solve_stage_9_fixed(input_554155795: Stage9Fixed;
                         transport_554155796: LlmTransport[VecherinkaArtifact_554155658] = nil;
                         logger_554155797: StructuredLogger = nil): Stage9Fixed =
  let data_554155798: seq[Flow[VecherinkaArtifact_554155658]] = @[Flow[
      VecherinkaArtifact_554155658](kind: fk_top, root: "copy_fixed",
                                    entry: true, body: Flow[VecherinkaArtifact_554155658](
      kind: fk_model, submit: proc (model_context_554155759: RuntimeContext[
      VecherinkaArtifact_554155658]; model_request_id_554155760: RequestId;
                                    model_input_554155761: VecherinkaArtifact_554155658;
                                    model_working_dir_554155762: Path) {.nimcall.} =
    let model_typed_input_554155763 = block:
      let artifact_554155765 = model_input_554155761
      const
        loc`gensym3082 = (filename: "/Users/alex/areas/productive/orchestration/src/vecherinka_comptime.nim",
          line: 1943, column: 6)
        ploc`gensym3082 = "/Users/alex/areas/productive/orchestration/src/vecherinka_comptime.nim(1943, 7)"
      bind instantiationInfo
      mixin failedAssertImpl
      {.line: (filename: "/Users/alex/areas/productive/orchestration/src/vecherinka_comptime.nim",
               line: 1943, column: 6).}:
        if not (artifact_554155765.kind == vak_0):
          failedAssertImpl("/Users/alex/areas/productive/orchestration/src/vecherinka_comptime.nim(1943, 7) `artifact_554155765.kind == vak_0` ")
      artifact_554155765.value_0
    try:
      let model_materialized_input_554155764 = proc (
          materializer_input_554155766: Stage9Fixed;
          materializer_runtime_dir_554155767, materializer_artifact_dir_554155768: Path;
          materializer_initial_instructions_554155769: string): string {.nimcall.} = result =
        var materialized_instructions_554155770 = materializer_initial_instructions_554155769
        var materialized_names_554155771: seq[string] = @[]
        for artifact_index_554155781, artifact_item_554155782 in pairs(
            materializer_input_554155766):
          add(materialized_instructions_554155770, "input[" &
              $(int(artifact_index_554155781) + 1) &
              "]" &
              ": " &
              "int" &
              " = " &
              $artifact_item_554155782 &
              "\n")
        materialized_instructions_554155770(model_typed_input_554155763,
          model_context_554155759.runtime_dir, model_working_dir_554155762, "")
      let model_output_contract_554155783 = block:
        type
          ModelOutputWire_554155690 = seq[int]
        max(min(schemaOf(T), 3, ""), 3, "")
      let model_output_schema_554155784 = toJsonSchema(model_output_contract_554155783)
      let model_materializer_554155785 = proc (model_output_kind_554155712: int;
          model_output_554155713: LlmOutput): ModelMaterialization[
          VecherinkaArtifact_554155658] {.nimcall, noinit.} = case model_output_kind_554155712
      of 0:
        let model_output_contract_554155714 = block:
          type
            ModelOutputWire_554155758 = seq[int]
          max(min(schemaOf(T), 3, ""), 3, "")
        let model_parsed_output_554155715 = tryParse(model_output_contract_554155714,
            model_output_554155713.arguments)
        if not model_parsed_output_554155715.ok:
          return ModelMaterialization[VecherinkaArtifact_554155658](ok: false, error: "invalid finish_work result (" &
              $len(model_parsed_output_554155715.issues) &
              " schema issues)")
        var location_errors_554155746 = ""
        for artifact_index_554155747, artifact_item_554155748 in pairs(
            model_parsed_output_554155715.value):
        if (
          not (len(location_errors_554155746) == 0)):
          return ModelMaterialization[VecherinkaArtifact_554155658](ok: false,
              error: "invalid finish_work locations: " & location_errors_554155746)
        return ModelMaterialization[VecherinkaArtifact_554155658](ok: true, value: VecherinkaArtifact_554155658(
            kind: vak_0, value_0: block:
          var converted_sequence_554155744: Stage9Fixed
          for wire_index_554155745 in 0 ..< len(model_parsed_output_554155715.value):
            converted_sequence_554155744[low(converted_sequence_554155744) + wire_index_554155745] = model_parsed_output_554155715.value[
                wire_index_554155745]
          converted_sequence_554155744))
      else:
        return ModelMaterialization[VecherinkaArtifact_554155658](ok: false,
            error: "unexpected model output kind")
      let model_tool_data_554155786 = register_llm_tool_binding(
          cast[pointer](model_context_554155759), model_context_554155759.codex_runtime,
          model_request_id_554155760, 0, cast[pointer](model_materializer_554155785))
      var model_tools_554155787: DynamicToolRegistry = @[]
      register_dynamic_tool(model_tools_554155787, "finish_work",
                            stepping_agent_prompts.finish_work_description,
                            model_output_schema_554155784, model_tool_data_554155786, proc (
          tool_data`gensym3068: pointer;
          tool_context`gensym3068: ToolCallContext) {.nimcall, gcsafe.} = {.
          cast(gcsafe).}:
        let binding`gensym3068 = lookup_llm_tool_binding(tool_data`gensym3068)
        if isNone(binding`gensym3068):
          return
        let data`gensym3068 = get(binding`gensym3068)
        if data`gensym3068.retired:
          if not isNil(data`gensym3068.runtime) and
              not isNil(data`gensym3068.liveness) and
              data`gensym3068.liveness.alive:
            fail_server_request(data`gensym3068.runtime,
                                tool_context`gensym3068.request_id, -32001,
                                "stale finish_work callback")
          return
        enqueue_llm_output_event(cast[RuntimeContext[VecherinkaArtifact_554155658]](data`gensym3068.context),
                                 data`gensym3068.request_id,
                                 data`gensym3068.output_kind, cast[ModelMaterializer[
            VecherinkaArtifact_554155658]](data`gensym3068.materializer),
                                 data`gensym3068.id, tool_context`gensym3068))
      let llm_spec_554155792 = LlmCallSpec[VecherinkaArtifact_554155658](
          profile: profile, prompt: "Copy all three array values exactly. Return a JSON array of exactly three integers, not an object. Do not create files.",
          prompt_templates: stepping_agent_prompts,
          materialized_input: model_materialized_input_554155764,
          runtime_dir: model_context_554155759.runtime_dir,
          working_dir: model_working_dir_554155762, tools: model_tools_554155787,
          output_kind: 0, materialize: model_materializer_554155785)
      submit_llm(model_context_554155759, model_request_id_554155760, llm_spec_554155792)
    except CatchableError as error`gensym3071:
      let event`gensym3071 = RuntimeEvent[VecherinkaArtifact_554155658](
          kind: rev_model_error, request_id: model_request_id_554155760,
          error_message: error`gensym3071.msg)
      enqueue_runtime_event(model_context_554155759, event`gensym3071)))]
  let input_artifact_554155799 = VecherinkaArtifact_554155658(kind: vak_0,
      value_0: input_554155795)
  let work_plan_554155800 = execute_flows(data_554155798, input_artifact_554155799,
      nil, transport_554155796, nil, logger_554155797)
  if isNone(work_plan_554155800.output):
    if isSome(work_plan_554155800.failure_message):
      raise
        (ref ValueError)(msg: get(work_plan_554155800.failure_message),
                         parent: nil)
    raise
      (ref ValueError)(msg: "vecherinka execution completed without output",
                       parent: nil)
  return block:
    let artifact_554155801 = lookup_artifact(work_plan_554155800.context,
        get(work_plan_554155800.output)).data
    const
      loc`gensym3272 = (filename: "/Users/alex/areas/productive/orchestration/src/vecherinka_comptime.nim",
        line: 1943, column: 6)
      ploc`gensym3272 = "/Users/alex/areas/productive/orchestration/src/vecherinka_comptime.nim(1943, 7)"
    bind instantiationInfo
    mixin failedAssertImpl
    {.line: (filename: "/Users/alex/areas/productive/orchestration/src/vecherinka_comptime.nim",
             line: 1943, column: 6).}:
      if not (artifact_554155801.kind == vak_0):
        failedAssertImpl("/Users/alex/areas/productive/orchestration/src/vecherinka_comptime.nim(1943, 7) `artifact_554155801.kind == vak_0` ")
    artifact_554155801.value_0


type
  VecherinkaArtifactKind_554194313 = enum
    vak_0
  VecherinkaArtifact_554194314 = object
    case kind: VecherinkaArtifactKind_554194313
    of vak_0:
      value_0: Stage9NamedTuple
proc solve_stage_9_tuple(input_554194377: Stage9NamedTuple;
                         transport_554194378: LlmTransport[VecherinkaArtifact_554194314] = nil;
                         logger_554194379: StructuredLogger = nil): Stage9NamedTuple =
  let data_554194380: seq[Flow[VecherinkaArtifact_554194314]] = @[Flow[
      VecherinkaArtifact_554194314](kind: fk_top, root: "copy_named_tuple",
                                    entry: true, body: Flow[VecherinkaArtifact_554194314](
      kind: fk_model, submit: proc (model_context_554194344: RuntimeContext[
      VecherinkaArtifact_554194314]; model_request_id_554194345: RequestId;
                                    model_input_554194346: VecherinkaArtifact_554194314;
                                    model_working_dir_554194347: Path) {.nimcall.} =
    let model_typed_input_554194348 = block:
      let artifact_554194350 = model_input_554194346
      const
        loc`gensym3299 = (filename: "/Users/alex/areas/productive/orchestration/src/vecherinka_comptime.nim",
          line: 1943, column: 6)
        ploc`gensym3299 = "/Users/alex/areas/productive/orchestration/src/vecherinka_comptime.nim(1943, 7)"
      bind instantiationInfo
      mixin failedAssertImpl
      {.line: (filename: "/Users/alex/areas/productive/orchestration/src/vecherinka_comptime.nim",
               line: 1943, column: 6).}:
        if not (artifact_554194350.kind == vak_0):
          failedAssertImpl("/Users/alex/areas/productive/orchestration/src/vecherinka_comptime.nim(1943, 7) `artifact_554194350.kind == vak_0` ")
      artifact_554194350.value_0
    try:
      let model_materialized_input_554194349 = proc (
          materializer_input_554194351: Stage9NamedTuple;
          materializer_runtime_dir_554194352, materializer_artifact_dir_554194353: Path;
          materializer_initial_instructions_554194354: string): string {.nimcall.} = result =
        var materialized_instructions_554194355 = materializer_initial_instructions_554194354
        var materialized_names_554194356: seq[string] = @[]
        add(materialized_instructions_554194355,
            "input.first: int = " & $materializer_input_554194351.first & "\n")
        add(materialized_instructions_554194355,
            "input.second: string = " & $materializer_input_554194351.second & "\n")
        materialized_instructions_554194355(model_typed_input_554194348,
          model_context_554194344.runtime_dir, model_working_dir_554194347, "")
      let model_output_contract_554194365 = schemaOf(T)
      let model_output_schema_554194366 = toJsonSchema(model_output_contract_554194365)
      let model_materializer_554194367 = proc (model_output_kind_554194323: int;
          model_output_554194324: LlmOutput): ModelMaterialization[
          VecherinkaArtifact_554194314] {.nimcall, noinit.} = case model_output_kind_554194323
      of 0:
        let model_output_contract_554194325 = schemaOf(T)
        let model_parsed_output_554194326 = tryParse(model_output_contract_554194325,
            model_output_554194324.arguments)
        if not model_parsed_output_554194326.ok:
          return ModelMaterialization[VecherinkaArtifact_554194314](ok: false, error: "invalid finish_work result (" &
              $len(model_parsed_output_554194326.issues) &
              " schema issues)")
        var location_errors_554194335 = ""
        if (
          not (len(location_errors_554194335) == 0)):
          return ModelMaterialization[VecherinkaArtifact_554194314](ok: false,
              error: "invalid finish_work locations: " & location_errors_554194335)
        return ModelMaterialization[VecherinkaArtifact_554194314](ok: true, value: VecherinkaArtifact_554194314(
            kind: vak_0, value_0: model_parsed_output_554194326.value))
      else:
        return ModelMaterialization[VecherinkaArtifact_554194314](ok: false,
            error: "unexpected model output kind")
      let model_tool_data_554194368 = register_llm_tool_binding(
          cast[pointer](model_context_554194344), model_context_554194344.codex_runtime,
          model_request_id_554194345, 0, cast[pointer](model_materializer_554194367))
      var model_tools_554194369: DynamicToolRegistry = @[]
      register_dynamic_tool(model_tools_554194369, "finish_work",
                            stepping_agent_prompts.finish_work_description,
                            model_output_schema_554194366, model_tool_data_554194368, proc (
          tool_data`gensym3285: pointer;
          tool_context`gensym3285: ToolCallContext) {.nimcall, gcsafe.} = {.
          cast(gcsafe).}:
        let binding`gensym3285 = lookup_llm_tool_binding(tool_data`gensym3285)
        if isNone(binding`gensym3285):
          return
        let data`gensym3285 = get(binding`gensym3285)
        if data`gensym3285.retired:
          if not isNil(data`gensym3285.runtime) and
              not isNil(data`gensym3285.liveness) and
              data`gensym3285.liveness.alive:
            fail_server_request(data`gensym3285.runtime,
                                tool_context`gensym3285.request_id, -32001,
                                "stale finish_work callback")
          return
        enqueue_llm_output_event(cast[RuntimeContext[VecherinkaArtifact_554194314]](data`gensym3285.context),
                                 data`gensym3285.request_id,
                                 data`gensym3285.output_kind, cast[ModelMaterializer[
            VecherinkaArtifact_554194314]](data`gensym3285.materializer),
                                 data`gensym3285.id, tool_context`gensym3285))
      let llm_spec_554194374 = LlmCallSpec[VecherinkaArtifact_554194314](
          profile: profile,
          prompt: "Copy first and second exactly. Do not create files.",
          prompt_templates: stepping_agent_prompts,
          materialized_input: model_materialized_input_554194349,
          runtime_dir: model_context_554194344.runtime_dir,
          working_dir: model_working_dir_554194347, tools: model_tools_554194369,
          output_kind: 0, materialize: model_materializer_554194367)
      submit_llm(model_context_554194344, model_request_id_554194345, llm_spec_554194374)
    except CatchableError as error`gensym3288:
      let event`gensym3288 = RuntimeEvent[VecherinkaArtifact_554194314](
          kind: rev_model_error, request_id: model_request_id_554194345,
          error_message: error`gensym3288.msg)
      enqueue_runtime_event(model_context_554194344, event`gensym3288)))]
  let input_artifact_554194381 = VecherinkaArtifact_554194314(kind: vak_0,
      value_0: input_554194377)
  let work_plan_554194382 = execute_flows(data_554194380, input_artifact_554194381,
      nil, transport_554194378, nil, logger_554194379)
  if isNone(work_plan_554194382.output):
    if isSome(work_plan_554194382.failure_message):
      raise
        (ref ValueError)(msg: get(work_plan_554194382.failure_message),
                         parent: nil)
    raise
      (ref ValueError)(msg: "vecherinka execution completed without output",
                       parent: nil)
  return block:
    let artifact_554194383 = lookup_artifact(work_plan_554194382.context,
        get(work_plan_554194382.output)).data
    const
      loc`gensym3485 = (filename: "/Users/alex/areas/productive/orchestration/src/vecherinka_comptime.nim",
        line: 1943, column: 6)
      ploc`gensym3485 = "/Users/alex/areas/productive/orchestration/src/vecherinka_comptime.nim(1943, 7)"
    bind instantiationInfo
    mixin failedAssertImpl
    {.line: (filename: "/Users/alex/areas/productive/orchestration/src/vecherinka_comptime.nim",
             line: 1943, column: 6).}:
      if not (artifact_554194383.kind == vak_0):
        failedAssertImpl("/Users/alex/areas/productive/orchestration/src/vecherinka_comptime.nim(1943, 7) `artifact_554194383.kind == vak_0` ")
    artifact_554194383.value_0

lift_pattern nodes=2 here_count=1
  seq
    here

type
  VecherinkaArtifactKind_554233413 = enum
    vak_0, vak_1, vak_2, vak_3, vak_4
  VecherinkaArtifact_554233414 = object
    case kind: VecherinkaArtifactKind_554233413
    of vak_0:
      value_0: Stage10Item
    of vak_1:
      value_1: Stage10Input
    of vak_2:
      value_2: Stage10Variant
    of vak_3:
      value_3: (seq[Stage10Item], Stage10Variant)
    of vak_4:
      value_4: seq[Stage10Item]
proc solve_stage_10(input_554233565: Stage10Input;
                    transport_554233566: LlmTransport[VecherinkaArtifact_554233414] = nil;
                    logger_554233567: StructuredLogger = nil): (
    seq[Stage10Item], Stage10Variant) =
  let data_554233568: seq[Flow[VecherinkaArtifact_554233414]] = @[Flow[
      VecherinkaArtifact_554233414](kind: fk_top, root: "map_item",
                                    entry: false, body: Flow[VecherinkaArtifact_554233414](
      kind: fk_model, submit: proc (model_context_554233433: RuntimeContext[
      VecherinkaArtifact_554233414]; model_request_id_554233434: RequestId;
                                    model_input_554233435: VecherinkaArtifact_554233414;
                                    model_working_dir_554233436: Path) {.nimcall.} =
    let model_typed_input_554233437 = block:
      let artifact_554233439 = model_input_554233435
      const
        loc`gensym3589 = (filename: "/Users/alex/areas/productive/orchestration/src/vecherinka_comptime.nim",
          line: 1943, column: 6)
        ploc`gensym3589 = "/Users/alex/areas/productive/orchestration/src/vecherinka_comptime.nim(1943, 7)"
      bind instantiationInfo
      mixin failedAssertImpl
      {.line: (filename: "/Users/alex/areas/productive/orchestration/src/vecherinka_comptime.nim",
               line: 1943, column: 6).}:
        if not (artifact_554233439.kind == vak_0):
          failedAssertImpl("/Users/alex/areas/productive/orchestration/src/vecherinka_comptime.nim(1943, 7) `artifact_554233439.kind == vak_0` ")
      artifact_554233439.value_0
    try:
      let model_materialized_input_554233438 = proc (
          materializer_input_554233440: Stage10Item;
          materializer_runtime_dir_554233441, materializer_artifact_dir_554233442: Path;
          materializer_initial_instructions_554233443: string): string {.nimcall.} = result =
        var materialized_instructions_554233444 = materializer_initial_instructions_554233443
        var materialized_names_554233445: seq[string] = @[]
        add(materialized_instructions_554233444,
            "input.marker: string = " & $materializer_input_554233440.marker & "\n")
        let materialized_location_name_554233450 = copy_location_payload(
            materializer_runtime_dir_554233441, materializer_artifact_dir_554233442,
            cast[string](materializer_input_554233440.source),
            materialized_names_554233445)
        add(materialized_instructions_554233444, "input.source: location = " &
            cast[string](materializer_input_554233440.source) &
            " (materialized as " &
            materialized_location_name_554233450 &
            ")\n")
        materialized_instructions_554233444(model_typed_input_554233437,
          model_context_554233433.runtime_dir, model_working_dir_554233436, "")
      let model_output_contract_554233451 = schemaOf(T)
      let model_output_schema_554233452 = toJsonSchema(model_output_contract_554233451)
      let model_materializer_554233453 = proc (model_output_kind_554233419: int;
          model_output_554233420: LlmOutput): ModelMaterialization[
          VecherinkaArtifact_554233414] {.nimcall, noinit.} = case model_output_kind_554233419
      of 0:
        let model_output_contract_554233421 = schemaOf(T)
        let model_parsed_output_554233422 = tryParse(model_output_contract_554233421,
            model_output_554233420.arguments)
        if not model_parsed_output_554233422.ok:
          return ModelMaterialization[VecherinkaArtifact_554233414](ok: false, error: "invalid finish_work result (" &
              $len(model_parsed_output_554233422.issues) &
              " schema issues)")
        var location_errors_554233427 = ""
        let location_verification_error_554233428 = verify_location_payload(
            model_output_554233420.working_dir,
            cast[string](model_parsed_output_554233422.value.source))
        if (
          not (len(location_verification_error_554233428) == 0)):
          add(location_errors_554233427,
              "output.source: " & location_verification_error_554233428 & "\n")
        if (
          not (len(location_errors_554233427) == 0)):
          return ModelMaterialization[VecherinkaArtifact_554233414](ok: false,
              error: "invalid finish_work locations: " & location_errors_554233427)
        return ModelMaterialization[VecherinkaArtifact_554233414](ok: true, value: VecherinkaArtifact_554233414(
            kind: vak_0, value_0: model_parsed_output_554233422.value))
      else:
        return ModelMaterialization[VecherinkaArtifact_554233414](ok: false,
            error: "unexpected model output kind")
      let model_tool_data_554233454 = register_llm_tool_binding(
          cast[pointer](model_context_554233433), model_context_554233433.codex_runtime,
          model_request_id_554233434, 0, cast[pointer](model_materializer_554233453))
      var model_tools_554233455: DynamicToolRegistry = @[]
      register_dynamic_tool(model_tools_554233455, "finish_work",
                            stepping_agent_prompts.finish_work_description,
                            model_output_schema_554233452, model_tool_data_554233454, proc (
          tool_data`gensym3520: pointer;
          tool_context`gensym3520: ToolCallContext) {.nimcall, gcsafe.} = {.
          cast(gcsafe).}:
        let binding`gensym3520 = lookup_llm_tool_binding(tool_data`gensym3520)
        if isNone(binding`gensym3520):
          return
        let data`gensym3520 = get(binding`gensym3520)
        if data`gensym3520.retired:
          if not isNil(data`gensym3520.runtime) and
              not isNil(data`gensym3520.liveness) and
              data`gensym3520.liveness.alive:
            fail_server_request(data`gensym3520.runtime,
                                tool_context`gensym3520.request_id, -32001,
                                "stale finish_work callback")
          return
        enqueue_llm_output_event(cast[RuntimeContext[VecherinkaArtifact_554233414]](data`gensym3520.context),
                                 data`gensym3520.request_id,
                                 data`gensym3520.output_kind, cast[ModelMaterializer[
            VecherinkaArtifact_554233414]](data`gensym3520.materializer),
                                 data`gensym3520.id, tool_context`gensym3520))
      let llm_spec_554233460 = LlmCallSpec[VecherinkaArtifact_554233414](
          profile: profile, prompt: "Read the provided source file. Preserve marker exactly. Return source as source.txt. Do not create any other files.",
          prompt_templates: stepping_agent_prompts,
          materialized_input: model_materialized_input_554233438,
          runtime_dir: model_context_554233433.runtime_dir,
          working_dir: model_working_dir_554233436, tools: model_tools_554233455,
          output_kind: 0, materialize: model_materializer_554233453)
      submit_llm(model_context_554233433, model_request_id_554233434, llm_spec_554233460)
    except CatchableError as error`gensym3523:
      let event`gensym3523 = RuntimeEvent[VecherinkaArtifact_554233414](
          kind: rev_model_error, request_id: model_request_id_554233434,
          error_message: error`gensym3523.msg)
      enqueue_runtime_event(model_context_554233433, event`gensym3523))), Flow[
      VecherinkaArtifact_554233414](kind: fk_top, root: "project_variant",
                                    entry: false, body: Flow[VecherinkaArtifact_554233414](
      kind: fk_it, projector: proc (it_artifact_554233463: VecherinkaArtifact_554233414): VecherinkaArtifact_554233414 {.
      nimcall.} = result =
    let it_value_554233464 = block:
      let artifact_554233465 = it_artifact_554233463
      const
        loc`gensym3617 = (filename: "/Users/alex/areas/productive/orchestration/src/vecherinka_comptime.nim",
          line: 1943, column: 6)
        ploc`gensym3617 = "/Users/alex/areas/productive/orchestration/src/vecherinka_comptime.nim(1943, 7)"
      bind instantiationInfo
      mixin failedAssertImpl
      {.line: (filename: "/Users/alex/areas/productive/orchestration/src/vecherinka_comptime.nim",
               line: 1943, column: 6).}:
        if not (artifact_554233465.kind == vak_1):
          failedAssertImpl("/Users/alex/areas/productive/orchestration/src/vecherinka_comptime.nim(1943, 7) `artifact_554233465.kind == vak_1` ")
      artifact_554233465.value_1
    VecherinkaArtifact_554233414(kind: vak_2, value_2: it_value_554233464.variant))), Flow[
      VecherinkaArtifact_554233414](kind: fk_top, root: "copy_variant",
                                    entry: false, body: Flow[VecherinkaArtifact_554233414](
      kind: fk_model, submit: proc (model_context_554233496: RuntimeContext[
      VecherinkaArtifact_554233414]; model_request_id_554233497: RequestId;
                                    model_input_554233498: VecherinkaArtifact_554233414;
                                    model_working_dir_554233499: Path) {.nimcall.} =
    let model_typed_input_554233500 = block:
      let artifact_554233502 = model_input_554233498
      const
        loc`gensym3619 = (filename: "/Users/alex/areas/productive/orchestration/src/vecherinka_comptime.nim",
          line: 1943, column: 6)
        ploc`gensym3619 = "/Users/alex/areas/productive/orchestration/src/vecherinka_comptime.nim(1943, 7)"
      bind instantiationInfo
      mixin failedAssertImpl
      {.line: (filename: "/Users/alex/areas/productive/orchestration/src/vecherinka_comptime.nim",
               line: 1943, column: 6).}:
        if not (artifact_554233502.kind == vak_2):
          failedAssertImpl("/Users/alex/areas/productive/orchestration/src/vecherinka_comptime.nim(1943, 7) `artifact_554233502.kind == vak_2` ")
      artifact_554233502.value_2
    try:
      let model_materialized_input_554233501 = proc (
          materializer_input_554233503: Stage10Variant;
          materializer_runtime_dir_554233504, materializer_artifact_dir_554233505: Path;
          materializer_initial_instructions_554233506: string): string {.nimcall.} = result =
        var materialized_instructions_554233507 = materializer_initial_instructions_554233506
        var materialized_names_554233508: seq[string] = @[]
        add(materialized_instructions_554233507,
            "input.common: string = " & $materializer_input_554233503.common & "\n")
        case materializer_input_554233503.kind
        of text_case:
          add(materialized_instructions_554233507,
              "input.text: string = " & $materializer_input_554233503.text & "\n")
        of file_case:
          let materialized_location_name_554233517 = copy_location_payload(
              materializer_runtime_dir_554233504, materializer_artifact_dir_554233505,
              cast[string](materializer_input_554233503.file),
              materialized_names_554233508)
          add(materialized_instructions_554233507, "input.file: location = " &
              cast[string](materializer_input_554233503.file) &
              " (materialized as " &
              materialized_location_name_554233517 &
              ")\n")
        materialized_instructions_554233507(model_typed_input_554233500,
          model_context_554233496.runtime_dir, model_working_dir_554233499, "")
      let model_output_contract_554233518 = Schema[T](node: Validator(
          kind: nkVariant, discName: "kind",
          common: @[FieldDef(name: "common", node: nodeOf())], branches: @[VariantBranch(
          discValue: "text_case",
          fields: @[FieldDef(name: "text", node: nodeOf())]), VariantBranch(
          discValue: "file_case",
          fields: @[FieldDef(name: "file", node: nodeOf())])],
          strictVariant: zeroDefault([type node])))
      let model_output_schema_554233519 = toJsonSchema(model_output_contract_554233518)
      let model_materializer_554233520 = proc (model_output_kind_554233474: int;
          model_output_554233475: LlmOutput): ModelMaterialization[
          VecherinkaArtifact_554233414] {.nimcall, noinit.} = case model_output_kind_554233474
      of 2:
        let model_output_contract_554233476 = Schema[T](node: Validator(
            kind: nkVariant, discName: "kind",
            common: @[FieldDef(name: "common", node: nodeOf())], branches: @[VariantBranch(
            discValue: "text_case",
            fields: @[FieldDef(name: "text", node: nodeOf())]), VariantBranch(
            discValue: "file_case",
            fields: @[FieldDef(name: "file", node: nodeOf())])],
            strictVariant: zeroDefault([type node])))
        let model_parsed_output_554233477 = tryParse(model_output_contract_554233476,
            model_output_554233475.arguments)
        if not model_parsed_output_554233477.ok:
          return ModelMaterialization[VecherinkaArtifact_554233414](ok: false, error: "invalid finish_work result (" &
              $len(model_parsed_output_554233477.issues) &
              " schema issues)")
        var location_errors_554233486 = ""
        case model_parsed_output_554233477.value.kind
        of text_case:
        of file_case:
          let location_verification_error_554233487 = verify_location_payload(
              model_output_554233475.working_dir,
              cast[string](model_parsed_output_554233477.value.file))
          if (
            not (len(location_verification_error_554233487) == 0)):
            add(location_errors_554233486,
                "output.file: " & location_verification_error_554233487 & "\n")
        if (
          not (len(location_errors_554233486) == 0)):
          return ModelMaterialization[VecherinkaArtifact_554233414](ok: false,
              error: "invalid finish_work locations: " & location_errors_554233486)
        return ModelMaterialization[VecherinkaArtifact_554233414](ok: true, value: VecherinkaArtifact_554233414(
            kind: vak_2, value_2: model_parsed_output_554233477.value))
      else:
        return ModelMaterialization[VecherinkaArtifact_554233414](ok: false,
            error: "unexpected model output kind")
      let model_tool_data_554233521 = register_llm_tool_binding(
          cast[pointer](model_context_554233496), model_context_554233496.codex_runtime,
          model_request_id_554233497, 2, cast[pointer](model_materializer_554233520))
      var model_tools_554233522: DynamicToolRegistry = @[]
      register_dynamic_tool(model_tools_554233522, "finish_work",
                            stepping_agent_prompts.finish_work_description,
                            model_output_schema_554233519, model_tool_data_554233521, proc (
          tool_data`gensym3544: pointer;
          tool_context`gensym3544: ToolCallContext) {.nimcall, gcsafe.} = {.
          cast(gcsafe).}:
        let binding`gensym3544 = lookup_llm_tool_binding(tool_data`gensym3544)
        if isNone(binding`gensym3544):
          return
        let data`gensym3544 = get(binding`gensym3544)
        if data`gensym3544.retired:
          if not isNil(data`gensym3544.runtime) and
              not isNil(data`gensym3544.liveness) and
              data`gensym3544.liveness.alive:
            fail_server_request(data`gensym3544.runtime,
                                tool_context`gensym3544.request_id, -32001,
                                "stale finish_work callback")
          return
        enqueue_llm_output_event(cast[RuntimeContext[VecherinkaArtifact_554233414]](data`gensym3544.context),
                                 data`gensym3544.request_id,
                                 data`gensym3544.output_kind, cast[ModelMaterializer[
            VecherinkaArtifact_554233414]](data`gensym3544.materializer),
                                 data`gensym3544.id, tool_context`gensym3544))
      let llm_spec_554233527 = LlmCallSpec[VecherinkaArtifact_554233414](
          profile: profile, prompt: "Preserve common and the active text_case values exactly. Return the same variant. Do not create files.",
          prompt_templates: stepping_agent_prompts,
          materialized_input: model_materialized_input_554233501,
          runtime_dir: model_context_554233496.runtime_dir,
          working_dir: model_working_dir_554233499, tools: model_tools_554233522,
          output_kind: 2, materialize: model_materializer_554233520)
      submit_llm(model_context_554233496, model_request_id_554233497, llm_spec_554233527)
    except CatchableError as error`gensym3547:
      let event`gensym3547 = RuntimeEvent[VecherinkaArtifact_554233414](
          kind: rev_model_error, request_id: model_request_id_554233497,
          error_message: error`gensym3547.msg)
      enqueue_runtime_event(model_context_554233496, event`gensym3547))), Flow[
      VecherinkaArtifact_554233414](kind: fk_top, root: "advanced_entry",
                                    entry: true, body: Flow[VecherinkaArtifact_554233414](
      kind: fk_fanout, branches: @[Flow[VecherinkaArtifact_554233414](
      kind: fk_so, execute: proc (so_artifact_554233534: VecherinkaArtifact_554233414): Flow[
      VecherinkaArtifact_554233414] {.nimcall.} = result =
    let so_input_554233535 = block:
      let artifact_554233536 = so_artifact_554233534
      const
        loc`gensym3628 = (filename: "/Users/alex/areas/productive/orchestration/src/vecherinka_comptime.nim",
          line: 1943, column: 6)
        ploc`gensym3628 = "/Users/alex/areas/productive/orchestration/src/vecherinka_comptime.nim(1943, 7)"
      bind instantiationInfo
      mixin failedAssertImpl
      {.line: (filename: "/Users/alex/areas/productive/orchestration/src/vecherinka_comptime.nim",
               line: 1943, column: 6).}:
        if not (artifact_554233536.kind == vak_1):
          failedAssertImpl("/Users/alex/areas/productive/orchestration/src/vecherinka_comptime.nim(1943, 7) `artifact_554233536.kind == vak_1` ")
      artifact_554233536.value_1
    Flow[VecherinkaArtifact_554233414](kind: fk_raw, value: VecherinkaArtifact_554233414(
        kind: vak_4, value_4: so_input_554233535.items), continuation: Flow[
        VecherinkaArtifact_554233414](kind: fk_lift, inner: Flow[
        VecherinkaArtifact_554233414](kind: fk_ref, name: "map_item"), destructure: proc (
        lift_destructure_input_554233544: VecherinkaArtifact_554233414): seq[
        tuple[result_index: int, input: VecherinkaArtifact_554233414]] {.nimcall.} =
      let lift_original_554233545 = block:
        let artifact_554233547 = lift_destructure_input_554233544
        const
          loc`gensym3630 = (filename: "/Users/alex/areas/productive/orchestration/src/vecherinka_comptime.nim",
            line: 1943, column: 6)
          ploc`gensym3630 = "/Users/alex/areas/productive/orchestration/src/vecherinka_comptime.nim(1943, 7)"
        bind instantiationInfo
        mixin failedAssertImpl
        {.line: (filename: "/Users/alex/areas/productive/orchestration/src/vecherinka_comptime.nim",
                 line: 1943, column: 6).}:
          if not (artifact_554233547.kind == vak_4):
            failedAssertImpl("/Users/alex/areas/productive/orchestration/src/vecherinka_comptime.nim(1943, 7) `artifact_554233547.kind == vak_4` ")
        artifact_554233547.value_4
      var lift_next_index_554233546 = 0
      for item_554233548 in items(lift_original_554233545):
        let result_index_554233549 = lift_next_index_554233546
        inc lift_next_index_554233546, 1
        add(result, (result_index: result_index_554233549,
                     input: VecherinkaArtifact_554233414(kind: vak_0,
            value_0: item_554233548))), construct: proc (
        lift_results_554233550: seq[VecherinkaArtifact_554233414];
        lift_construct_input_554233551: VecherinkaArtifact_554233414): VecherinkaArtifact_554233414 {.
        nimcall.} = result =
      let lift_original_input_554233552 = block:
        let artifact_554233554 = lift_construct_input_554233551
        const
          loc`gensym3635 = (filename: "/Users/alex/areas/productive/orchestration/src/vecherinka_comptime.nim",
            line: 1943, column: 6)
          ploc`gensym3635 = "/Users/alex/areas/productive/orchestration/src/vecherinka_comptime.nim(1943, 7)"
        bind instantiationInfo
        mixin failedAssertImpl
        {.line: (filename: "/Users/alex/areas/productive/orchestration/src/vecherinka_comptime.nim",
                 line: 1943, column: 6).}:
          if not (artifact_554233554.kind == vak_4):
            failedAssertImpl("/Users/alex/areas/productive/orchestration/src/vecherinka_comptime.nim(1943, 7) `artifact_554233554.kind == vak_4` ")
        artifact_554233554.value_4
      var lift_next_index_554233553 = 0
      VecherinkaArtifact_554233414(kind: vak_4, value_4: block:
        var output_554233556: seq[Stage10Item]
        for item_554233555 in items(lift_original_input_554233552):
          add(output_554233556) do:
            let result_index_554233557 = lift_next_index_554233553
            inc lift_next_index_554233553, 1
            block:
              let artifact_554233558 = lift_results_554233550[result_index_554233557]
              const
                loc`gensym3637 = (filename: "/Users/alex/areas/productive/orchestration/src/vecherinka_comptime.nim",
                  line: 1943, column: 6)
                ploc`gensym3637 = "/Users/alex/areas/productive/orchestration/src/vecherinka_comptime.nim(1943, 7)"
              bind instantiationInfo
              mixin failedAssertImpl
              {.line: (filename: "/Users/alex/areas/productive/orchestration/src/vecherinka_comptime.nim",
                       line: 1943, column: 6).}:
                if not (artifact_554233558.kind == vak_0):
                  failedAssertImpl("/Users/alex/areas/productive/orchestration/src/vecherinka_comptime.nim(1943, 7) `artifact_554233558.kind == vak_0` ")
              artifact_554233558.value_0
        output_554233556)))), Flow[VecherinkaArtifact_554233414](kind: fk_so, execute: proc (
      so_artifact_554233559: VecherinkaArtifact_554233414): Flow[
      VecherinkaArtifact_554233414] {.nimcall.} = result =
    let so_input_554233560 = block:
      let artifact_554233561 = so_artifact_554233559
      const
        loc`gensym3642 = (filename: "/Users/alex/areas/productive/orchestration/src/vecherinka_comptime.nim",
          line: 1943, column: 6)
        ploc`gensym3642 = "/Users/alex/areas/productive/orchestration/src/vecherinka_comptime.nim(1943, 7)"
      bind instantiationInfo
      mixin failedAssertImpl
      {.line: (filename: "/Users/alex/areas/productive/orchestration/src/vecherinka_comptime.nim",
               line: 1943, column: 6).}:
        if not (artifact_554233561.kind == vak_1):
          failedAssertImpl("/Users/alex/areas/productive/orchestration/src/vecherinka_comptime.nim(1943, 7) `artifact_554233561.kind == vak_1` ")
      artifact_554233561.value_1
    Flow[VecherinkaArtifact_554233414](kind: fk_raw, value: VecherinkaArtifact_554233414(
        kind: vak_1, value_1: so_input_554233560), continuation: Flow[
        VecherinkaArtifact_554233414](kind: fk_ref, name: "project_variant", continuation: Flow[
        VecherinkaArtifact_554233414](kind: fk_ref, name: "copy_variant"))))], coalesce: proc (
      fan_values_554233562: seq[VecherinkaArtifact_554233414]): VecherinkaArtifact_554233414 {.
      nimcall.} = result = VecherinkaArtifact_554233414(kind: vak_3, value_3: (block:
    let artifact_554233563 = fan_values_554233562[0]
    const
      loc`gensym3644 = (filename: "/Users/alex/areas/productive/orchestration/src/vecherinka_comptime.nim",
        line: 1943, column: 6)
      ploc`gensym3644 = "/Users/alex/areas/productive/orchestration/src/vecherinka_comptime.nim(1943, 7)"
    bind instantiationInfo
    mixin failedAssertImpl
    {.line: (filename: "/Users/alex/areas/productive/orchestration/src/vecherinka_comptime.nim",
             line: 1943, column: 6).}:
      if not (artifact_554233563.kind == vak_4):
        failedAssertImpl("/Users/alex/areas/productive/orchestration/src/vecherinka_comptime.nim(1943, 7) `artifact_554233563.kind == vak_4` ")
    artifact_554233563.value_4, block:
    let artifact_554233564 = fan_values_554233562[1]
    const
      loc`gensym3646 = (filename: "/Users/alex/areas/productive/orchestration/src/vecherinka_comptime.nim",
        line: 1943, column: 6)
      ploc`gensym3646 = "/Users/alex/areas/productive/orchestration/src/vecherinka_comptime.nim(1943, 7)"
    bind instantiationInfo
    mixin failedAssertImpl
    {.line: (filename: "/Users/alex/areas/productive/orchestration/src/vecherinka_comptime.nim",
             line: 1943, column: 6).}:
      if not (artifact_554233564.kind == vak_2):
        failedAssertImpl("/Users/alex/areas/productive/orchestration/src/vecherinka_comptime.nim(1943, 7) `artifact_554233564.kind == vak_2` ")
    artifact_554233564.value_2))))]
  let input_artifact_554233569 = VecherinkaArtifact_554233414(kind: vak_1,
      value_1: input_554233565)
  let work_plan_554233570 = execute_flows(data_554233568, input_artifact_554233569,
      nil, transport_554233566, nil, logger_554233567)
  if isNone(work_plan_554233570.output):
    if isSome(work_plan_554233570.failure_message):
      raise
        (ref ValueError)(msg: get(work_plan_554233570.failure_message),
                         parent: nil)
    raise
      (ref ValueError)(msg: "vecherinka execution completed without output",
                       parent: nil)
  return block:
    let artifact_554233571 = lookup_artifact(work_plan_554233570.context,
        get(work_plan_554233570.output)).data
    const
      loc`gensym3807 = (filename: "/Users/alex/areas/productive/orchestration/src/vecherinka_comptime.nim",
        line: 1943, column: 6)
      ploc`gensym3807 = "/Users/alex/areas/productive/orchestration/src/vecherinka_comptime.nim(1943, 7)"
    bind instantiationInfo
    mixin failedAssertImpl
    {.line: (filename: "/Users/alex/areas/productive/orchestration/src/vecherinka_comptime.nim",
             line: 1943, column: 6).}:
      if not (artifact_554233571.kind == vak_3):
        failedAssertImpl("/Users/alex/areas/productive/orchestration/src/vecherinka_comptime.nim(1943, 7) `artifact_554233571.kind == vak_3` ")
    artifact_554233571.value_3

CC: vecherinka_stepping_stone_tests.nim
Hint:  [Link]
Hint: mm: orc; threads: on; opt: none (DEBUG BUILD, `-d:release` generates faster code)
104468 lines; 7.524s; 785.793MiB peakmem; proj: /Users/alex/areas/productive/orchestration/src/vecherinka_stepping_stone_tests.nim; out: /Users/alex/areas/productive/orchestration/src/vecherinka_stepping_stone_tests [SuccessX]
