Hint: used config file '/Users/alex/.choosenim/toolchains/nim-2.3.1/config/nim.cfg' [Conf]
Hint: used config file '/Users/alex/.choosenim/toolchains/nim-2.3.1/config/config.nims' [Conf]
....................................................................................................................................
/Users/alex/areas/productive/orchestration/src/structured_log.nim(6, 30) Warning: imported and not used: 'os' [UnusedImport]
.......
/Users/alex/areas/productive/orchestration/src/codex_json.nim(634, 6) Hint: 'parse_reasoning_effort' is declared but not used [XDeclaredButNotUsed]
/Users/alex/areas/productive/orchestration/src/codex_json.nim(686, 6) Hint: 'parse_initialize_params' is declared but not used [XDeclaredButNotUsed]
/Users/alex/areas/productive/orchestration/src/codex_json.nim(723, 6) Hint: 'parse_thread_start_params' is declared but not used [XDeclaredButNotUsed]
..........
/Users/alex/areas/productive/orchestration/src/vecherinka_runtime.nim(10, 8) Hint: duplicate import of 'structured_log'; previous import here: /Users/alex/areas/productive/orchestration/src/vecherinka.nim(5, 8) [DuplicateModuleImport]
.
/Users/alex/areas/productive/orchestration/src/vecherinka_comptime.nim(4, 33) Hint: duplicate import of 'options'; previous import here: /Users/alex/areas/productive/orchestration/src/vecherinka_runtime.nim(6, 19) [DuplicateModuleImport]
/Users/alex/areas/productive/orchestration/src/vecherinka_comptime.nim(4, 42) Hint: duplicate import of 'strutils'; previous import here: /Users/alex/areas/productive/orchestration/src/vecherinka_runtime.nim(6, 43) [DuplicateModuleImport]
..................................

type
  VecherinkaArtifactKind_553648536 = enum
    vak_0, vak_1
  VecherinkaArtifact_553648537 = object
    case kind: VecherinkaArtifactKind_553648536
    of vak_0:
      value_0: BaselineInput
    of vak_1:
      value_1: BaselineOutput
proc solve(input_553648747: BaselineInput;
           transport_553648748: LlmTransport[VecherinkaArtifact_553648537] = nil;
           logger_553648749: StructuredLogger = nil): BaselineOutput =
  let data_553648750: seq[Flow[VecherinkaArtifact_553648537]] = @[Flow[
      VecherinkaArtifact_553648537](kind: fk_top, root: "baseline", entry: true, body: Flow[
      VecherinkaArtifact_553648537](kind: fk_model, submit: proc (
      model_context_553648698: RuntimeContext[VecherinkaArtifact_553648537];
      model_request_id_553648699: RequestId; model_input_553648700: VecherinkaArtifact_553648537;
      model_working_dir_553648701: Path) {.nimcall.} =
    let model_typed_input_553648702 = block:
      let artifact_553648704 = model_input_553648700
      const
        loc`gensym25 = (filename: "/Users/alex/areas/productive/orchestration/src/vecherinka_comptime.nim",
          line: 1934, column: 6)
        ploc`gensym25 = "/Users/alex/areas/productive/orchestration/src/vecherinka_comptime.nim(1934, 7)"
      bind instantiationInfo
      mixin failedAssertImpl
      {.line: (filename: "/Users/alex/areas/productive/orchestration/src/vecherinka_comptime.nim",
               line: 1934, column: 6).}:
        if not (artifact_553648704.kind == vak_0):
          failedAssertImpl("/Users/alex/areas/productive/orchestration/src/vecherinka_comptime.nim(1934, 7) `artifact_553648704.kind == vak_0` ")
      artifact_553648704.value_0
    try:
      let model_materialized_input_553648703 = proc (
          materializer_input_553648705: BaselineInput;
          materializer_runtime_dir_553648706, materializer_artifact_dir_553648707: Path;
          materializer_initial_instructions_553648708: string): string {.nimcall.} = result =
        var materialized_instructions_553648709 = materializer_initial_instructions_553648708
        var materialized_names_553648710: seq[string] = @[]
        add(materialized_instructions_553648709,
            "input.marker: string = " & $materializer_input_553648705.marker & "\n")
        materialized_instructions_553648709(model_typed_input_553648702,
          model_context_553648698.runtime_dir, model_working_dir_553648701, "")
      let model_output_contract_553648735 = schemaOf(T)
      let model_output_schema_553648736 = toJsonSchema(model_output_contract_553648735)
      let model_materializer_553648737 = proc (model_output_kind_553648660: int;
          model_output_553648661: LlmOutput): ModelMaterialization[
          VecherinkaArtifact_553648537] {.nimcall, noinit.} = case model_output_kind_553648660
      of 1:
        let model_output_contract_553648662 = schemaOf(T)
        let model_parsed_output_553648663 = tryParse(model_output_contract_553648662,
            model_output_553648661.arguments)
        if not model_parsed_output_553648663.ok:
          return ModelMaterialization[VecherinkaArtifact_553648537](ok: false, error: "invalid finish_work result (" &
              $len(model_parsed_output_553648663.issues) &
              " schema issues)")
        var location_errors_553648673 = ""
        if (
          not (len(location_errors_553648673) == 0)):
          return ModelMaterialization[VecherinkaArtifact_553648537](ok: false,
              error: "invalid finish_work locations: " & location_errors_553648673)
        return ModelMaterialization[VecherinkaArtifact_553648537](ok: true, value: VecherinkaArtifact_553648537(
            kind: vak_1, value_1: model_parsed_output_553648663.value))
      else:
        return ModelMaterialization[VecherinkaArtifact_553648537](ok: false,
            error: "unexpected model output kind")
      let model_tool_data_553648738 = register_llm_tool_binding(
          cast[pointer](model_context_553648698), model_request_id_553648699, 1,
          cast[pointer](model_materializer_553648737))
      var model_tools_553648739: DynamicToolRegistry = @[]
      register_dynamic_tool(model_tools_553648739, "finish_work", default_agent_prompt_templates.finish_work_description,
                            model_output_schema_553648736, model_tool_data_553648738, proc (
          tool_data`gensym11: pointer; tool_context`gensym11: ToolCallContext) {.
          nimcall, gcsafe.} = {.cast(gcsafe).}:
        let binding`gensym11 = lookup_llm_tool_binding(tool_data`gensym11)
        if isNone(binding`gensym11):
          return
        let data`gensym11 = get(binding`gensym11)
        enqueue_llm_output_event(cast[RuntimeContext[VecherinkaArtifact_553648537]](data`gensym11.context),
                                 data`gensym11.request_id,
                                 data`gensym11.output_kind, cast[ModelMaterializer[
            VecherinkaArtifact_553648537]](data`gensym11.materializer),
                                 data`gensym11.id, tool_context`gensym11))
      let llm_spec_553648744 = LlmCallSpec[VecherinkaArtifact_553648537](
          profile: profile,
          prompt: "Copy marker exactly into answer. Do not create files.",
          prompt_templates: default_agent_prompt_templates,
          materialized_input: model_materialized_input_553648703,
          runtime_dir: model_context_553648698.runtime_dir,
          working_dir: model_working_dir_553648701, tools: model_tools_553648739,
          output_kind: 1, materialize: model_materializer_553648737)
      submit_llm(model_context_553648698, model_request_id_553648699, llm_spec_553648744)
    except CatchableError as error`gensym14:
      let event`gensym14 = RuntimeEvent[VecherinkaArtifact_553648537](
          kind: rev_model_error, request_id: model_request_id_553648699,
          error_message: error`gensym14.msg)
      enqueue_runtime_event(model_context_553648698, event`gensym14)))]
  let input_artifact_553648751 = VecherinkaArtifact_553648537(kind: vak_0,
      value_0: input_553648747)
  let work_plan_553648752 = execute_flows(data_553648750, input_artifact_553648751,
      nil, transport_553648748, nil, logger_553648749)
  if isNone(work_plan_553648752.output):
    if isSome(work_plan_553648752.failure_message):
      raise
        (ref ValueError)(msg: get(work_plan_553648752.failure_message),
                         parent: nil)
    raise
      (ref ValueError)(msg: "vecherinka execution completed without output",
                       parent: nil)
  return block:
    let artifact_553648753 = lookup_artifact(work_plan_553648752.context,
        get(work_plan_553648752.output)).data
    const
      loc`gensym238 = (filename: "/Users/alex/areas/productive/orchestration/src/vecherinka_comptime.nim",
        line: 1934, column: 6)
      ploc`gensym238 = "/Users/alex/areas/productive/orchestration/src/vecherinka_comptime.nim(1934, 7)"
    bind instantiationInfo
    mixin failedAssertImpl
    {.line: (filename: "/Users/alex/areas/productive/orchestration/src/vecherinka_comptime.nim",
             line: 1934, column: 6).}:
      if not (artifact_553648753.kind == vak_1):
        failedAssertImpl("/Users/alex/areas/productive/orchestration/src/vecherinka_comptime.nim(1934, 7) `artifact_553648753.kind == vak_1` ")
    artifact_553648753.value_1


type
  VecherinkaArtifactKind_553687907 = enum
    vak_0, vak_1
  VecherinkaArtifact_553687908 = object
    case kind: VecherinkaArtifactKind_553687907
    of vak_0:
      value_0: Stage1Input
    of vak_1:
      value_1: Stage1Output
proc solve_stage_1(input_553687971: Stage1Input;
                   transport_553687972: LlmTransport[VecherinkaArtifact_553687908] = nil;
                   logger_553687973: StructuredLogger = nil): Stage1Output =
  let data_553687974: seq[Flow[VecherinkaArtifact_553687908]] = @[Flow[
      VecherinkaArtifact_553687908](kind: fk_top, root: "copy_fields",
                                    entry: true, body: Flow[VecherinkaArtifact_553687908](
      kind: fk_model, submit: proc (model_context_553687938: RuntimeContext[
      VecherinkaArtifact_553687908]; model_request_id_553687939: RequestId;
                                    model_input_553687940: VecherinkaArtifact_553687908;
                                    model_working_dir_553687941: Path) {.nimcall.} =
    let model_typed_input_553687942 = block:
      let artifact_553687944 = model_input_553687940
      const
        loc`gensym265 = (filename: "/Users/alex/areas/productive/orchestration/src/vecherinka_comptime.nim",
          line: 1934, column: 6)
        ploc`gensym265 = "/Users/alex/areas/productive/orchestration/src/vecherinka_comptime.nim(1934, 7)"
      bind instantiationInfo
      mixin failedAssertImpl
      {.line: (filename: "/Users/alex/areas/productive/orchestration/src/vecherinka_comptime.nim",
               line: 1934, column: 6).}:
        if not (artifact_553687944.kind == vak_0):
          failedAssertImpl("/Users/alex/areas/productive/orchestration/src/vecherinka_comptime.nim(1934, 7) `artifact_553687944.kind == vak_0` ")
      artifact_553687944.value_0
    try:
      let model_materialized_input_553687943 = proc (
          materializer_input_553687945: Stage1Input;
          materializer_runtime_dir_553687946, materializer_artifact_dir_553687947: Path;
          materializer_initial_instructions_553687948: string): string {.nimcall.} = result =
        var materialized_instructions_553687949 = materializer_initial_instructions_553687948
        var materialized_names_553687950: seq[string] = @[]
        add(materialized_instructions_553687949,
            "input.first: string = " & $materializer_input_553687945.first & "\n")
        add(materialized_instructions_553687949,
            "input.second: string = " & $materializer_input_553687945.second & "\n")
        materialized_instructions_553687949(model_typed_input_553687942,
          model_context_553687938.runtime_dir, model_working_dir_553687941, "")
      let model_output_contract_553687959 = schemaOf(T)
      let model_output_schema_553687960 = toJsonSchema(model_output_contract_553687959)
      let model_materializer_553687961 = proc (model_output_kind_553687917: int;
          model_output_553687918: LlmOutput): ModelMaterialization[
          VecherinkaArtifact_553687908] {.nimcall, noinit.} = case model_output_kind_553687917
      of 1:
        let model_output_contract_553687919 = schemaOf(T)
        let model_parsed_output_553687920 = tryParse(model_output_contract_553687919,
            model_output_553687918.arguments)
        if not model_parsed_output_553687920.ok:
          return ModelMaterialization[VecherinkaArtifact_553687908](ok: false, error: "invalid finish_work result (" &
              $len(model_parsed_output_553687920.issues) &
              " schema issues)")
        var location_errors_553687929 = ""
        if (
          not (len(location_errors_553687929) == 0)):
          return ModelMaterialization[VecherinkaArtifact_553687908](ok: false,
              error: "invalid finish_work locations: " & location_errors_553687929)
        return ModelMaterialization[VecherinkaArtifact_553687908](ok: true, value: VecherinkaArtifact_553687908(
            kind: vak_1, value_1: model_parsed_output_553687920.value))
      else:
        return ModelMaterialization[VecherinkaArtifact_553687908](ok: false,
            error: "unexpected model output kind")
      let model_tool_data_553687962 = register_llm_tool_binding(
          cast[pointer](model_context_553687938), model_request_id_553687939, 1,
          cast[pointer](model_materializer_553687961))
      var model_tools_553687963: DynamicToolRegistry = @[]
      register_dynamic_tool(model_tools_553687963, "finish_work", default_agent_prompt_templates.finish_work_description,
                            model_output_schema_553687960, model_tool_data_553687962, proc (
          tool_data`gensym251: pointer; tool_context`gensym251: ToolCallContext) {.
          nimcall, gcsafe.} = {.cast(gcsafe).}:
        let binding`gensym251 = lookup_llm_tool_binding(tool_data`gensym251)
        if isNone(binding`gensym251):
          return
        let data`gensym251 = get(binding`gensym251)
        enqueue_llm_output_event(cast[RuntimeContext[VecherinkaArtifact_553687908]](data`gensym251.context),
                                 data`gensym251.request_id,
                                 data`gensym251.output_kind, cast[ModelMaterializer[
            VecherinkaArtifact_553687908]](data`gensym251.materializer),
                                 data`gensym251.id, tool_context`gensym251))
      let llm_spec_553687968 = LlmCallSpec[VecherinkaArtifact_553687908](
          profile: profile, prompt: "Copy first into first_copy and second into second_copy. Do not create files.",
          prompt_templates: default_agent_prompt_templates,
          materialized_input: model_materialized_input_553687943,
          runtime_dir: model_context_553687938.runtime_dir,
          working_dir: model_working_dir_553687941, tools: model_tools_553687963,
          output_kind: 1, materialize: model_materializer_553687961)
      submit_llm(model_context_553687938, model_request_id_553687939, llm_spec_553687968)
    except CatchableError as error`gensym254:
      let event`gensym254 = RuntimeEvent[VecherinkaArtifact_553687908](
          kind: rev_model_error, request_id: model_request_id_553687939,
          error_message: error`gensym254.msg)
      enqueue_runtime_event(model_context_553687938, event`gensym254)))]
  let input_artifact_553687975 = VecherinkaArtifact_553687908(kind: vak_0,
      value_0: input_553687971)
  let work_plan_553687976 = execute_flows(data_553687974, input_artifact_553687975,
      nil, transport_553687972, nil, logger_553687973)
  if isNone(work_plan_553687976.output):
    if isSome(work_plan_553687976.failure_message):
      raise
        (ref ValueError)(msg: get(work_plan_553687976.failure_message),
                         parent: nil)
    raise
      (ref ValueError)(msg: "vecherinka execution completed without output",
                       parent: nil)
  return block:
    let artifact_553687977 = lookup_artifact(work_plan_553687976.context,
        get(work_plan_553687976.output)).data
    const
      loc`gensym448 = (filename: "/Users/alex/areas/productive/orchestration/src/vecherinka_comptime.nim",
        line: 1934, column: 6)
      ploc`gensym448 = "/Users/alex/areas/productive/orchestration/src/vecherinka_comptime.nim(1934, 7)"
    bind instantiationInfo
    mixin failedAssertImpl
    {.line: (filename: "/Users/alex/areas/productive/orchestration/src/vecherinka_comptime.nim",
             line: 1934, column: 6).}:
      if not (artifact_553687977.kind == vak_1):
        failedAssertImpl("/Users/alex/areas/productive/orchestration/src/vecherinka_comptime.nim(1934, 7) `artifact_553687977.kind == vak_1` ")
    artifact_553687977.value_1


type
  VecherinkaArtifactKind_553725950 = enum
    vak_0, vak_1, vak_2
  VecherinkaArtifact_553725951 = object
    case kind: VecherinkaArtifactKind_553725950
    of vak_0:
      value_0: Stage2Intermediate
    of vak_1:
      value_1: Stage2Output
    of vak_2:
      value_2: Stage2Input
proc solve_stage_2(input_553726038: Stage2Input;
                   transport_553726039: LlmTransport[VecherinkaArtifact_553725951] = nil;
                   logger_553726040: StructuredLogger = nil): Stage2Output =
  let data_553726041: seq[Flow[VecherinkaArtifact_553725951]] = @[Flow[
      VecherinkaArtifact_553725951](kind: fk_top, root: "finalise",
                                    entry: false, body: Flow[VecherinkaArtifact_553725951](
      kind: fk_model, submit: proc (model_context_553725969: RuntimeContext[
      VecherinkaArtifact_553725951]; model_request_id_553725970: RequestId;
                                    model_input_553725971: VecherinkaArtifact_553725951;
                                    model_working_dir_553725972: Path) {.nimcall.} =
    let model_typed_input_553725973 = block:
      let artifact_553725975 = model_input_553725971
      const
        loc`gensym485 = (filename: "/Users/alex/areas/productive/orchestration/src/vecherinka_comptime.nim",
          line: 1934, column: 6)
        ploc`gensym485 = "/Users/alex/areas/productive/orchestration/src/vecherinka_comptime.nim(1934, 7)"
      bind instantiationInfo
      mixin failedAssertImpl
      {.line: (filename: "/Users/alex/areas/productive/orchestration/src/vecherinka_comptime.nim",
               line: 1934, column: 6).}:
        if not (artifact_553725975.kind == vak_0):
          failedAssertImpl("/Users/alex/areas/productive/orchestration/src/vecherinka_comptime.nim(1934, 7) `artifact_553725975.kind == vak_0` ")
      artifact_553725975.value_0
    try:
      let model_materialized_input_553725974 = proc (
          materializer_input_553725976: Stage2Intermediate;
          materializer_runtime_dir_553725977, materializer_artifact_dir_553725978: Path;
          materializer_initial_instructions_553725979: string): string {.nimcall.} = result =
        var materialized_instructions_553725980 = materializer_initial_instructions_553725979
        var materialized_names_553725981: seq[string] = @[]
        add(materialized_instructions_553725980,
            "input.payload: string = " & $materializer_input_553725976.payload & "\n")
        materialized_instructions_553725980(model_typed_input_553725973,
          model_context_553725969.runtime_dir, model_working_dir_553725972, "")
      let model_output_contract_553725986 = schemaOf(T)
      let model_output_schema_553725987 = toJsonSchema(model_output_contract_553725986)
      let model_materializer_553725988 = proc (model_output_kind_553725956: int;
          model_output_553725957: LlmOutput): ModelMaterialization[
          VecherinkaArtifact_553725951] {.nimcall, noinit.} = case model_output_kind_553725956
      of 1:
        let model_output_contract_553725958 = schemaOf(T)
        let model_parsed_output_553725959 = tryParse(model_output_contract_553725958,
            model_output_553725957.arguments)
        if not model_parsed_output_553725959.ok:
          return ModelMaterialization[VecherinkaArtifact_553725951](ok: false, error: "invalid finish_work result (" &
              $len(model_parsed_output_553725959.issues) &
              " schema issues)")
        var location_errors_553725964 = ""
        if (
          not (len(location_errors_553725964) == 0)):
          return ModelMaterialization[VecherinkaArtifact_553725951](ok: false,
              error: "invalid finish_work locations: " & location_errors_553725964)
        return ModelMaterialization[VecherinkaArtifact_553725951](ok: true, value: VecherinkaArtifact_553725951(
            kind: vak_1, value_1: model_parsed_output_553725959.value))
      else:
        return ModelMaterialization[VecherinkaArtifact_553725951](ok: false,
            error: "unexpected model output kind")
      let model_tool_data_553725989 = register_llm_tool_binding(
          cast[pointer](model_context_553725969), model_request_id_553725970, 1,
          cast[pointer](model_materializer_553725988))
      var model_tools_553725990: DynamicToolRegistry = @[]
      register_dynamic_tool(model_tools_553725990, "finish_work", default_agent_prompt_templates.finish_work_description,
                            model_output_schema_553725987, model_tool_data_553725989, proc (
          tool_data`gensym464: pointer; tool_context`gensym464: ToolCallContext) {.
          nimcall, gcsafe.} = {.cast(gcsafe).}:
        let binding`gensym464 = lookup_llm_tool_binding(tool_data`gensym464)
        if isNone(binding`gensym464):
          return
        let data`gensym464 = get(binding`gensym464)
        enqueue_llm_output_event(cast[RuntimeContext[VecherinkaArtifact_553725951]](data`gensym464.context),
                                 data`gensym464.request_id,
                                 data`gensym464.output_kind, cast[ModelMaterializer[
            VecherinkaArtifact_553725951]](data`gensym464.materializer),
                                 data`gensym464.id, tool_context`gensym464))
      let llm_spec_553725995 = LlmCallSpec[VecherinkaArtifact_553725951](
          profile: profile,
          prompt: "Copy payload exactly into answer. Do not create files.",
          prompt_templates: default_agent_prompt_templates,
          materialized_input: model_materialized_input_553725974,
          runtime_dir: model_context_553725969.runtime_dir,
          working_dir: model_working_dir_553725972, tools: model_tools_553725990,
          output_kind: 1, materialize: model_materializer_553725988)
      submit_llm(model_context_553725969, model_request_id_553725970, llm_spec_553725995)
    except CatchableError as error`gensym467:
      let event`gensym467 = RuntimeEvent[VecherinkaArtifact_553725951](
          kind: rev_model_error, request_id: model_request_id_553725970,
          error_message: error`gensym467.msg)
      enqueue_runtime_event(model_context_553725969, event`gensym467))), Flow[
      VecherinkaArtifact_553725951](kind: fk_top, root: "seed_then_run",
                                    entry: true, body: Flow[VecherinkaArtifact_553725951](
      kind: fk_so, execute: proc (so_artifact_553726027: VecherinkaArtifact_553725951): Flow[
      VecherinkaArtifact_553725951] {.nimcall.} = result =
    let so_input_553726028 = block:
      let artifact_553726029 = so_artifact_553726027
      const
        loc`gensym510 = (filename: "/Users/alex/areas/productive/orchestration/src/vecherinka_comptime.nim",
          line: 1934, column: 6)
        ploc`gensym510 = "/Users/alex/areas/productive/orchestration/src/vecherinka_comptime.nim(1934, 7)"
      bind instantiationInfo
      mixin failedAssertImpl
      {.line: (filename: "/Users/alex/areas/productive/orchestration/src/vecherinka_comptime.nim",
               line: 1934, column: 6).}:
        if not (artifact_553726029.kind == vak_2):
          failedAssertImpl("/Users/alex/areas/productive/orchestration/src/vecherinka_comptime.nim(1934, 7) `artifact_553726029.kind == vak_2` ")
      artifact_553726029.value_2
    Flow[VecherinkaArtifact_553725951](kind: fk_raw, value: VecherinkaArtifact_553725951(
        kind: vak_0, value_0: Stage2Intermediate(payload: so_input_553726028.marker)), continuation: Flow[
        VecherinkaArtifact_553725951](kind: fk_ref, name: "finalise"))))]
  let input_artifact_553726042 = VecherinkaArtifact_553725951(kind: vak_2,
      value_2: input_553726038)
  let work_plan_553726043 = execute_flows(data_553726041, input_artifact_553726042,
      nil, transport_553726039, nil, logger_553726040)
  if isNone(work_plan_553726043.output):
    if isSome(work_plan_553726043.failure_message):
      raise
        (ref ValueError)(msg: get(work_plan_553726043.failure_message),
                         parent: nil)
    raise
      (ref ValueError)(msg: "vecherinka execution completed without output",
                       parent: nil)
  return block:
    let artifact_553726044 = lookup_artifact(work_plan_553726043.context,
        get(work_plan_553726043.output)).data
    const
      loc`gensym670 = (filename: "/Users/alex/areas/productive/orchestration/src/vecherinka_comptime.nim",
        line: 1934, column: 6)
      ploc`gensym670 = "/Users/alex/areas/productive/orchestration/src/vecherinka_comptime.nim(1934, 7)"
    bind instantiationInfo
    mixin failedAssertImpl
    {.line: (filename: "/Users/alex/areas/productive/orchestration/src/vecherinka_comptime.nim",
             line: 1934, column: 6).}:
      if not (artifact_553726044.kind == vak_1):
        failedAssertImpl("/Users/alex/areas/productive/orchestration/src/vecherinka_comptime.nim(1934, 7) `artifact_553726044.kind == vak_1` ")
    artifact_553726044.value_1


type
  VecherinkaArtifactKind_553764137 = enum
    vak_0, vak_1, vak_2, vak_3, vak_4
  VecherinkaArtifact_553764138 = object
    case kind: VecherinkaArtifactKind_553764137
    of vak_0:
      value_0: (Stage3Left, Stage3Right)
    of vak_1:
      value_1: Stage3Output
    of vak_2:
      value_2: Stage3Input
    of vak_3:
      value_3: Stage3Left
    of vak_4:
      value_4: Stage3Right
proc solve_stage_3(input_553764306: Stage3Input;
                   transport_553764307: LlmTransport[VecherinkaArtifact_553764138] = nil;
                   logger_553764308: StructuredLogger = nil): Stage3Output =
  let data_553764309: seq[Flow[VecherinkaArtifact_553764138]] = @[Flow[
      VecherinkaArtifact_553764138](kind: fk_top, root: "merge_fan",
                                    entry: false, body: Flow[VecherinkaArtifact_553764138](
      kind: fk_model, submit: proc (model_context_553764168: RuntimeContext[
      VecherinkaArtifact_553764138]; model_request_id_553764169: RequestId;
                                    model_input_553764170: VecherinkaArtifact_553764138;
                                    model_working_dir_553764171: Path) {.nimcall.} =
    let model_typed_input_553764172 = block:
      let artifact_553764174 = model_input_553764170
      const
        loc`gensym734 = (filename: "/Users/alex/areas/productive/orchestration/src/vecherinka_comptime.nim",
          line: 1934, column: 6)
        ploc`gensym734 = "/Users/alex/areas/productive/orchestration/src/vecherinka_comptime.nim(1934, 7)"
      bind instantiationInfo
      mixin failedAssertImpl
      {.line: (filename: "/Users/alex/areas/productive/orchestration/src/vecherinka_comptime.nim",
               line: 1934, column: 6).}:
        if not (artifact_553764174.kind == vak_0):
          failedAssertImpl("/Users/alex/areas/productive/orchestration/src/vecherinka_comptime.nim(1934, 7) `artifact_553764174.kind == vak_0` ")
      artifact_553764174.value_0
    try:
      let model_materialized_input_553764173 = proc (
          materializer_input_553764175: (Stage3Left, Stage3Right);
          materializer_runtime_dir_553764176, materializer_artifact_dir_553764177: Path;
          materializer_initial_instructions_553764178: string): string {.nimcall.} = result =
        var materialized_instructions_553764179 = materializer_initial_instructions_553764178
        var materialized_names_553764180: seq[string] = @[]
        add(materialized_instructions_553764179, "input[0].left_value: string = " &
            $materializer_input_553764175[0].left_value &
            "\n")
        add(materialized_instructions_553764179, "input[1].right_value: string = " &
            $materializer_input_553764175[1].right_value &
            "\n")
        materialized_instructions_553764179(model_typed_input_553764172,
          model_context_553764168.runtime_dir, model_working_dir_553764171, "")
      let model_output_contract_553764189 = schemaOf(T)
      let model_output_schema_553764190 = toJsonSchema(model_output_contract_553764189)
      let model_materializer_553764191 = proc (model_output_kind_553764147: int;
          model_output_553764148: LlmOutput): ModelMaterialization[
          VecherinkaArtifact_553764138] {.nimcall, noinit.} = case model_output_kind_553764147
      of 1:
        let model_output_contract_553764149 = schemaOf(T)
        let model_parsed_output_553764150 = tryParse(model_output_contract_553764149,
            model_output_553764148.arguments)
        if not model_parsed_output_553764150.ok:
          return ModelMaterialization[VecherinkaArtifact_553764138](ok: false, error: "invalid finish_work result (" &
              $len(model_parsed_output_553764150.issues) &
              " schema issues)")
        var location_errors_553764159 = ""
        if (
          not (len(location_errors_553764159) == 0)):
          return ModelMaterialization[VecherinkaArtifact_553764138](ok: false,
              error: "invalid finish_work locations: " & location_errors_553764159)
        return ModelMaterialization[VecherinkaArtifact_553764138](ok: true, value: VecherinkaArtifact_553764138(
            kind: vak_1, value_1: model_parsed_output_553764150.value))
      else:
        return ModelMaterialization[VecherinkaArtifact_553764138](ok: false,
            error: "unexpected model output kind")
      let model_tool_data_553764192 = register_llm_tool_binding(
          cast[pointer](model_context_553764168), model_request_id_553764169, 1,
          cast[pointer](model_materializer_553764191))
      var model_tools_553764193: DynamicToolRegistry = @[]
      register_dynamic_tool(model_tools_553764193, "finish_work", default_agent_prompt_templates.finish_work_description,
                            model_output_schema_553764190, model_tool_data_553764192, proc (
          tool_data`gensym687: pointer; tool_context`gensym687: ToolCallContext) {.
          nimcall, gcsafe.} = {.cast(gcsafe).}:
        let binding`gensym687 = lookup_llm_tool_binding(tool_data`gensym687)
        if isNone(binding`gensym687):
          return
        let data`gensym687 = get(binding`gensym687)
        enqueue_llm_output_event(cast[RuntimeContext[VecherinkaArtifact_553764138]](data`gensym687.context),
                                 data`gensym687.request_id,
                                 data`gensym687.output_kind, cast[ModelMaterializer[
            VecherinkaArtifact_553764138]](data`gensym687.materializer),
                                 data`gensym687.id, tool_context`gensym687))
      let llm_spec_553764198 = LlmCallSpec[VecherinkaArtifact_553764138](
          profile: profile, prompt: "Copy left_value exactly into left. Copy right_value exactly into right. Do not create files.",
          prompt_templates: default_agent_prompt_templates,
          materialized_input: model_materialized_input_553764173,
          runtime_dir: model_context_553764168.runtime_dir,
          working_dir: model_working_dir_553764171, tools: model_tools_553764193,
          output_kind: 1, materialize: model_materializer_553764191)
      submit_llm(model_context_553764168, model_request_id_553764169, llm_spec_553764198)
    except CatchableError as error`gensym690:
      let event`gensym690 = RuntimeEvent[VecherinkaArtifact_553764138](
          kind: rev_model_error, request_id: model_request_id_553764169,
          error_message: error`gensym690.msg)
      enqueue_runtime_event(model_context_553764168, event`gensym690))), Flow[
      VecherinkaArtifact_553764138](kind: fk_top, root: "fan_entry",
                                    entry: true, body: Flow[VecherinkaArtifact_553764138](
      kind: fk_fanout, branches: @[Flow[VecherinkaArtifact_553764138](
      kind: fk_model, submit: proc (model_context_553764228: RuntimeContext[
      VecherinkaArtifact_553764138]; model_request_id_553764229: RequestId;
                                    model_input_553764230: VecherinkaArtifact_553764138;
                                    model_working_dir_553764231: Path) {.nimcall.} =
    let model_typed_input_553764232 = block:
      let artifact_553764234 = model_input_553764230
      const
        loc`gensym759 = (filename: "/Users/alex/areas/productive/orchestration/src/vecherinka_comptime.nim",
          line: 1934, column: 6)
        ploc`gensym759 = "/Users/alex/areas/productive/orchestration/src/vecherinka_comptime.nim(1934, 7)"
      bind instantiationInfo
      mixin failedAssertImpl
      {.line: (filename: "/Users/alex/areas/productive/orchestration/src/vecherinka_comptime.nim",
               line: 1934, column: 6).}:
        if not (artifact_553764234.kind == vak_2):
          failedAssertImpl("/Users/alex/areas/productive/orchestration/src/vecherinka_comptime.nim(1934, 7) `artifact_553764234.kind == vak_2` ")
      artifact_553764234.value_2
    try:
      let model_materialized_input_553764233 = proc (
          materializer_input_553764235: Stage3Input;
          materializer_runtime_dir_553764236, materializer_artifact_dir_553764237: Path;
          materializer_initial_instructions_553764238: string): string {.nimcall.} = result =
        var materialized_instructions_553764239 = materializer_initial_instructions_553764238
        var materialized_names_553764240: seq[string] = @[]
        add(materialized_instructions_553764239,
            "input.marker: string = " & $materializer_input_553764235.marker & "\n")
        materialized_instructions_553764239(model_typed_input_553764232,
          model_context_553764228.runtime_dir, model_working_dir_553764231, "")
      let model_output_contract_553764245 = schemaOf(T)
      let model_output_schema_553764246 = toJsonSchema(model_output_contract_553764245)
      let model_materializer_553764247 = proc (model_output_kind_553764215: int;
          model_output_553764216: LlmOutput): ModelMaterialization[
          VecherinkaArtifact_553764138] {.nimcall, noinit.} = case model_output_kind_553764215
      of 3:
        let model_output_contract_553764217 = schemaOf(T)
        let model_parsed_output_553764218 = tryParse(model_output_contract_553764217,
            model_output_553764216.arguments)
        if not model_parsed_output_553764218.ok:
          return ModelMaterialization[VecherinkaArtifact_553764138](ok: false, error: "invalid finish_work result (" &
              $len(model_parsed_output_553764218.issues) &
              " schema issues)")
        var location_errors_553764223 = ""
        if (
          not (len(location_errors_553764223) == 0)):
          return ModelMaterialization[VecherinkaArtifact_553764138](ok: false,
              error: "invalid finish_work locations: " & location_errors_553764223)
        return ModelMaterialization[VecherinkaArtifact_553764138](ok: true, value: VecherinkaArtifact_553764138(
            kind: vak_3, value_3: model_parsed_output_553764218.value))
      else:
        return ModelMaterialization[VecherinkaArtifact_553764138](ok: false,
            error: "unexpected model output kind")
      let model_tool_data_553764248 = register_llm_tool_binding(
          cast[pointer](model_context_553764228), model_request_id_553764229, 3,
          cast[pointer](model_materializer_553764247))
      var model_tools_553764249: DynamicToolRegistry = @[]
      register_dynamic_tool(model_tools_553764249, "finish_work", default_agent_prompt_templates.finish_work_description,
                            model_output_schema_553764246, model_tool_data_553764248, proc (
          tool_data`gensym701: pointer; tool_context`gensym701: ToolCallContext) {.
          nimcall, gcsafe.} = {.cast(gcsafe).}:
        let binding`gensym701 = lookup_llm_tool_binding(tool_data`gensym701)
        if isNone(binding`gensym701):
          return
        let data`gensym701 = get(binding`gensym701)
        enqueue_llm_output_event(cast[RuntimeContext[VecherinkaArtifact_553764138]](data`gensym701.context),
                                 data`gensym701.request_id,
                                 data`gensym701.output_kind, cast[ModelMaterializer[
            VecherinkaArtifact_553764138]](data`gensym701.materializer),
                                 data`gensym701.id, tool_context`gensym701))
      let llm_spec_553764254 = LlmCallSpec[VecherinkaArtifact_553764138](
          profile: profile,
          prompt: "Copy marker exactly into left_value. Do not create files.",
          prompt_templates: default_agent_prompt_templates,
          materialized_input: model_materialized_input_553764233,
          runtime_dir: model_context_553764228.runtime_dir,
          working_dir: model_working_dir_553764231, tools: model_tools_553764249,
          output_kind: 3, materialize: model_materializer_553764247)
      submit_llm(model_context_553764228, model_request_id_553764229, llm_spec_553764254)
    except CatchableError as error`gensym704:
      let event`gensym704 = RuntimeEvent[VecherinkaArtifact_553764138](
          kind: rev_model_error, request_id: model_request_id_553764229,
          error_message: error`gensym704.msg)
      enqueue_runtime_event(model_context_553764228, event`gensym704)), Flow[
      VecherinkaArtifact_553764138](kind: fk_model, submit: proc (
      model_context_553764274: RuntimeContext[VecherinkaArtifact_553764138];
      model_request_id_553764275: RequestId; model_input_553764276: VecherinkaArtifact_553764138;
      model_working_dir_553764277: Path) {.nimcall.} =
    let model_typed_input_553764278 = block:
      let artifact_553764280 = model_input_553764276
      const
        loc`gensym764 = (filename: "/Users/alex/areas/productive/orchestration/src/vecherinka_comptime.nim",
          line: 1934, column: 6)
        ploc`gensym764 = "/Users/alex/areas/productive/orchestration/src/vecherinka_comptime.nim(1934, 7)"
      bind instantiationInfo
      mixin failedAssertImpl
      {.line: (filename: "/Users/alex/areas/productive/orchestration/src/vecherinka_comptime.nim",
               line: 1934, column: 6).}:
        if not (artifact_553764280.kind == vak_2):
          failedAssertImpl("/Users/alex/areas/productive/orchestration/src/vecherinka_comptime.nim(1934, 7) `artifact_553764280.kind == vak_2` ")
      artifact_553764280.value_2
    try:
      let model_materialized_input_553764279 = proc (
          materializer_input_553764281: Stage3Input;
          materializer_runtime_dir_553764282, materializer_artifact_dir_553764283: Path;
          materializer_initial_instructions_553764284: string): string {.nimcall.} = result =
        var materialized_instructions_553764285 = materializer_initial_instructions_553764284
        var materialized_names_553764286: seq[string] = @[]
        add(materialized_instructions_553764285,
            "input.marker: string = " & $materializer_input_553764281.marker & "\n")
        materialized_instructions_553764285(model_typed_input_553764278,
          model_context_553764274.runtime_dir, model_working_dir_553764277, "")
      let model_output_contract_553764291 = schemaOf(T)
      let model_output_schema_553764292 = toJsonSchema(model_output_contract_553764291)
      let model_materializer_553764293 = proc (model_output_kind_553764261: int;
          model_output_553764262: LlmOutput): ModelMaterialization[
          VecherinkaArtifact_553764138] {.nimcall, noinit.} = case model_output_kind_553764261
      of 4:
        let model_output_contract_553764263 = schemaOf(T)
        let model_parsed_output_553764264 = tryParse(model_output_contract_553764263,
            model_output_553764262.arguments)
        if not model_parsed_output_553764264.ok:
          return ModelMaterialization[VecherinkaArtifact_553764138](ok: false, error: "invalid finish_work result (" &
              $len(model_parsed_output_553764264.issues) &
              " schema issues)")
        var location_errors_553764269 = ""
        if (
          not (len(location_errors_553764269) == 0)):
          return ModelMaterialization[VecherinkaArtifact_553764138](ok: false,
              error: "invalid finish_work locations: " & location_errors_553764269)
        return ModelMaterialization[VecherinkaArtifact_553764138](ok: true, value: VecherinkaArtifact_553764138(
            kind: vak_4, value_4: model_parsed_output_553764264.value))
      else:
        return ModelMaterialization[VecherinkaArtifact_553764138](ok: false,
            error: "unexpected model output kind")
      let model_tool_data_553764294 = register_llm_tool_binding(
          cast[pointer](model_context_553764274), model_request_id_553764275, 4,
          cast[pointer](model_materializer_553764293))
      var model_tools_553764295: DynamicToolRegistry = @[]
      register_dynamic_tool(model_tools_553764295, "finish_work", default_agent_prompt_templates.finish_work_description,
                            model_output_schema_553764292, model_tool_data_553764294, proc (
          tool_data`gensym714: pointer; tool_context`gensym714: ToolCallContext) {.
          nimcall, gcsafe.} = {.cast(gcsafe).}:
        let binding`gensym714 = lookup_llm_tool_binding(tool_data`gensym714)
        if isNone(binding`gensym714):
          return
        let data`gensym714 = get(binding`gensym714)
        enqueue_llm_output_event(cast[RuntimeContext[VecherinkaArtifact_553764138]](data`gensym714.context),
                                 data`gensym714.request_id,
                                 data`gensym714.output_kind, cast[ModelMaterializer[
            VecherinkaArtifact_553764138]](data`gensym714.materializer),
                                 data`gensym714.id, tool_context`gensym714))
      let llm_spec_553764300 = LlmCallSpec[VecherinkaArtifact_553764138](
          profile: profile,
          prompt: "Copy marker exactly into right_value. Do not create files.",
          prompt_templates: default_agent_prompt_templates,
          materialized_input: model_materialized_input_553764279,
          runtime_dir: model_context_553764274.runtime_dir,
          working_dir: model_working_dir_553764277, tools: model_tools_553764295,
          output_kind: 4, materialize: model_materializer_553764293)
      submit_llm(model_context_553764274, model_request_id_553764275, llm_spec_553764300)
    except CatchableError as error`gensym717:
      let event`gensym717 = RuntimeEvent[VecherinkaArtifact_553764138](
          kind: rev_model_error, request_id: model_request_id_553764275,
          error_message: error`gensym717.msg)
      enqueue_runtime_event(model_context_553764274, event`gensym717))], coalesce: proc (
      fan_values_553764303: seq[VecherinkaArtifact_553764138]): VecherinkaArtifact_553764138 {.
      nimcall.} = result = VecherinkaArtifact_553764138(kind: vak_0, value_0: (block:
    let artifact_553764304 = fan_values_553764303[0]
    const
      loc`gensym769 = (filename: "/Users/alex/areas/productive/orchestration/src/vecherinka_comptime.nim",
        line: 1934, column: 6)
      ploc`gensym769 = "/Users/alex/areas/productive/orchestration/src/vecherinka_comptime.nim(1934, 7)"
    bind instantiationInfo
    mixin failedAssertImpl
    {.line: (filename: "/Users/alex/areas/productive/orchestration/src/vecherinka_comptime.nim",
             line: 1934, column: 6).}:
      if not (artifact_553764304.kind == vak_3):
        failedAssertImpl("/Users/alex/areas/productive/orchestration/src/vecherinka_comptime.nim(1934, 7) `artifact_553764304.kind == vak_3` ")
    artifact_553764304.value_3, block:
    let artifact_553764305 = fan_values_553764303[1]
    const
      loc`gensym771 = (filename: "/Users/alex/areas/productive/orchestration/src/vecherinka_comptime.nim",
        line: 1934, column: 6)
      ploc`gensym771 = "/Users/alex/areas/productive/orchestration/src/vecherinka_comptime.nim(1934, 7)"
    bind instantiationInfo
    mixin failedAssertImpl
    {.line: (filename: "/Users/alex/areas/productive/orchestration/src/vecherinka_comptime.nim",
             line: 1934, column: 6).}:
      if not (artifact_553764305.kind == vak_4):
        failedAssertImpl("/Users/alex/areas/productive/orchestration/src/vecherinka_comptime.nim(1934, 7) `artifact_553764305.kind == vak_4` ")
    artifact_553764305.value_4)), continuation: Flow[VecherinkaArtifact_553764138](
      kind: fk_ref, name: "merge_fan")))]
  let input_artifact_553764310 = VecherinkaArtifact_553764138(kind: vak_2,
      value_2: input_553764306)
  let work_plan_553764311 = execute_flows(data_553764309, input_artifact_553764310,
      nil, transport_553764307, nil, logger_553764308)
  if isNone(work_plan_553764311.output):
    if isSome(work_plan_553764311.failure_message):
      raise
        (ref ValueError)(msg: get(work_plan_553764311.failure_message),
                         parent: nil)
    raise
      (ref ValueError)(msg: "vecherinka execution completed without output",
                       parent: nil)
  return block:
    let artifact_553764312 = lookup_artifact(work_plan_553764311.context,
        get(work_plan_553764311.output)).data
    const
      loc`gensym931 = (filename: "/Users/alex/areas/productive/orchestration/src/vecherinka_comptime.nim",
        line: 1934, column: 6)
      ploc`gensym931 = "/Users/alex/areas/productive/orchestration/src/vecherinka_comptime.nim(1934, 7)"
    bind instantiationInfo
    mixin failedAssertImpl
    {.line: (filename: "/Users/alex/areas/productive/orchestration/src/vecherinka_comptime.nim",
             line: 1934, column: 6).}:
      if not (artifact_553764312.kind == vak_1):
        failedAssertImpl("/Users/alex/areas/productive/orchestration/src/vecherinka_comptime.nim(1934, 7) `artifact_553764312.kind == vak_1` ")
    artifact_553764312.value_1


type
  VecherinkaArtifactKind_553803272 = enum
    vak_0, vak_1, vak_2, vak_3
  VecherinkaArtifact_553803273 = object
    case kind: VecherinkaArtifactKind_553803272
    of vak_0:
      value_0: Stage3Input
    of vak_1:
      value_1: (Stage3Left, Stage3Right)
    of vak_2:
      value_2: Stage3Left
    of vak_3:
      value_3: Stage3Right
proc solve_stage_3_fan(input_553803369: Stage3Input;
                       transport_553803370: LlmTransport[VecherinkaArtifact_553803273] = nil;
                       logger_553803371: StructuredLogger = nil): (Stage3Left,
    Stage3Right) =
  let data_553803372: seq[Flow[VecherinkaArtifact_553803273]] = @[Flow[
      VecherinkaArtifact_553803273](kind: fk_top, root: "fan_only", entry: true, body: Flow[
      VecherinkaArtifact_553803273](kind: fk_fanout, branches: @[Flow[
      VecherinkaArtifact_553803273](kind: fk_model, submit: proc (
      model_context_553803291: RuntimeContext[VecherinkaArtifact_553803273];
      model_request_id_553803292: RequestId; model_input_553803293: VecherinkaArtifact_553803273;
      model_working_dir_553803294: Path) {.nimcall.} =
    let model_typed_input_553803295 = block:
      let artifact_553803297 = model_input_553803293
      const
        loc`gensym976 = (filename: "/Users/alex/areas/productive/orchestration/src/vecherinka_comptime.nim",
          line: 1934, column: 6)
        ploc`gensym976 = "/Users/alex/areas/productive/orchestration/src/vecherinka_comptime.nim(1934, 7)"
      bind instantiationInfo
      mixin failedAssertImpl
      {.line: (filename: "/Users/alex/areas/productive/orchestration/src/vecherinka_comptime.nim",
               line: 1934, column: 6).}:
        if not (artifact_553803297.kind == vak_0):
          failedAssertImpl("/Users/alex/areas/productive/orchestration/src/vecherinka_comptime.nim(1934, 7) `artifact_553803297.kind == vak_0` ")
      artifact_553803297.value_0
    try:
      let model_materialized_input_553803296 = proc (
          materializer_input_553803298: Stage3Input;
          materializer_runtime_dir_553803299, materializer_artifact_dir_553803300: Path;
          materializer_initial_instructions_553803301: string): string {.nimcall.} = result =
        var materialized_instructions_553803302 = materializer_initial_instructions_553803301
        var materialized_names_553803303: seq[string] = @[]
        add(materialized_instructions_553803302,
            "input.marker: string = " & $materializer_input_553803298.marker & "\n")
        materialized_instructions_553803302(model_typed_input_553803295,
          model_context_553803291.runtime_dir, model_working_dir_553803294, "")
      let model_output_contract_553803308 = schemaOf(T)
      let model_output_schema_553803309 = toJsonSchema(model_output_contract_553803308)
      let model_materializer_553803310 = proc (model_output_kind_553803278: int;
          model_output_553803279: LlmOutput): ModelMaterialization[
          VecherinkaArtifact_553803273] {.nimcall, noinit.} = case model_output_kind_553803278
      of 2:
        let model_output_contract_553803280 = schemaOf(T)
        let model_parsed_output_553803281 = tryParse(model_output_contract_553803280,
            model_output_553803279.arguments)
        if not model_parsed_output_553803281.ok:
          return ModelMaterialization[VecherinkaArtifact_553803273](ok: false, error: "invalid finish_work result (" &
              $len(model_parsed_output_553803281.issues) &
              " schema issues)")
        var location_errors_553803286 = ""
        if (
          not (len(location_errors_553803286) == 0)):
          return ModelMaterialization[VecherinkaArtifact_553803273](ok: false,
              error: "invalid finish_work locations: " & location_errors_553803286)
        return ModelMaterialization[VecherinkaArtifact_553803273](ok: true, value: VecherinkaArtifact_553803273(
            kind: vak_2, value_2: model_parsed_output_553803281.value))
      else:
        return ModelMaterialization[VecherinkaArtifact_553803273](ok: false,
            error: "unexpected model output kind")
      let model_tool_data_553803311 = register_llm_tool_binding(
          cast[pointer](model_context_553803291), model_request_id_553803292, 2,
          cast[pointer](model_materializer_553803310))
      var model_tools_553803312: DynamicToolRegistry = @[]
      register_dynamic_tool(model_tools_553803312, "finish_work", default_agent_prompt_templates.finish_work_description,
                            model_output_schema_553803309, model_tool_data_553803311, proc (
          tool_data`gensym944: pointer; tool_context`gensym944: ToolCallContext) {.
          nimcall, gcsafe.} = {.cast(gcsafe).}:
        let binding`gensym944 = lookup_llm_tool_binding(tool_data`gensym944)
        if isNone(binding`gensym944):
          return
        let data`gensym944 = get(binding`gensym944)
        enqueue_llm_output_event(cast[RuntimeContext[VecherinkaArtifact_553803273]](data`gensym944.context),
                                 data`gensym944.request_id,
                                 data`gensym944.output_kind, cast[ModelMaterializer[
            VecherinkaArtifact_553803273]](data`gensym944.materializer),
                                 data`gensym944.id, tool_context`gensym944))
      let llm_spec_553803317 = LlmCallSpec[VecherinkaArtifact_553803273](
          profile: profile,
          prompt: "Copy marker exactly into left_value. Do not create files.",
          prompt_templates: default_agent_prompt_templates,
          materialized_input: model_materialized_input_553803296,
          runtime_dir: model_context_553803291.runtime_dir,
          working_dir: model_working_dir_553803294, tools: model_tools_553803312,
          output_kind: 2, materialize: model_materializer_553803310)
      submit_llm(model_context_553803291, model_request_id_553803292, llm_spec_553803317)
    except CatchableError as error`gensym947:
      let event`gensym947 = RuntimeEvent[VecherinkaArtifact_553803273](
          kind: rev_model_error, request_id: model_request_id_553803292,
          error_message: error`gensym947.msg)
      enqueue_runtime_event(model_context_553803291, event`gensym947)), Flow[
      VecherinkaArtifact_553803273](kind: fk_model, submit: proc (
      model_context_553803337: RuntimeContext[VecherinkaArtifact_553803273];
      model_request_id_553803338: RequestId; model_input_553803339: VecherinkaArtifact_553803273;
      model_working_dir_553803340: Path) {.nimcall.} =
    let model_typed_input_553803341 = block:
      let artifact_553803343 = model_input_553803339
      const
        loc`gensym1001 = (filename: "/Users/alex/areas/productive/orchestration/src/vecherinka_comptime.nim",
          line: 1934, column: 6)
        ploc`gensym1001 = "/Users/alex/areas/productive/orchestration/src/vecherinka_comptime.nim(1934, 7)"
      bind instantiationInfo
      mixin failedAssertImpl
      {.line: (filename: "/Users/alex/areas/productive/orchestration/src/vecherinka_comptime.nim",
               line: 1934, column: 6).}:
        if not (artifact_553803343.kind == vak_0):
          failedAssertImpl("/Users/alex/areas/productive/orchestration/src/vecherinka_comptime.nim(1934, 7) `artifact_553803343.kind == vak_0` ")
      artifact_553803343.value_0
    try:
      let model_materialized_input_553803342 = proc (
          materializer_input_553803344: Stage3Input;
          materializer_runtime_dir_553803345, materializer_artifact_dir_553803346: Path;
          materializer_initial_instructions_553803347: string): string {.nimcall.} = result =
        var materialized_instructions_553803348 = materializer_initial_instructions_553803347
        var materialized_names_553803349: seq[string] = @[]
        add(materialized_instructions_553803348,
            "input.marker: string = " & $materializer_input_553803344.marker & "\n")
        materialized_instructions_553803348(model_typed_input_553803341,
          model_context_553803337.runtime_dir, model_working_dir_553803340, "")
      let model_output_contract_553803354 = schemaOf(T)
      let model_output_schema_553803355 = toJsonSchema(model_output_contract_553803354)
      let model_materializer_553803356 = proc (model_output_kind_553803324: int;
          model_output_553803325: LlmOutput): ModelMaterialization[
          VecherinkaArtifact_553803273] {.nimcall, noinit.} = case model_output_kind_553803324
      of 3:
        let model_output_contract_553803326 = schemaOf(T)
        let model_parsed_output_553803327 = tryParse(model_output_contract_553803326,
            model_output_553803325.arguments)
        if not model_parsed_output_553803327.ok:
          return ModelMaterialization[VecherinkaArtifact_553803273](ok: false, error: "invalid finish_work result (" &
              $len(model_parsed_output_553803327.issues) &
              " schema issues)")
        var location_errors_553803332 = ""
        if (
          not (len(location_errors_553803332) == 0)):
          return ModelMaterialization[VecherinkaArtifact_553803273](ok: false,
              error: "invalid finish_work locations: " & location_errors_553803332)
        return ModelMaterialization[VecherinkaArtifact_553803273](ok: true, value: VecherinkaArtifact_553803273(
            kind: vak_3, value_3: model_parsed_output_553803327.value))
      else:
        return ModelMaterialization[VecherinkaArtifact_553803273](ok: false,
            error: "unexpected model output kind")
      let model_tool_data_553803357 = register_llm_tool_binding(
          cast[pointer](model_context_553803337), model_request_id_553803338, 3,
          cast[pointer](model_materializer_553803356))
      var model_tools_553803358: DynamicToolRegistry = @[]
      register_dynamic_tool(model_tools_553803358, "finish_work", default_agent_prompt_templates.finish_work_description,
                            model_output_schema_553803355, model_tool_data_553803357, proc (
          tool_data`gensym957: pointer; tool_context`gensym957: ToolCallContext) {.
          nimcall, gcsafe.} = {.cast(gcsafe).}:
        let binding`gensym957 = lookup_llm_tool_binding(tool_data`gensym957)
        if isNone(binding`gensym957):
          return
        let data`gensym957 = get(binding`gensym957)
        enqueue_llm_output_event(cast[RuntimeContext[VecherinkaArtifact_553803273]](data`gensym957.context),
                                 data`gensym957.request_id,
                                 data`gensym957.output_kind, cast[ModelMaterializer[
            VecherinkaArtifact_553803273]](data`gensym957.materializer),
                                 data`gensym957.id, tool_context`gensym957))
      let llm_spec_553803363 = LlmCallSpec[VecherinkaArtifact_553803273](
          profile: profile,
          prompt: "Copy marker exactly into right_value. Do not create files.",
          prompt_templates: default_agent_prompt_templates,
          materialized_input: model_materialized_input_553803342,
          runtime_dir: model_context_553803337.runtime_dir,
          working_dir: model_working_dir_553803340, tools: model_tools_553803358,
          output_kind: 3, materialize: model_materializer_553803356)
      submit_llm(model_context_553803337, model_request_id_553803338, llm_spec_553803363)
    except CatchableError as error`gensym960:
      let event`gensym960 = RuntimeEvent[VecherinkaArtifact_553803273](
          kind: rev_model_error, request_id: model_request_id_553803338,
          error_message: error`gensym960.msg)
      enqueue_runtime_event(model_context_553803337, event`gensym960))], coalesce: proc (
      fan_values_553803366: seq[VecherinkaArtifact_553803273]): VecherinkaArtifact_553803273 {.
      nimcall.} = result = VecherinkaArtifact_553803273(kind: vak_1, value_1: (block:
    let artifact_553803367 = fan_values_553803366[0]
    const
      loc`gensym1006 = (filename: "/Users/alex/areas/productive/orchestration/src/vecherinka_comptime.nim",
        line: 1934, column: 6)
      ploc`gensym1006 = "/Users/alex/areas/productive/orchestration/src/vecherinka_comptime.nim(1934, 7)"
    bind instantiationInfo
    mixin failedAssertImpl
    {.line: (filename: "/Users/alex/areas/productive/orchestration/src/vecherinka_comptime.nim",
             line: 1934, column: 6).}:
      if not (artifact_553803367.kind == vak_2):
        failedAssertImpl("/Users/alex/areas/productive/orchestration/src/vecherinka_comptime.nim(1934, 7) `artifact_553803367.kind == vak_2` ")
    artifact_553803367.value_2, block:
    let artifact_553803368 = fan_values_553803366[1]
    const
      loc`gensym1008 = (filename: "/Users/alex/areas/productive/orchestration/src/vecherinka_comptime.nim",
        line: 1934, column: 6)
      ploc`gensym1008 = "/Users/alex/areas/productive/orchestration/src/vecherinka_comptime.nim(1934, 7)"
    bind instantiationInfo
    mixin failedAssertImpl
    {.line: (filename: "/Users/alex/areas/productive/orchestration/src/vecherinka_comptime.nim",
             line: 1934, column: 6).}:
      if not (artifact_553803368.kind == vak_3):
        failedAssertImpl("/Users/alex/areas/productive/orchestration/src/vecherinka_comptime.nim(1934, 7) `artifact_553803368.kind == vak_3` ")
    artifact_553803368.value_3))))]
  let input_artifact_553803373 = VecherinkaArtifact_553803273(kind: vak_0,
      value_0: input_553803369)
  let work_plan_553803374 = execute_flows(data_553803372, input_artifact_553803373,
      nil, transport_553803370, nil, logger_553803371)
  if isNone(work_plan_553803374.output):
    if isSome(work_plan_553803374.failure_message):
      raise
        (ref ValueError)(msg: get(work_plan_553803374.failure_message),
                         parent: nil)
    raise
      (ref ValueError)(msg: "vecherinka execution completed without output",
                       parent: nil)
  return block:
    let artifact_553803375 = lookup_artifact(work_plan_553803374.context,
        get(work_plan_553803374.output)).data
    const
      loc`gensym1168 = (filename: "/Users/alex/areas/productive/orchestration/src/vecherinka_comptime.nim",
        line: 1934, column: 6)
      ploc`gensym1168 = "/Users/alex/areas/productive/orchestration/src/vecherinka_comptime.nim(1934, 7)"
    bind instantiationInfo
    mixin failedAssertImpl
    {.line: (filename: "/Users/alex/areas/productive/orchestration/src/vecherinka_comptime.nim",
             line: 1934, column: 6).}:
      if not (artifact_553803375.kind == vak_1):
        failedAssertImpl("/Users/alex/areas/productive/orchestration/src/vecherinka_comptime.nim(1934, 7) `artifact_553803375.kind == vak_1` ")
    artifact_553803375.value_1


type
  VecherinkaArtifactKind_553841542 = enum
    vak_0, vak_1
  VecherinkaArtifact_553841543 = object
    case kind: VecherinkaArtifactKind_553841542
    of vak_0:
      value_0: Stage4Input
    of vak_1:
      value_1: Stage4Output
proc solve_stage_4(input_553841597: Stage4Input;
                   transport_553841598: LlmTransport[VecherinkaArtifact_553841543] = nil;
                   logger_553841599: StructuredLogger = nil): Stage4Output =
  let data_553841600: seq[Flow[VecherinkaArtifact_553841543]] = @[Flow[
      VecherinkaArtifact_553841543](kind: fk_top, root: "annotate",
                                    entry: false, body: Flow[VecherinkaArtifact_553841543](
      kind: fk_model, submit: proc (model_context_553841561: RuntimeContext[
      VecherinkaArtifact_553841543]; model_request_id_553841562: RequestId;
                                    model_input_553841563: VecherinkaArtifact_553841543;
                                    model_working_dir_553841564: Path) {.nimcall.} =
    let model_typed_input_553841565 = block:
      let artifact_553841567 = model_input_553841563
      const
        loc`gensym1208 = (filename: "/Users/alex/areas/productive/orchestration/src/vecherinka_comptime.nim",
          line: 1934, column: 6)
        ploc`gensym1208 = "/Users/alex/areas/productive/orchestration/src/vecherinka_comptime.nim(1934, 7)"
      bind instantiationInfo
      mixin failedAssertImpl
      {.line: (filename: "/Users/alex/areas/productive/orchestration/src/vecherinka_comptime.nim",
               line: 1934, column: 6).}:
        if not (artifact_553841567.kind == vak_0):
          failedAssertImpl("/Users/alex/areas/productive/orchestration/src/vecherinka_comptime.nim(1934, 7) `artifact_553841567.kind == vak_0` ")
      artifact_553841567.value_0
    try:
      let model_materialized_input_553841566 = proc (
          materializer_input_553841568: Stage4Input;
          materializer_runtime_dir_553841569, materializer_artifact_dir_553841570: Path;
          materializer_initial_instructions_553841571: string): string {.nimcall.} = result =
        var materialized_instructions_553841572 = materializer_initial_instructions_553841571
        var materialized_names_553841573: seq[string] = @[]
        add(materialized_instructions_553841572,
            "input.mode: string = " & $materializer_input_553841568.mode & "\n")
        add(materialized_instructions_553841572,
            "input.marker: string = " & $materializer_input_553841568.marker & "\n")
        materialized_instructions_553841572(model_typed_input_553841565,
          model_context_553841561.runtime_dir, model_working_dir_553841564, "")
      let model_output_contract_553841582 = schemaOf(T)
      let model_output_schema_553841583 = toJsonSchema(model_output_contract_553841582)
      let model_materializer_553841584 = proc (model_output_kind_553841548: int;
          model_output_553841549: LlmOutput): ModelMaterialization[
          VecherinkaArtifact_553841543] {.nimcall, noinit.} = case model_output_kind_553841548
      of 1:
        let model_output_contract_553841550 = schemaOf(T)
        let model_parsed_output_553841551 = tryParse(model_output_contract_553841550,
            model_output_553841549.arguments)
        if not model_parsed_output_553841551.ok:
          return ModelMaterialization[VecherinkaArtifact_553841543](ok: false, error: "invalid finish_work result (" &
              $len(model_parsed_output_553841551.issues) &
              " schema issues)")
        var location_errors_553841556 = ""
        if (
          not (len(location_errors_553841556) == 0)):
          return ModelMaterialization[VecherinkaArtifact_553841543](ok: false,
              error: "invalid finish_work locations: " & location_errors_553841556)
        return ModelMaterialization[VecherinkaArtifact_553841543](ok: true, value: VecherinkaArtifact_553841543(
            kind: vak_1, value_1: model_parsed_output_553841551.value))
      else:
        return ModelMaterialization[VecherinkaArtifact_553841543](ok: false,
            error: "unexpected model output kind")
      let model_tool_data_553841585 = register_llm_tool_binding(
          cast[pointer](model_context_553841561), model_request_id_553841562, 1,
          cast[pointer](model_materializer_553841584))
      var model_tools_553841586: DynamicToolRegistry = @[]
      register_dynamic_tool(model_tools_553841586, "finish_work", default_agent_prompt_templates.finish_work_description,
                            model_output_schema_553841583, model_tool_data_553841585, proc (
          tool_data`gensym1185: pointer;
          tool_context`gensym1185: ToolCallContext) {.nimcall, gcsafe.} = {.
          cast(gcsafe).}:
        let binding`gensym1185 = lookup_llm_tool_binding(tool_data`gensym1185)
        if isNone(binding`gensym1185):
          return
        let data`gensym1185 = get(binding`gensym1185)
        enqueue_llm_output_event(cast[RuntimeContext[VecherinkaArtifact_553841543]](data`gensym1185.context),
                                 data`gensym1185.request_id,
                                 data`gensym1185.output_kind, cast[ModelMaterializer[
            VecherinkaArtifact_553841543]](data`gensym1185.materializer),
                                 data`gensym1185.id, tool_context`gensym1185))
      let llm_spec_553841591 = LlmCallSpec[VecherinkaArtifact_553841543](
          profile: profile,
          prompt: "Copy marker exactly into answer. Do not create files.",
          prompt_templates: default_agent_prompt_templates,
          materialized_input: model_materialized_input_553841566,
          runtime_dir: model_context_553841561.runtime_dir,
          working_dir: model_working_dir_553841564, tools: model_tools_553841586,
          output_kind: 1, materialize: model_materializer_553841584)
      submit_llm(model_context_553841561, model_request_id_553841562, llm_spec_553841591)
    except CatchableError as error`gensym1188:
      let event`gensym1188 = RuntimeEvent[VecherinkaArtifact_553841543](
          kind: rev_model_error, request_id: model_request_id_553841562,
          error_message: error`gensym1188.msg)
      enqueue_runtime_event(model_context_553841561, event`gensym1188))), Flow[
      VecherinkaArtifact_553841543](kind: fk_top, root: "route", entry: true, body: Flow[
      VecherinkaArtifact_553841543](kind: fk_so, execute: proc (
      so_artifact_553841594: VecherinkaArtifact_553841543): Flow[
      VecherinkaArtifact_553841543] {.nimcall.} = result =
    let so_input_553841595 = block:
      let artifact_553841596 = so_artifact_553841594
      const
        loc`gensym1233 = (filename: "/Users/alex/areas/productive/orchestration/src/vecherinka_comptime.nim",
          line: 1934, column: 6)
        ploc`gensym1233 = "/Users/alex/areas/productive/orchestration/src/vecherinka_comptime.nim(1934, 7)"
      bind instantiationInfo
      mixin failedAssertImpl
      {.line: (filename: "/Users/alex/areas/productive/orchestration/src/vecherinka_comptime.nim",
               line: 1934, column: 6).}:
        if not (artifact_553841596.kind == vak_0):
          failedAssertImpl("/Users/alex/areas/productive/orchestration/src/vecherinka_comptime.nim(1934, 7) `artifact_553841596.kind == vak_0` ")
      artifact_553841596.value_0
    if so_input_553841595.mode == "model": Flow[VecherinkaArtifact_553841543](
        kind: fk_raw, value: VecherinkaArtifact_553841543(kind: vak_0,
        value_0: so_input_553841595), continuation: Flow[VecherinkaArtifact_553841543](
        kind: fk_ref, name: "annotate")) else: Flow[VecherinkaArtifact_553841543](
        kind: fk_raw, value: VecherinkaArtifact_553841543(kind: vak_1,
        value_1: Stage4Output(answer: "pure:" & so_input_553841595.marker)))))]
  let input_artifact_553841601 = VecherinkaArtifact_553841543(kind: vak_0,
      value_0: input_553841597)
  let work_plan_553841602 = execute_flows(data_553841600, input_artifact_553841601,
      nil, transport_553841598, nil, logger_553841599)
  if isNone(work_plan_553841602.output):
    if isSome(work_plan_553841602.failure_message):
      raise
        (ref ValueError)(msg: get(work_plan_553841602.failure_message),
                         parent: nil)
    raise
      (ref ValueError)(msg: "vecherinka execution completed without output",
                       parent: nil)
  return block:
    let artifact_553841603 = lookup_artifact(work_plan_553841602.context,
        get(work_plan_553841602.output)).data
    const
      loc`gensym1393 = (filename: "/Users/alex/areas/productive/orchestration/src/vecherinka_comptime.nim",
        line: 1934, column: 6)
      ploc`gensym1393 = "/Users/alex/areas/productive/orchestration/src/vecherinka_comptime.nim(1934, 7)"
    bind instantiationInfo
    mixin failedAssertImpl
    {.line: (filename: "/Users/alex/areas/productive/orchestration/src/vecherinka_comptime.nim",
             line: 1934, column: 6).}:
      if not (artifact_553841603.kind == vak_1):
        failedAssertImpl("/Users/alex/areas/productive/orchestration/src/vecherinka_comptime.nim(1934, 7) `artifact_553841603.kind == vak_1` ")
    artifact_553841603.value_1


type
  VecherinkaArtifactKind_553879791 = enum
    vak_0, vak_1, vak_2
  VecherinkaArtifact_553879792 = object
    case kind: VecherinkaArtifactKind_553879791
    of vak_0:
      value_0: Stage5Input
    of vak_1:
      value_1: string
    of vak_2:
      value_2: Stage5Output
proc solve_stage_5(input_553879845: Stage5Input;
                   transport_553879846: LlmTransport[VecherinkaArtifact_553879792] = nil;
                   logger_553879847: StructuredLogger = nil): Stage5Output =
  let data_553879848: seq[Flow[VecherinkaArtifact_553879792]] = @[Flow[
      VecherinkaArtifact_553879792](kind: fk_top, root: "project_marker",
                                    entry: false, body: Flow[VecherinkaArtifact_553879792](
      kind: fk_it, projector: proc (it_artifact_553879793: VecherinkaArtifact_553879792): VecherinkaArtifact_553879792 {.
      nimcall.} = result =
    let it_value_553879794 = block:
      let artifact_553879795 = it_artifact_553879793
      const
        loc`gensym1443 = (filename: "/Users/alex/areas/productive/orchestration/src/vecherinka_comptime.nim",
          line: 1934, column: 6)
        ploc`gensym1443 = "/Users/alex/areas/productive/orchestration/src/vecherinka_comptime.nim(1934, 7)"
      bind instantiationInfo
      mixin failedAssertImpl
      {.line: (filename: "/Users/alex/areas/productive/orchestration/src/vecherinka_comptime.nim",
               line: 1934, column: 6).}:
        if not (artifact_553879795.kind == vak_0):
          failedAssertImpl("/Users/alex/areas/productive/orchestration/src/vecherinka_comptime.nim(1934, 7) `artifact_553879795.kind == vak_0` ")
      artifact_553879795.value_0
    VecherinkaArtifact_553879792(kind: vak_1, value_1: it_value_553879794.marker))), Flow[
      VecherinkaArtifact_553879792](kind: fk_top, root: "finish_projection",
                                    entry: false, body: Flow[VecherinkaArtifact_553879792](
      kind: fk_model, submit: proc (model_context_553879813: RuntimeContext[
      VecherinkaArtifact_553879792]; model_request_id_553879814: RequestId;
                                    model_input_553879815: VecherinkaArtifact_553879792;
                                    model_working_dir_553879816: Path) {.nimcall.} =
    let model_typed_input_553879817 = block:
      let artifact_553879819 = model_input_553879815
      const
        loc`gensym1445 = (filename: "/Users/alex/areas/productive/orchestration/src/vecherinka_comptime.nim",
          line: 1934, column: 6)
        ploc`gensym1445 = "/Users/alex/areas/productive/orchestration/src/vecherinka_comptime.nim(1934, 7)"
      bind instantiationInfo
      mixin failedAssertImpl
      {.line: (filename: "/Users/alex/areas/productive/orchestration/src/vecherinka_comptime.nim",
               line: 1934, column: 6).}:
        if not (artifact_553879819.kind == vak_1):
          failedAssertImpl("/Users/alex/areas/productive/orchestration/src/vecherinka_comptime.nim(1934, 7) `artifact_553879819.kind == vak_1` ")
      artifact_553879819.value_1
    try:
      let model_materialized_input_553879818 = proc (materializer_input_553879820: string;
          materializer_runtime_dir_553879821, materializer_artifact_dir_553879822: Path;
          materializer_initial_instructions_553879823: string): string {.nimcall.} = result =
        var materialized_instructions_553879824 = materializer_initial_instructions_553879823
        var materialized_names_553879825: seq[string] = @[]
        add(materialized_instructions_553879824,
            "input: string = " & $materializer_input_553879820 & "\n")
        materialized_instructions_553879824(model_typed_input_553879817,
          model_context_553879813.runtime_dir, model_working_dir_553879816, "")
      let model_output_contract_553879830 = schemaOf(T)
      let model_output_schema_553879831 = toJsonSchema(model_output_contract_553879830)
      let model_materializer_553879832 = proc (model_output_kind_553879800: int;
          model_output_553879801: LlmOutput): ModelMaterialization[
          VecherinkaArtifact_553879792] {.nimcall, noinit.} = case model_output_kind_553879800
      of 2:
        let model_output_contract_553879802 = schemaOf(T)
        let model_parsed_output_553879803 = tryParse(model_output_contract_553879802,
            model_output_553879801.arguments)
        if not model_parsed_output_553879803.ok:
          return ModelMaterialization[VecherinkaArtifact_553879792](ok: false, error: "invalid finish_work result (" &
              $len(model_parsed_output_553879803.issues) &
              " schema issues)")
        var location_errors_553879808 = ""
        if (
          not (len(location_errors_553879808) == 0)):
          return ModelMaterialization[VecherinkaArtifact_553879792](ok: false,
              error: "invalid finish_work locations: " & location_errors_553879808)
        return ModelMaterialization[VecherinkaArtifact_553879792](ok: true, value: VecherinkaArtifact_553879792(
            kind: vak_2, value_2: model_parsed_output_553879803.value))
      else:
        return ModelMaterialization[VecherinkaArtifact_553879792](ok: false,
            error: "unexpected model output kind")
      let model_tool_data_553879833 = register_llm_tool_binding(
          cast[pointer](model_context_553879813), model_request_id_553879814, 2,
          cast[pointer](model_materializer_553879832))
      var model_tools_553879834: DynamicToolRegistry = @[]
      register_dynamic_tool(model_tools_553879834, "finish_work", default_agent_prompt_templates.finish_work_description,
                            model_output_schema_553879831, model_tool_data_553879833, proc (
          tool_data`gensym1421: pointer;
          tool_context`gensym1421: ToolCallContext) {.nimcall, gcsafe.} = {.
          cast(gcsafe).}:
        let binding`gensym1421 = lookup_llm_tool_binding(tool_data`gensym1421)
        if isNone(binding`gensym1421):
          return
        let data`gensym1421 = get(binding`gensym1421)
        enqueue_llm_output_event(cast[RuntimeContext[VecherinkaArtifact_553879792]](data`gensym1421.context),
                                 data`gensym1421.request_id,
                                 data`gensym1421.output_kind, cast[ModelMaterializer[
            VecherinkaArtifact_553879792]](data`gensym1421.materializer),
                                 data`gensym1421.id, tool_context`gensym1421))
      let llm_spec_553879839 = LlmCallSpec[VecherinkaArtifact_553879792](
          profile: profile, prompt: "Copy the input string exactly into answer. Do not create files.",
          prompt_templates: default_agent_prompt_templates,
          materialized_input: model_materialized_input_553879818,
          runtime_dir: model_context_553879813.runtime_dir,
          working_dir: model_working_dir_553879816, tools: model_tools_553879834,
          output_kind: 2, materialize: model_materializer_553879832)
      submit_llm(model_context_553879813, model_request_id_553879814, llm_spec_553879839)
    except CatchableError as error`gensym1424:
      let event`gensym1424 = RuntimeEvent[VecherinkaArtifact_553879792](
          kind: rev_model_error, request_id: model_request_id_553879814,
          error_message: error`gensym1424.msg)
      enqueue_runtime_event(model_context_553879813, event`gensym1424))), Flow[
      VecherinkaArtifact_553879792](kind: fk_top, root: "project_entry",
                                    entry: true, body: Flow[VecherinkaArtifact_553879792](
      kind: fk_so, execute: proc (so_artifact_553879842: VecherinkaArtifact_553879792): Flow[
      VecherinkaArtifact_553879792] {.nimcall.} = result =
    let so_input_553879843 = block:
      let artifact_553879844 = so_artifact_553879842
      const
        loc`gensym1470 = (filename: "/Users/alex/areas/productive/orchestration/src/vecherinka_comptime.nim",
          line: 1934, column: 6)
        ploc`gensym1470 = "/Users/alex/areas/productive/orchestration/src/vecherinka_comptime.nim(1934, 7)"
      bind instantiationInfo
      mixin failedAssertImpl
      {.line: (filename: "/Users/alex/areas/productive/orchestration/src/vecherinka_comptime.nim",
               line: 1934, column: 6).}:
        if not (artifact_553879844.kind == vak_0):
          failedAssertImpl("/Users/alex/areas/productive/orchestration/src/vecherinka_comptime.nim(1934, 7) `artifact_553879844.kind == vak_0` ")
      artifact_553879844.value_0
    Flow[VecherinkaArtifact_553879792](kind: fk_raw, value: VecherinkaArtifact_553879792(
        kind: vak_0, value_0: so_input_553879843), continuation: Flow[
        VecherinkaArtifact_553879792](kind: fk_ref, name: "project_marker", continuation: Flow[
        VecherinkaArtifact_553879792](kind: fk_ref, name: "finish_projection")))))]
  let input_artifact_553879849 = VecherinkaArtifact_553879792(kind: vak_0,
      value_0: input_553879845)
  let work_plan_553879850 = execute_flows(data_553879848, input_artifact_553879849,
      nil, transport_553879846, nil, logger_553879847)
  if isNone(work_plan_553879850.output):
    if isSome(work_plan_553879850.failure_message):
      raise
        (ref ValueError)(msg: get(work_plan_553879850.failure_message),
                         parent: nil)
    raise
      (ref ValueError)(msg: "vecherinka execution completed without output",
                       parent: nil)
  return block:
    let artifact_553879851 = lookup_artifact(work_plan_553879850.context,
        get(work_plan_553879850.output)).data
    const
      loc`gensym1630 = (filename: "/Users/alex/areas/productive/orchestration/src/vecherinka_comptime.nim",
        line: 1934, column: 6)
      ploc`gensym1630 = "/Users/alex/areas/productive/orchestration/src/vecherinka_comptime.nim(1934, 7)"
    bind instantiationInfo
    mixin failedAssertImpl
    {.line: (filename: "/Users/alex/areas/productive/orchestration/src/vecherinka_comptime.nim",
             line: 1934, column: 6).}:
      if not (artifact_553879851.kind == vak_2):
        failedAssertImpl("/Users/alex/areas/productive/orchestration/src/vecherinka_comptime.nim(1934, 7) `artifact_553879851.kind == vak_2` ")
    artifact_553879851.value_2


type
  VecherinkaArtifactKind_553917673 = enum
    vak_0, vak_1
  VecherinkaArtifact_553917674 = object
    case kind: VecherinkaArtifactKind_553917673
    of vak_0:
      value_0: Stage6Input
    of vak_1:
      value_1: Stage6Output
proc solve_stage_6(input_553917719: Stage6Input;
                   transport_553917720: LlmTransport[VecherinkaArtifact_553917674] = nil;
                   logger_553917721: StructuredLogger = nil): Stage6Output =
  let data_553917722: seq[Flow[VecherinkaArtifact_553917674]] = @[Flow[
      VecherinkaArtifact_553917674](kind: fk_top, root: "materialise",
                                    entry: true, body: Flow[VecherinkaArtifact_553917674](
      kind: fk_model, submit: proc (model_context_553917693: RuntimeContext[
      VecherinkaArtifact_553917674]; model_request_id_553917694: RequestId;
                                    model_input_553917695: VecherinkaArtifact_553917674;
                                    model_working_dir_553917696: Path) {.nimcall.} =
    let model_typed_input_553917697 = block:
      let artifact_553917699 = model_input_553917695
      const
        loc`gensym1659 = (filename: "/Users/alex/areas/productive/orchestration/src/vecherinka_comptime.nim",
          line: 1934, column: 6)
        ploc`gensym1659 = "/Users/alex/areas/productive/orchestration/src/vecherinka_comptime.nim(1934, 7)"
      bind instantiationInfo
      mixin failedAssertImpl
      {.line: (filename: "/Users/alex/areas/productive/orchestration/src/vecherinka_comptime.nim",
               line: 1934, column: 6).}:
        if not (artifact_553917699.kind == vak_0):
          failedAssertImpl("/Users/alex/areas/productive/orchestration/src/vecherinka_comptime.nim(1934, 7) `artifact_553917699.kind == vak_0` ")
      artifact_553917699.value_0
    try:
      let model_materialized_input_553917698 = proc (
          materializer_input_553917700: Stage6Input;
          materializer_runtime_dir_553917701, materializer_artifact_dir_553917702: Path;
          materializer_initial_instructions_553917703: string): string {.nimcall.} = result =
        var materialized_instructions_553917704 = materializer_initial_instructions_553917703
        var materialized_names_553917705: seq[string] = @[]
        let materialized_location_name_553917706 = copy_location_payload(
            materializer_runtime_dir_553917701, materializer_artifact_dir_553917702,
            cast[string](materializer_input_553917700.source),
            materialized_names_553917705)
        add(materialized_instructions_553917704, "input.source: location = " &
            cast[string](materializer_input_553917700.source) &
            " (materialized as " &
            materialized_location_name_553917706 &
            ")\n")
        materialized_instructions_553917704(model_typed_input_553917697,
          model_context_553917693.runtime_dir, model_working_dir_553917696, "")
      let model_output_contract_553917707 = schemaOf(T)
      let model_output_schema_553917708 = toJsonSchema(model_output_contract_553917707)
      let model_materializer_553917709 = proc (model_output_kind_553917679: int;
          model_output_553917680: LlmOutput): ModelMaterialization[
          VecherinkaArtifact_553917674] {.nimcall, noinit.} = case model_output_kind_553917679
      of 1:
        let model_output_contract_553917681 = schemaOf(T)
        let model_parsed_output_553917682 = tryParse(model_output_contract_553917681,
            model_output_553917680.arguments)
        if not model_parsed_output_553917682.ok:
          return ModelMaterialization[VecherinkaArtifact_553917674](ok: false, error: "invalid finish_work result (" &
              $len(model_parsed_output_553917682.issues) &
              " schema issues)")
        var location_errors_553917687 = ""
        let location_verification_error_553917688 = verify_location_payload(
            model_output_553917680.working_dir,
            cast[string](model_parsed_output_553917682.value.artifact))
        if (
          not (len(location_verification_error_553917688) == 0)):
          add(location_errors_553917687,
              "output.artifact: " & location_verification_error_553917688 & "\n")
        if (
          not (len(location_errors_553917687) == 0)):
          return ModelMaterialization[VecherinkaArtifact_553917674](ok: false,
              error: "invalid finish_work locations: " & location_errors_553917687)
        return ModelMaterialization[VecherinkaArtifact_553917674](ok: true, value: VecherinkaArtifact_553917674(
            kind: vak_1, value_1: model_parsed_output_553917682.value))
      else:
        return ModelMaterialization[VecherinkaArtifact_553917674](ok: false,
            error: "unexpected model output kind")
      let model_tool_data_553917710 = register_llm_tool_binding(
          cast[pointer](model_context_553917693), model_request_id_553917694, 1,
          cast[pointer](model_materializer_553917709))
      var model_tools_553917711: DynamicToolRegistry = @[]
      register_dynamic_tool(model_tools_553917711, "finish_work", default_agent_prompt_templates.finish_work_description,
                            model_output_schema_553917708, model_tool_data_553917710, proc (
          tool_data`gensym1645: pointer;
          tool_context`gensym1645: ToolCallContext) {.nimcall, gcsafe.} = {.
          cast(gcsafe).}:
        let binding`gensym1645 = lookup_llm_tool_binding(tool_data`gensym1645)
        if isNone(binding`gensym1645):
          return
        let data`gensym1645 = get(binding`gensym1645)
        enqueue_llm_output_event(cast[RuntimeContext[VecherinkaArtifact_553917674]](data`gensym1645.context),
                                 data`gensym1645.request_id,
                                 data`gensym1645.output_kind, cast[ModelMaterializer[
            VecherinkaArtifact_553917674]](data`gensym1645.materializer),
                                 data`gensym1645.id, tool_context`gensym1645))
      let llm_spec_553917716 = LlmCallSpec[VecherinkaArtifact_553917674](
          profile: profile, prompt: "Read the provided input file named source.txt. Create result.txt in the working directory containing exactly the input file text. Return summary equal to the input file text and artifact equal to result.txt. Do not create any other files.",
          prompt_templates: default_agent_prompt_templates,
          materialized_input: model_materialized_input_553917698,
          runtime_dir: model_context_553917693.runtime_dir,
          working_dir: model_working_dir_553917696, tools: model_tools_553917711,
          output_kind: 1, materialize: model_materializer_553917709)
      submit_llm(model_context_553917693, model_request_id_553917694, llm_spec_553917716)
    except CatchableError as error`gensym1648:
      let event`gensym1648 = RuntimeEvent[VecherinkaArtifact_553917674](
          kind: rev_model_error, request_id: model_request_id_553917694,
          error_message: error`gensym1648.msg)
      enqueue_runtime_event(model_context_553917693, event`gensym1648)))]
  let input_artifact_553917723 = VecherinkaArtifact_553917674(kind: vak_0,
      value_0: input_553917719)
  let work_plan_553917724 = execute_flows(data_553917722, input_artifact_553917723,
      nil, transport_553917720, nil, logger_553917721)
  if isNone(work_plan_553917724.output):
    if isSome(work_plan_553917724.failure_message):
      raise
        (ref ValueError)(msg: get(work_plan_553917724.failure_message),
                         parent: nil)
    raise
      (ref ValueError)(msg: "vecherinka execution completed without output",
                       parent: nil)
  return block:
    let artifact_553917725 = lookup_artifact(work_plan_553917724.context,
        get(work_plan_553917724.output)).data
    const
      loc`gensym1843 = (filename: "/Users/alex/areas/productive/orchestration/src/vecherinka_comptime.nim",
        line: 1934, column: 6)
      ploc`gensym1843 = "/Users/alex/areas/productive/orchestration/src/vecherinka_comptime.nim(1934, 7)"
    bind instantiationInfo
    mixin failedAssertImpl
    {.line: (filename: "/Users/alex/areas/productive/orchestration/src/vecherinka_comptime.nim",
             line: 1934, column: 6).}:
      if not (artifact_553917725.kind == vak_1):
        failedAssertImpl("/Users/alex/areas/productive/orchestration/src/vecherinka_comptime.nim(1934, 7) `artifact_553917725.kind == vak_1` ")
    artifact_553917725.value_1

lift_pattern nodes=2 here_count=1
  seq
    here

type
  VecherinkaArtifactKind_553955620 = enum
    vak_0, vak_1, vak_2, vak_3
  VecherinkaArtifact_553955621 = object
    case kind: VecherinkaArtifactKind_553955620
    of vak_0:
      value_0: Stage7Item
    of vak_1:
      value_1: Stage7Result
    of vak_2:
      value_2: seq[Stage7Item]
    of vak_3:
      value_3: seq[Stage7Result]
proc solve_stage_7(input_553955716: seq[Stage7Item];
                   transport_553955717: LlmTransport[VecherinkaArtifact_553955621] = nil;
                   logger_553955718: StructuredLogger = nil): seq[Stage7Result] =
  let data_553955719: seq[Flow[VecherinkaArtifact_553955621]] = @[Flow[
      VecherinkaArtifact_553955621](kind: fk_top, root: "map_item",
                                    entry: false, body: Flow[VecherinkaArtifact_553955621](
      kind: fk_model, submit: proc (model_context_553955639: RuntimeContext[
      VecherinkaArtifact_553955621]; model_request_id_553955640: RequestId;
                                    model_input_553955641: VecherinkaArtifact_553955621;
                                    model_working_dir_553955642: Path) {.nimcall.} =
    let model_typed_input_553955643 = block:
      let artifact_553955645 = model_input_553955641
      const
        loc`gensym1889 = (filename: "/Users/alex/areas/productive/orchestration/src/vecherinka_comptime.nim",
          line: 1934, column: 6)
        ploc`gensym1889 = "/Users/alex/areas/productive/orchestration/src/vecherinka_comptime.nim(1934, 7)"
      bind instantiationInfo
      mixin failedAssertImpl
      {.line: (filename: "/Users/alex/areas/productive/orchestration/src/vecherinka_comptime.nim",
               line: 1934, column: 6).}:
        if not (artifact_553955645.kind == vak_0):
          failedAssertImpl("/Users/alex/areas/productive/orchestration/src/vecherinka_comptime.nim(1934, 7) `artifact_553955645.kind == vak_0` ")
      artifact_553955645.value_0
    try:
      let model_materialized_input_553955644 = proc (
          materializer_input_553955646: Stage7Item;
          materializer_runtime_dir_553955647, materializer_artifact_dir_553955648: Path;
          materializer_initial_instructions_553955649: string): string {.nimcall.} = result =
        var materialized_instructions_553955650 = materializer_initial_instructions_553955649
        var materialized_names_553955651: seq[string] = @[]
        add(materialized_instructions_553955650,
            "input.marker: string = " & $materializer_input_553955646.marker & "\n")
        materialized_instructions_553955650(model_typed_input_553955643,
          model_context_553955639.runtime_dir, model_working_dir_553955642, "")
      let model_output_contract_553955656 = schemaOf(T)
      let model_output_schema_553955657 = toJsonSchema(model_output_contract_553955656)
      let model_materializer_553955658 = proc (model_output_kind_553955626: int;
          model_output_553955627: LlmOutput): ModelMaterialization[
          VecherinkaArtifact_553955621] {.nimcall, noinit.} = case model_output_kind_553955626
      of 1:
        let model_output_contract_553955628 = schemaOf(T)
        let model_parsed_output_553955629 = tryParse(model_output_contract_553955628,
            model_output_553955627.arguments)
        if not model_parsed_output_553955629.ok:
          return ModelMaterialization[VecherinkaArtifact_553955621](ok: false, error: "invalid finish_work result (" &
              $len(model_parsed_output_553955629.issues) &
              " schema issues)")
        var location_errors_553955634 = ""
        if (
          not (len(location_errors_553955634) == 0)):
          return ModelMaterialization[VecherinkaArtifact_553955621](ok: false,
              error: "invalid finish_work locations: " & location_errors_553955634)
        return ModelMaterialization[VecherinkaArtifact_553955621](ok: true, value: VecherinkaArtifact_553955621(
            kind: vak_1, value_1: model_parsed_output_553955629.value))
      else:
        return ModelMaterialization[VecherinkaArtifact_553955621](ok: false,
            error: "unexpected model output kind")
      let model_tool_data_553955659 = register_llm_tool_binding(
          cast[pointer](model_context_553955639), model_request_id_553955640, 1,
          cast[pointer](model_materializer_553955658))
      var model_tools_553955660: DynamicToolRegistry = @[]
      register_dynamic_tool(model_tools_553955660, "finish_work", default_agent_prompt_templates.finish_work_description,
                            model_output_schema_553955657, model_tool_data_553955659, proc (
          tool_data`gensym1861: pointer;
          tool_context`gensym1861: ToolCallContext) {.nimcall, gcsafe.} = {.
          cast(gcsafe).}:
        let binding`gensym1861 = lookup_llm_tool_binding(tool_data`gensym1861)
        if isNone(binding`gensym1861):
          return
        let data`gensym1861 = get(binding`gensym1861)
        enqueue_llm_output_event(cast[RuntimeContext[VecherinkaArtifact_553955621]](data`gensym1861.context),
                                 data`gensym1861.request_id,
                                 data`gensym1861.output_kind, cast[ModelMaterializer[
            VecherinkaArtifact_553955621]](data`gensym1861.materializer),
                                 data`gensym1861.id, tool_context`gensym1861))
      let llm_spec_553955665 = LlmCallSpec[VecherinkaArtifact_553955621](
          profile: profile,
          prompt: "Copy marker exactly into result. Do not create files.",
          prompt_templates: default_agent_prompt_templates,
          materialized_input: model_materialized_input_553955644,
          runtime_dir: model_context_553955639.runtime_dir,
          working_dir: model_working_dir_553955642, tools: model_tools_553955660,
          output_kind: 1, materialize: model_materializer_553955658)
      submit_llm(model_context_553955639, model_request_id_553955640, llm_spec_553955665)
    except CatchableError as error`gensym1864:
      let event`gensym1864 = RuntimeEvent[VecherinkaArtifact_553955621](
          kind: rev_model_error, request_id: model_request_id_553955640,
          error_message: error`gensym1864.msg)
      enqueue_runtime_event(model_context_553955639, event`gensym1864))), Flow[
      VecherinkaArtifact_553955621](kind: fk_top, root: "lift_entry",
                                    entry: true, body: Flow[VecherinkaArtifact_553955621](
      kind: fk_lift,
      inner: Flow[VecherinkaArtifact_553955621](kind: fk_ref, name: "map_item"), destructure: proc (
      lift_destructure_input_553955672: VecherinkaArtifact_553955621): seq[
      tuple[result_index: int, input: VecherinkaArtifact_553955621]] {.nimcall.} =
    let lift_original_553955673 = block:
      let artifact_553955675 = lift_destructure_input_553955672
      const
        loc`gensym1918 = (filename: "/Users/alex/areas/productive/orchestration/src/vecherinka_comptime.nim",
          line: 1934, column: 6)
        ploc`gensym1918 = "/Users/alex/areas/productive/orchestration/src/vecherinka_comptime.nim(1934, 7)"
      bind instantiationInfo
      mixin failedAssertImpl
      {.line: (filename: "/Users/alex/areas/productive/orchestration/src/vecherinka_comptime.nim",
               line: 1934, column: 6).}:
        if not (artifact_553955675.kind == vak_2):
          failedAssertImpl("/Users/alex/areas/productive/orchestration/src/vecherinka_comptime.nim(1934, 7) `artifact_553955675.kind == vak_2` ")
      artifact_553955675.value_2
    var lift_next_index_553955674 = 0
    for item_553955684 in items(lift_original_553955673):
      let result_index_553955685 = lift_next_index_553955674
      inc lift_next_index_553955674, 1
      add(result, (result_index: result_index_553955685,
                   input: VecherinkaArtifact_553955621(kind: vak_0,
          value_0: item_553955684))), construct: proc (
      lift_results_553955686: seq[VecherinkaArtifact_553955621];
      lift_construct_input_553955687: VecherinkaArtifact_553955621): VecherinkaArtifact_553955621 {.
      nimcall.} = result =
    let lift_original_input_553955688 = block:
      let artifact_553955690 = lift_construct_input_553955687
      const
        loc`gensym1923 = (filename: "/Users/alex/areas/productive/orchestration/src/vecherinka_comptime.nim",
          line: 1934, column: 6)
        ploc`gensym1923 = "/Users/alex/areas/productive/orchestration/src/vecherinka_comptime.nim(1934, 7)"
      bind instantiationInfo
      mixin failedAssertImpl
      {.line: (filename: "/Users/alex/areas/productive/orchestration/src/vecherinka_comptime.nim",
               line: 1934, column: 6).}:
        if not (artifact_553955690.kind == vak_2):
          failedAssertImpl("/Users/alex/areas/productive/orchestration/src/vecherinka_comptime.nim(1934, 7) `artifact_553955690.kind == vak_2` ")
      artifact_553955690.value_2
    var lift_next_index_553955689 = 0
    VecherinkaArtifact_553955621(kind: vak_3, value_3: block:
      var output_553955701: seq[Stage7Result]
      for item_553955700 in items(lift_original_input_553955688):
        add(output_553955701) do:
          let result_index_553955702 = lift_next_index_553955689
          inc lift_next_index_553955689, 1
          block:
            let artifact_553955703 = lift_results_553955686[result_index_553955702]
            const
              loc`gensym1925 = (filename: "/Users/alex/areas/productive/orchestration/src/vecherinka_comptime.nim",
                line: 1934, column: 6)
              ploc`gensym1925 = "/Users/alex/areas/productive/orchestration/src/vecherinka_comptime.nim(1934, 7)"
            bind instantiationInfo
            mixin failedAssertImpl
            {.line: (filename: "/Users/alex/areas/productive/orchestration/src/vecherinka_comptime.nim",
                     line: 1934, column: 6).}:
              if not (artifact_553955703.kind == vak_1):
                failedAssertImpl("/Users/alex/areas/productive/orchestration/src/vecherinka_comptime.nim(1934, 7) `artifact_553955703.kind == vak_1` ")
            artifact_553955703.value_1
      output_553955701)))]
  let input_artifact_553955720 = VecherinkaArtifact_553955621(kind: vak_2,
      value_2: input_553955716)
  let work_plan_553955721 = execute_flows(data_553955719, input_artifact_553955720,
      nil, transport_553955717, nil, logger_553955718)
  if isNone(work_plan_553955721.output):
    if isSome(work_plan_553955721.failure_message):
      raise
        (ref ValueError)(msg: get(work_plan_553955721.failure_message),
                         parent: nil)
    raise
      (ref ValueError)(msg: "vecherinka execution completed without output",
                       parent: nil)
  return block:
    let artifact_553955722 = lookup_artifact(work_plan_553955721.context,
        get(work_plan_553955721.output)).data
    const
      loc`gensym2086 = (filename: "/Users/alex/areas/productive/orchestration/src/vecherinka_comptime.nim",
        line: 1934, column: 6)
      ploc`gensym2086 = "/Users/alex/areas/productive/orchestration/src/vecherinka_comptime.nim(1934, 7)"
    bind instantiationInfo
    mixin failedAssertImpl
    {.line: (filename: "/Users/alex/areas/productive/orchestration/src/vecherinka_comptime.nim",
             line: 1934, column: 6).}:
      if not (artifact_553955722.kind == vak_3):
        failedAssertImpl("/Users/alex/areas/productive/orchestration/src/vecherinka_comptime.nim(1934, 7) `artifact_553955722.kind == vak_3` ")
    artifact_553955722.value_3

CC: system.nim
CC: tables.nim
CC: schematic-0.6.0-0399eebef41d9fcb4520a58a452733089419fbb3/schematic.nim
CC: vecherinka.nim
CC: vecherinka_stepping_stone_tests.nim
Hint:  [Link]
Hint: mm: orc; threads: on; opt: none (DEBUG BUILD, `-d:release` generates faster code)
103957 lines; 5.882s; 508.531MiB peakmem; proj: /Users/alex/areas/productive/orchestration/src/vecherinka_stepping_stone_tests.nim; out: /Users/alex/areas/productive/orchestration/src/vecherinka_stepping_stone_tests [SuccessX]
Hint: /Users/alex/areas/productive/orchestration/src/vecherinka_stepping_stone_tests stage-7 [Exec]
{"schema":"vecherinka.log.v1","seq":1,"timestamp_ns":684171236133250,"run_id":"stepping-stage-7","component":"vecherinka","event":"run.start","fields":{"run_dir":"run-7cYjGhpN","runtime_dir":"orchestration","owns_runtime":true}}
{"schema":"vecherinka.log.v1","seq":2,"timestamp_ns":684171238046791,"run_id":"stepping-stage-7","component":"vecherinka","event":"artifact.commit","fields":{"artifact_id":0,"artifact_dir":"orchestration"}}
{"schema":"vecherinka.log.v1","seq":3,"timestamp_ns":684171238096541,"run_id":"stepping-stage-7","component":"vecherinka","event":"ready.enqueue","fields":{"ready_id":1,"flow_kind":"fk_lift","input_artifact_id":0}}
{"schema":"vecherinka.log.v1","seq":4,"timestamp_ns":684171238135458,"run_id":"stepping-stage-7","component":"vecherinka","event":"ready.consume","fields":{"ready_id":1}}
{"schema":"vecherinka.log.v1","seq":5,"timestamp_ns":684171238202666,"run_id":"stepping-stage-7","component":"vecherinka","event":"invocation.start","fields":{"flow_kind":"fk_lift","input_artifact_id":0}}
{"schema":"vecherinka.log.v1","seq":6,"timestamp_ns":684171238302416,"run_id":"stepping-stage-7","component":"vecherinka","event":"join.open","fields":{"join_id":1,"kind":"jk_lift","slot_count":2}}
{"schema":"vecherinka.log.v1","seq":7,"timestamp_ns":684171238410083,"run_id":"stepping-stage-7","component":"vecherinka","event":"artifact.reserve","fields":{"artifact_id":1,"artifact_dir":"artifact-1"}}
{"schema":"vecherinka.log.v1","seq":8,"timestamp_ns":684171238433166,"run_id":"stepping-stage-7","component":"vecherinka","event":"artifact.commit","fields":{"artifact_id":1,"artifact_dir":"artifact-1"}}
{"schema":"vecherinka.log.v1","seq":9,"timestamp_ns":684171238453666,"run_id":"stepping-stage-7","component":"vecherinka","event":"ready.enqueue","fields":{"ready_id":2,"flow_kind":"fk_ref","input_artifact_id":1}}
{"schema":"vecherinka.log.v1","seq":10,"timestamp_ns":684171238530208,"run_id":"stepping-stage-7","component":"vecherinka","event":"artifact.reserve","fields":{"artifact_id":2,"artifact_dir":"artifact-2"}}
{"schema":"vecherinka.log.v1","seq":11,"timestamp_ns":684171238551625,"run_id":"stepping-stage-7","component":"vecherinka","event":"artifact.commit","fields":{"artifact_id":2,"artifact_dir":"artifact-2"}}
{"schema":"vecherinka.log.v1","seq":12,"timestamp_ns":684171238592583,"run_id":"stepping-stage-7","component":"vecherinka","event":"ready.enqueue","fields":{"ready_id":3,"flow_kind":"fk_ref","input_artifact_id":2}}
{"schema":"vecherinka.log.v1","seq":13,"timestamp_ns":684171238613541,"run_id":"stepping-stage-7","component":"vecherinka","event":"ready.consume","fields":{"ready_id":2}}
{"schema":"vecherinka.log.v1","seq":14,"timestamp_ns":684171238631875,"run_id":"stepping-stage-7","component":"vecherinka","event":"invocation.start","fields":{"flow_kind":"fk_ref","input_artifact_id":1}}
{"schema":"vecherinka.log.v1","seq":15,"timestamp_ns":684171238707166,"run_id":"stepping-stage-7","component":"vecherinka","event":"artifact.reserve","fields":{"artifact_id":3,"artifact_dir":"artifact-3"}}
{"schema":"vecherinka.log.v1","seq":16,"timestamp_ns":684171238734333,"run_id":"stepping-stage-7","component":"vecherinka","event":"model.submit","fields":{"request_id":"i:0","flow_kind":"fk_model","input_artifact_id":1,"output_artifact_id":3,"submitter":"custom","working_dir":"artifact-3"}}
{"schema":"vecherinka.log.v1","seq":17,"timestamp_ns":684171238840583,"run_id":"stepping-stage-7","component":"vecherinka","event":"ready.consume","fields":{"ready_id":3}}
{"schema":"vecherinka.log.v1","seq":18,"timestamp_ns":684171238862583,"run_id":"stepping-stage-7","component":"vecherinka","event":"invocation.start","fields":{"flow_kind":"fk_ref","input_artifact_id":2}}
{"schema":"vecherinka.log.v1","seq":19,"timestamp_ns":684171238943375,"run_id":"stepping-stage-7","component":"vecherinka","event":"artifact.reserve","fields":{"artifact_id":4,"artifact_dir":"artifact-4"}}
{"schema":"vecherinka.log.v1","seq":20,"timestamp_ns":684171238970000,"run_id":"stepping-stage-7","component":"vecherinka","event":"model.submit","fields":{"request_id":"i:1","flow_kind":"fk_model","input_artifact_id":2,"output_artifact_id":4,"submitter":"custom","working_dir":"artifact-4"}}
{"schema":"vecherinka.log.v1","seq":21,"timestamp_ns":684171239153583,"run_id":"stepping-stage-7","component":"codex","event":"agent.thread.submit","fields":{"model_request_id":"i:0","agent_id":"vecherinka-agent-i:0","request_id":"i:1"}}
{"schema":"vecherinka.log.v1","seq":22,"timestamp_ns":684171239204916,"run_id":"stepping-stage-7","component":"codex","event":"agent.thread.submit","fields":{"model_request_id":"i:1","agent_id":"vecherinka-agent-i:1","request_id":"i:2"}}
{"schema":"vecherinka.log.v1","seq":23,"timestamp_ns":684171414374916,"run_id":"stepping-stage-7","component":"codex","event":"protocol.stdout","fields":{"bytes":232}}
{"schema":"vecherinka.log.v1","seq":24,"timestamp_ns":684171414693708,"run_id":"stepping-stage-7","component":"codex","event":"protocol.stdout","fields":{"bytes":217}}
{"schema":"vecherinka.log.v1","seq":25,"timestamp_ns":684171427315041,"run_id":"stepping-stage-7","component":"codex","event":"protocol.stderr","fields":{"bytes":208}}
{"schema":"vecherinka.log.v1","seq":26,"timestamp_ns":684171427365833,"run_id":"stepping-stage-7","component":"codex","event":"protocol.stderr","fields":{"bytes":208}}
{"schema":"vecherinka.log.v1","seq":27,"timestamp_ns":684171457571375,"run_id":"stepping-stage-7","component":"codex","event":"protocol.stderr","fields":{"bytes":203}}
{"schema":"vecherinka.log.v1","seq":28,"timestamp_ns":684171457624500,"run_id":"stepping-stage-7","component":"codex","event":"protocol.stderr","fields":{"bytes":203}}
{"schema":"vecherinka.log.v1","seq":29,"timestamp_ns":684171557539083,"run_id":"stepping-stage-7","component":"codex","event":"protocol.stdout","fields":{"bytes":1349}}
{"schema":"vecherinka.log.v1","seq":30,"timestamp_ns":684171557775750,"run_id":"stepping-stage-7","component":"codex","event":"agent.goal.submit","fields":{"model_request_id":"i:1","agent_id":"vecherinka-agent-i:1","request_id":"i:3"}}
{"schema":"vecherinka.log.v1","seq":31,"timestamp_ns":684171557812625,"run_id":"stepping-stage-7","component":"codex","event":"protocol.stdout","fields":{"bytes":1349}}
{"schema":"vecherinka.log.v1","seq":32,"timestamp_ns":684171557992541,"run_id":"stepping-stage-7","component":"codex","event":"agent.goal.submit","fields":{"model_request_id":"i:0","agent_id":"vecherinka-agent-i:0","request_id":"i:4"}}
{"schema":"vecherinka.log.v1","seq":33,"timestamp_ns":684171558018833,"run_id":"stepping-stage-7","component":"codex","event":"protocol.stdout","fields":{"bytes":818}}
{"schema":"vecherinka.log.v1","seq":34,"timestamp_ns":684171558169458,"run_id":"stepping-stage-7","component":"codex","event":"protocol.stdout","fields":{"bytes":818}}
{"schema":"vecherinka.log.v1","seq":35,"timestamp_ns":684171558311208,"run_id":"stepping-stage-7","component":"codex","event":"protocol.stdout","fields":{"bytes":216}}
{"schema":"vecherinka.log.v1","seq":36,"timestamp_ns":684171558384708,"run_id":"stepping-stage-7","component":"codex","event":"protocol.stdout","fields":{"bytes":206}}
{"schema":"vecherinka.log.v1","seq":37,"timestamp_ns":684171558456125,"run_id":"stepping-stage-7","component":"codex","event":"protocol.stdout","fields":{"bytes":207}}
{"schema":"vecherinka.log.v1","seq":38,"timestamp_ns":684171558525833,"run_id":"stepping-stage-7","component":"codex","event":"protocol.stdout","fields":{"bytes":209}}
{"schema":"vecherinka.log.v1","seq":39,"timestamp_ns":684171558595416,"run_id":"stepping-stage-7","component":"codex","event":"protocol.stdout","fields":{"bytes":206}}
{"schema":"vecherinka.log.v1","seq":40,"timestamp_ns":684171558663458,"run_id":"stepping-stage-7","component":"codex","event":"protocol.stdout","fields":{"bytes":216}}
{"schema":"vecherinka.log.v1","seq":41,"timestamp_ns":684171558732458,"run_id":"stepping-stage-7","component":"codex","event":"protocol.stdout","fields":{"bytes":209}}
{"schema":"vecherinka.log.v1","seq":42,"timestamp_ns":684171558802541,"run_id":"stepping-stage-7","component":"codex","event":"protocol.stdout","fields":{"bytes":207}}
{"schema":"vecherinka.log.v1","seq":43,"timestamp_ns":684171666572125,"run_id":"stepping-stage-7","component":"codex","event":"protocol.stderr","fields":{"bytes":208}}
{"schema":"vecherinka.log.v1","seq":44,"timestamp_ns":684171668045000,"run_id":"stepping-stage-7","component":"codex","event":"protocol.stderr","fields":{"bytes":208}}
{"schema":"vecherinka.log.v1","seq":45,"timestamp_ns":684171689511666,"run_id":"stepping-stage-7","component":"codex","event":"protocol.stdout","fields":{"bytes":206}}
{"schema":"vecherinka.log.v1","seq":46,"timestamp_ns":684171695999625,"run_id":"stepping-stage-7","component":"codex","event":"protocol.stdout","fields":{"bytes":206}}
{"schema":"vecherinka.log.v1","seq":47,"timestamp_ns":684171716440916,"run_id":"stepping-stage-7","component":"codex","event":"protocol.stderr","fields":{"bytes":353}}
{"schema":"vecherinka.log.v1","seq":48,"timestamp_ns":684171716480125,"run_id":"stepping-stage-7","component":"codex","event":"protocol.stderr","fields":{"bytes":353}}
{"schema":"vecherinka.log.v1","seq":49,"timestamp_ns":684171746120208,"run_id":"stepping-stage-7","component":"codex","event":"protocol.stdout","fields":{"bytes":318}}
{"schema":"vecherinka.log.v1","seq":50,"timestamp_ns":684171746304291,"run_id":"stepping-stage-7","component":"codex","event":"agent.turn.submit","fields":{"model_request_id":"i:0","agent_id":"vecherinka-agent-i:0","request_id":"i:5"}}
{"schema":"vecherinka.log.v1","seq":51,"timestamp_ns":684171746338333,"run_id":"stepping-stage-7","component":"codex","event":"protocol.stdout","fields":{"bytes":434}}
{"schema":"vecherinka.log.v1","seq":52,"timestamp_ns":684171746435250,"run_id":"stepping-stage-7","component":"codex","event":"protocol.stdout","fields":{"bytes":318}}
{"schema":"vecherinka.log.v1","seq":53,"timestamp_ns":684171746542666,"run_id":"stepping-stage-7","component":"codex","event":"agent.turn.submit","fields":{"model_request_id":"i:1","agent_id":"vecherinka-agent-i:1","request_id":"i:6"}}
{"schema":"vecherinka.log.v1","seq":54,"timestamp_ns":684171746572583,"run_id":"stepping-stage-7","component":"codex","event":"protocol.stdout","fields":{"bytes":434}}
{"schema":"vecherinka.log.v1","seq":55,"timestamp_ns":684171751742125,"run_id":"stepping-stage-7","component":"codex","event":"protocol.stderr","fields":{"bytes":203}}
{"schema":"vecherinka.log.v1","seq":56,"timestamp_ns":684171751790125,"run_id":"stepping-stage-7","component":"codex","event":"protocol.stderr","fields":{"bytes":203}}
{"schema":"vecherinka.log.v1","seq":57,"timestamp_ns":684171768772833,"run_id":"stepping-stage-7","component":"codex","event":"protocol.stdout","fields":{"bytes":216}}
{"schema":"vecherinka.log.v1","seq":58,"timestamp_ns":684171768897833,"run_id":"stepping-stage-7","component":"codex","event":"protocol.stdout","fields":{"bytes":207}}
{"schema":"vecherinka.log.v1","seq":59,"timestamp_ns":684171768976541,"run_id":"stepping-stage-7","component":"codex","event":"protocol.stdout","fields":{"bytes":216}}
{"schema":"vecherinka.log.v1","seq":60,"timestamp_ns":684171769065291,"run_id":"stepping-stage-7","component":"codex","event":"protocol.stdout","fields":{"bytes":206}}
{"schema":"vecherinka.log.v1","seq":61,"timestamp_ns":684171769152750,"run_id":"stepping-stage-7","component":"codex","event":"protocol.stdout","fields":{"bytes":207}}
{"schema":"vecherinka.log.v1","seq":62,"timestamp_ns":684171779186750,"run_id":"stepping-stage-7","component":"codex","event":"protocol.stdout","fields":{"bytes":206}}
{"schema":"vecherinka.log.v1","seq":63,"timestamp_ns":684171814774916,"run_id":"stepping-stage-7","component":"codex","event":"protocol.stdout","fields":{"bytes":203}}
{"schema":"vecherinka.log.v1","seq":64,"timestamp_ns":684171819983000,"run_id":"stepping-stage-7","component":"codex","event":"protocol.stdout","fields":{"bytes":203}}
{"schema":"vecherinka.log.v1","seq":65,"timestamp_ns":684171827827500,"run_id":"stepping-stage-7","component":"codex","event":"protocol.stdout","fields":{"bytes":196}}
{"schema":"vecherinka.log.v1","seq":66,"timestamp_ns":684171829163750,"run_id":"stepping-stage-7","component":"codex","event":"protocol.stdout","fields":{"bytes":196}}
{"schema":"vecherinka.log.v1","seq":67,"timestamp_ns":684171842978208,"run_id":"stepping-stage-7","component":"codex","event":"protocol.stdout","fields":{"bytes":167}}
{"schema":"vecherinka.log.v1","seq":68,"timestamp_ns":684171843112416,"run_id":"stepping-stage-7","component":"codex","event":"protocol.stdout","fields":{"bytes":297}}
{"schema":"vecherinka.log.v1","seq":69,"timestamp_ns":684171844660000,"run_id":"stepping-stage-7","component":"codex","event":"protocol.stdout","fields":{"bytes":649}}
{"schema":"vecherinka.log.v1","seq":70,"timestamp_ns":684171846486250,"run_id":"stepping-stage-7","component":"codex","event":"protocol.stdout","fields":{"bytes":167}}
{"schema":"vecherinka.log.v1","seq":71,"timestamp_ns":684171846746333,"run_id":"stepping-stage-7","component":"codex","event":"protocol.stdout","fields":{"bytes":297}}
{"schema":"vecherinka.log.v1","seq":72,"timestamp_ns":684171854103958,"run_id":"stepping-stage-7","component":"codex","event":"protocol.stdout","fields":{"bytes":649}}
{"schema":"vecherinka.log.v1","seq":73,"timestamp_ns":684171959319791,"run_id":"stepping-stage-7","component":"codex","event":"protocol.stdout","fields":{"bytes":213}}
{"schema":"vecherinka.log.v1","seq":74,"timestamp_ns":684172017719666,"run_id":"stepping-stage-7","component":"codex","event":"protocol.stdout","fields":{"bytes":203}}
{"schema":"vecherinka.log.v1","seq":75,"timestamp_ns":684172035368291,"run_id":"stepping-stage-7","component":"codex","event":"protocol.stdout","fields":{"bytes":203}}
{"schema":"vecherinka.log.v1","seq":76,"timestamp_ns":684172039237208,"run_id":"stepping-stage-7","component":"codex","event":"protocol.stdout","fields":{"bytes":213}}
{"schema":"vecherinka.log.v1","seq":77,"timestamp_ns":684172145555541,"run_id":"stepping-stage-7","component":"codex","event":"protocol.stdout","fields":{"bytes":204}}
{"schema":"vecherinka.log.v1","seq":78,"timestamp_ns":684172169441500,"run_id":"stepping-stage-7","component":"codex","event":"protocol.stdout","fields":{"bytes":213}}
{"schema":"vecherinka.log.v1","seq":79,"timestamp_ns":684172219974250,"run_id":"stepping-stage-7","component":"codex","event":"protocol.stdout","fields":{"bytes":213}}
{"schema":"vecherinka.log.v1","seq":80,"timestamp_ns":684172263527125,"run_id":"stepping-stage-7","component":"codex","event":"protocol.stdout","fields":{"bytes":204}}
{"schema":"vecherinka.log.v1","seq":81,"timestamp_ns":684172263648208,"run_id":"stepping-stage-7","component":"codex","event":"protocol.stdout","fields":{"bytes":206}}
{"schema":"vecherinka.log.v1","seq":82,"timestamp_ns":684172323117750,"run_id":"stepping-stage-7","component":"codex","event":"protocol.stdout","fields":{"bytes":204}}
{"schema":"vecherinka.log.v1","seq":83,"timestamp_ns":684172323241291,"run_id":"stepping-stage-7","component":"codex","event":"protocol.stdout","fields":{"bytes":206}}
{"schema":"vecherinka.log.v1","seq":84,"timestamp_ns":684172427095541,"run_id":"stepping-stage-7","component":"codex","event":"protocol.stdout","fields":{"bytes":204}}
{"schema":"vecherinka.log.v1","seq":85,"timestamp_ns":684173340170083,"run_id":"stepping-stage-7","component":"codex","event":"protocol.stdout","fields":{"bytes":763}}
{"schema":"vecherinka.log.v1","seq":86,"timestamp_ns":684173340307500,"run_id":"stepping-stage-7","component":"codex","event":"protocol.stdout","fields":{"bytes":767}}
{"schema":"vecherinka.log.v1","seq":87,"timestamp_ns":684173528573208,"run_id":"stepping-stage-7","component":"codex","event":"protocol.stdout","fields":{"bytes":763}}
{"schema":"vecherinka.log.v1","seq":88,"timestamp_ns":684173528728083,"run_id":"stepping-stage-7","component":"codex","event":"protocol.stdout","fields":{"bytes":767}}
{"schema":"vecherinka.log.v1","seq":89,"timestamp_ns":684174260240166,"run_id":"stepping-stage-7","component":"codex","event":"protocol.stdout","fields":{"bytes":305}}
{"schema":"vecherinka.log.v1","seq":90,"timestamp_ns":684174768223375,"run_id":"stepping-stage-7","component":"codex","event":"protocol.stdout","fields":{"bytes":305}}
{"schema":"vecherinka.log.v1","seq":91,"timestamp_ns":684175145243416,"run_id":"stepping-stage-7","component":"codex","event":"protocol.stdout","fields":{"bytes":309}}
{"schema":"vecherinka.log.v1","seq":92,"timestamp_ns":684175792749875,"run_id":"stepping-stage-7","component":"codex","event":"protocol.stdout","fields":{"bytes":309}}
{"schema":"vecherinka.log.v1","seq":93,"timestamp_ns":684175796916833,"run_id":"stepping-stage-7","component":"codex","event":"protocol.stdout","fields":{"bytes":336}}
{"schema":"vecherinka.log.v1","seq":94,"timestamp_ns":684175808094750,"run_id":"stepping-stage-7","component":"codex","event":"protocol.stdout","fields":{"bytes":251}}
{"schema":"vecherinka.log.v1","seq":95,"timestamp_ns":684175808914208,"run_id":"stepping-stage-7","component":"codex","event":"protocol.stdout","fields":{"bytes":255}}
{"schema":"vecherinka.log.v1","seq":96,"timestamp_ns":684175833646416,"run_id":"stepping-stage-7","component":"codex","event":"protocol.stdout","fields":{"bytes":257}}
{"schema":"vecherinka.log.v1","seq":97,"timestamp_ns":684175843250916,"run_id":"stepping-stage-7","component":"codex","event":"protocol.stdout","fields":{"bytes":254}}
{"schema":"vecherinka.log.v1","seq":98,"timestamp_ns":684175862465625,"run_id":"stepping-stage-7","component":"codex","event":"protocol.stdout","fields":{"bytes":257}}
{"schema":"vecherinka.log.v1","seq":99,"timestamp_ns":684175869119458,"run_id":"stepping-stage-7","component":"codex","event":"protocol.stdout","fields":{"bytes":431}}
{"schema":"vecherinka.log.v1","seq":100,"timestamp_ns":684175869324416,"run_id":"stepping-stage-7","component":"codex","event":"protocol.stdout","fields":{"bytes":279}}
{"schema":"vecherinka.log.v1","seq":101,"timestamp_ns":684175869518291,"run_id":"stepping-stage-7","component":"vecherinka","event":"model.output","fields":{"request_id":"i:1","tool":"finish_work","arguments_bytes":32}}
{"schema":"vecherinka.log.v1","seq":102,"timestamp_ns":684175869787208,"run_id":"stepping-stage-7","component":"vecherinka","event":"artifact.commit","fields":{"artifact_id":4,"artifact_dir":"artifact-4"}}
{"schema":"vecherinka.log.v1","seq":103,"timestamp_ns":684175869820208,"run_id":"stepping-stage-7","component":"vecherinka","event":"model.finish","fields":{"request_id":"i:1","output_artifact_id":4}}
{"schema":"vecherinka.log.v1","seq":104,"timestamp_ns":684175869853375,"run_id":"stepping-stage-7","component":"vecherinka","event":"join.slot","fields":{"join_id":1,"slot":1,"artifact_id":4,"remaining":1}}
{"schema":"vecherinka.log.v1","seq":105,"timestamp_ns":684175874940458,"run_id":"stepping-stage-7","component":"codex","event":"protocol.stdout","fields":{"bytes":495}}
{"schema":"vecherinka.log.v1","seq":106,"timestamp_ns":684175875085416,"run_id":"stepping-stage-7","component":"codex","event":"protocol.stdout","fields":{"bytes":468}}
{"schema":"vecherinka.log.v1","seq":107,"timestamp_ns":684175882789416,"run_id":"stepping-stage-7","component":"codex","event":"protocol.stdout","fields":{"bytes":258}}
{"schema":"vecherinka.log.v1","seq":108,"timestamp_ns":684175905683708,"run_id":"stepping-stage-7","component":"codex","event":"protocol.stdout","fields":{"bytes":253}}
{"schema":"vecherinka.log.v1","seq":109,"timestamp_ns":684175905815041,"run_id":"stepping-stage-7","component":"codex","event":"protocol.stdout","fields":{"bytes":259}}
{"schema":"vecherinka.log.v1","seq":110,"timestamp_ns":684175938724166,"run_id":"stepping-stage-7","component":"codex","event":"protocol.stdout","fields":{"bytes":254}}
{"schema":"vecherinka.log.v1","seq":111,"timestamp_ns":684175960375333,"run_id":"stepping-stage-7","component":"codex","event":"protocol.stdout","fields":{"bytes":255}}
{"schema":"vecherinka.log.v1","seq":112,"timestamp_ns":684175960591958,"run_id":"stepping-stage-7","component":"codex","event":"protocol.stdout","fields":{"bytes":503}}
{"schema":"vecherinka.log.v1","seq":113,"timestamp_ns":684175960733583,"run_id":"stepping-stage-7","component":"codex","event":"protocol.stdout","fields":{"bytes":456}}
{"schema":"vecherinka.log.v1","seq":114,"timestamp_ns":684175978601416,"run_id":"stepping-stage-7","component":"codex","event":"protocol.stdout","fields":{"bytes":253}}
{"schema":"vecherinka.log.v1","seq":115,"timestamp_ns":684175985035958,"run_id":"stepping-stage-7","component":"codex","event":"protocol.stdout","fields":{"bytes":261}}
{"schema":"vecherinka.log.v1","seq":116,"timestamp_ns":684175996478625,"run_id":"stepping-stage-7","component":"codex","event":"protocol.stdout","fields":{"bytes":258}}
{"schema":"vecherinka.log.v1","seq":117,"timestamp_ns":684176027685375,"run_id":"stepping-stage-7","component":"codex","event":"protocol.stdout","fields":{"bytes":251}}
{"schema":"vecherinka.log.v1","seq":118,"timestamp_ns":684176241209875,"run_id":"stepping-stage-7","component":"codex","event":"protocol.stdout","fields":{"bytes":416}}
{"schema":"vecherinka.log.v1","seq":119,"timestamp_ns":684176947143208,"run_id":"stepping-stage-7","component":"codex","event":"protocol.stdout","fields":{"bytes":431}}
{"schema":"vecherinka.log.v1","seq":120,"timestamp_ns":684176947291958,"run_id":"stepping-stage-7","component":"codex","event":"protocol.stdout","fields":{"bytes":279}}
{"schema":"vecherinka.log.v1","seq":121,"timestamp_ns":684176947395458,"run_id":"stepping-stage-7","component":"vecherinka","event":"model.output","fields":{"request_id":"i:0","tool":"finish_work","arguments_bytes":32}}
{"schema":"vecherinka.log.v1","seq":122,"timestamp_ns":684176947496333,"run_id":"stepping-stage-7","component":"vecherinka","event":"artifact.commit","fields":{"artifact_id":3,"artifact_dir":"artifact-3"}}
{"schema":"vecherinka.log.v1","seq":123,"timestamp_ns":684176947518833,"run_id":"stepping-stage-7","component":"vecherinka","event":"model.finish","fields":{"request_id":"i:0","output_artifact_id":3}}
{"schema":"vecherinka.log.v1","seq":124,"timestamp_ns":684176947541625,"run_id":"stepping-stage-7","component":"vecherinka","event":"join.slot","fields":{"join_id":1,"slot":0,"artifact_id":3,"remaining":0}}
{"schema":"vecherinka.log.v1","seq":125,"timestamp_ns":684176947820666,"run_id":"stepping-stage-7","component":"vecherinka","event":"artifact.reserve","fields":{"artifact_id":5,"artifact_dir":"artifact-5"}}
{"schema":"vecherinka.log.v1","seq":126,"timestamp_ns":684176947870500,"run_id":"stepping-stage-7","component":"vecherinka","event":"artifact.commit","fields":{"artifact_id":5,"artifact_dir":"artifact-5"}}
{"schema":"vecherinka.log.v1","seq":127,"timestamp_ns":684176947893500,"run_id":"stepping-stage-7","component":"vecherinka","event":"join.close","fields":{"join_id":1,"output_artifact_id":5}}
{"schema":"vecherinka.log.v1","seq":128,"timestamp_ns":684176947924791,"run_id":"stepping-stage-7","component":"vecherinka","event":"run.finish","fields":{"failed":false,"finished":true}}
DIRECT_RESULT result0=stage-7-item-0-4b28 result1=stage-7-item-1-cd73
STAGE_7_ASSERTIONS lift_cardinality=true sequence_order=true exact_items=true no_unrequested_files=manual_review
