Hint: used config file '/Users/alex/.choosenim/toolchains/nim-2.3.1/config/nim.cfg' [Conf]
Hint: used config file '/Users/alex/.choosenim/toolchains/nim-2.3.1/config/config.nims' [Conf]
....................................................................................................................................
/Users/alex/areas/productive/orchestration/src/structured_log.nim(6, 30) Warning: imported and not used: 'os' [UnusedImport]
.......
/Users/alex/areas/productive/orchestration/src/codex_json.nim(634, 6) Hint: 'parse_reasoning_effort' is declared but not used [XDeclaredButNotUsed]
/Users/alex/areas/productive/orchestration/src/codex_json.nim(686, 6) Hint: 'parse_initialize_params' is declared but not used [XDeclaredButNotUsed]
/Users/alex/areas/productive/orchestration/src/codex_json.nim(723, 6) Hint: 'parse_thread_start_params' is declared but not used [XDeclaredButNotUsed]
..........
/Users/alex/areas/productive/orchestration/src/vecherinka_runtime.nim(10, 8) Hint: duplicate import of 'structured_log'; previous import here: /Users/alex/areas/productive/orchestration/src/vecherinka.nim(5, 8) [DuplicateModuleImport]
.
/Users/alex/areas/productive/orchestration/src/vecherinka_comptime.nim(4, 33) Hint: duplicate import of 'options'; previous import here: /Users/alex/areas/productive/orchestration/src/vecherinka_runtime.nim(6, 19) [DuplicateModuleImport]
/Users/alex/areas/productive/orchestration/src/vecherinka_comptime.nim(4, 42) Hint: duplicate import of 'strutils'; previous import here: /Users/alex/areas/productive/orchestration/src/vecherinka_runtime.nim(6, 43) [DuplicateModuleImport]
..................................

type
  VecherinkaArtifactKind_553648546 = enum
    vak_0, vak_1
  VecherinkaArtifact_553648547 = object
    case kind: VecherinkaArtifactKind_553648546
    of vak_0:
      value_0: BaselineInput
    of vak_1:
      value_1: BaselineOutput
proc solve(input_553648757: BaselineInput;
           transport_553648758: LlmTransport[VecherinkaArtifact_553648547] = nil;
           logger_553648759: StructuredLogger = nil): BaselineOutput =
  let data_553648760: seq[Flow[VecherinkaArtifact_553648547]] = @[Flow[
      VecherinkaArtifact_553648547](kind: fk_top, root: "baseline", entry: true, body: Flow[
      VecherinkaArtifact_553648547](kind: fk_model, submit: proc (
      model_context_553648708: RuntimeContext[VecherinkaArtifact_553648547];
      model_request_id_553648709: RequestId; model_input_553648710: VecherinkaArtifact_553648547;
      model_working_dir_553648711: Path) {.nimcall.} =
    let model_typed_input_553648712 = block:
      let artifact_553648714 = model_input_553648710
      const
        loc`gensym25 = (filename: "/Users/alex/areas/productive/orchestration/src/vecherinka_comptime.nim",
          line: 1934, column: 6)
        ploc`gensym25 = "/Users/alex/areas/productive/orchestration/src/vecherinka_comptime.nim(1934, 7)"
      bind instantiationInfo
      mixin failedAssertImpl
      {.line: (filename: "/Users/alex/areas/productive/orchestration/src/vecherinka_comptime.nim",
               line: 1934, column: 6).}:
        if not (artifact_553648714.kind == vak_0):
          failedAssertImpl("/Users/alex/areas/productive/orchestration/src/vecherinka_comptime.nim(1934, 7) `artifact_553648714.kind == vak_0` ")
      artifact_553648714.value_0
    try:
      let model_materialized_input_553648713 = proc (
          materializer_input_553648715: BaselineInput;
          materializer_runtime_dir_553648716, materializer_artifact_dir_553648717: Path;
          materializer_initial_instructions_553648718: string): string {.nimcall.} = result =
        var materialized_instructions_553648719 = materializer_initial_instructions_553648718
        var materialized_names_553648720: seq[string] = @[]
        add(materialized_instructions_553648719,
            "input.marker: string = " & $materializer_input_553648715.marker & "\n")
        materialized_instructions_553648719(model_typed_input_553648712,
          model_context_553648708.runtime_dir, model_working_dir_553648711, "")
      let model_output_contract_553648745 = schemaOf(T)
      let model_output_schema_553648746 = toJsonSchema(model_output_contract_553648745)
      let model_materializer_553648747 = proc (model_output_kind_553648670: int;
          model_output_553648671: LlmOutput): ModelMaterialization[
          VecherinkaArtifact_553648547] {.nimcall, noinit.} = case model_output_kind_553648670
      of 1:
        let model_output_contract_553648672 = schemaOf(T)
        let model_parsed_output_553648673 = tryParse(model_output_contract_553648672,
            model_output_553648671.arguments)
        if not model_parsed_output_553648673.ok:
          return ModelMaterialization[VecherinkaArtifact_553648547](ok: false, error: "invalid finish_work result (" &
              $len(model_parsed_output_553648673.issues) &
              " schema issues)")
        var location_errors_553648683 = ""
        if (
          not (len(location_errors_553648683) == 0)):
          return ModelMaterialization[VecherinkaArtifact_553648547](ok: false,
              error: "invalid finish_work locations: " & location_errors_553648683)
        return ModelMaterialization[VecherinkaArtifact_553648547](ok: true, value: VecherinkaArtifact_553648547(
            kind: vak_1, value_1: model_parsed_output_553648673.value))
      else:
        return ModelMaterialization[VecherinkaArtifact_553648547](ok: false,
            error: "unexpected model output kind")
      let model_tool_data_553648748 = register_llm_tool_binding(
          cast[pointer](model_context_553648708), model_request_id_553648709, 1,
          cast[pointer](model_materializer_553648747))
      var model_tools_553648749: DynamicToolRegistry = @[]
      register_dynamic_tool(model_tools_553648749, "finish_work", default_agent_prompt_templates.finish_work_description,
                            model_output_schema_553648746, model_tool_data_553648748, proc (
          tool_data`gensym11: pointer; tool_context`gensym11: ToolCallContext) {.
          nimcall, gcsafe.} = {.cast(gcsafe).}:
        let binding`gensym11 = lookup_llm_tool_binding(tool_data`gensym11)
        if isNone(binding`gensym11):
          return
        let data`gensym11 = get(binding`gensym11)
        enqueue_llm_output_event(cast[RuntimeContext[VecherinkaArtifact_553648547]](data`gensym11.context),
                                 data`gensym11.request_id,
                                 data`gensym11.output_kind, cast[ModelMaterializer[
            VecherinkaArtifact_553648547]](data`gensym11.materializer),
                                 data`gensym11.id, tool_context`gensym11))
      let llm_spec_553648754 = LlmCallSpec[VecherinkaArtifact_553648547](
          profile: profile,
          prompt: "Copy marker exactly into answer. Do not create files.",
          prompt_templates: default_agent_prompt_templates,
          materialized_input: model_materialized_input_553648713,
          runtime_dir: model_context_553648708.runtime_dir,
          working_dir: model_working_dir_553648711, tools: model_tools_553648749,
          output_kind: 1, materialize: model_materializer_553648747)
      submit_llm(model_context_553648708, model_request_id_553648709, llm_spec_553648754)
    except CatchableError as error`gensym14:
      let event`gensym14 = RuntimeEvent[VecherinkaArtifact_553648547](
          kind: rev_model_error, request_id: model_request_id_553648709,
          error_message: error`gensym14.msg)
      enqueue_runtime_event(model_context_553648708, event`gensym14)))]
  let input_artifact_553648761 = VecherinkaArtifact_553648547(kind: vak_0,
      value_0: input_553648757)
  let work_plan_553648762 = execute_flows(data_553648760, input_artifact_553648761,
      nil, transport_553648758, nil, logger_553648759)
  if isNone(work_plan_553648762.output):
    if isSome(work_plan_553648762.failure_message):
      raise
        (ref ValueError)(msg: get(work_plan_553648762.failure_message),
                         parent: nil)
    raise
      (ref ValueError)(msg: "vecherinka execution completed without output",
                       parent: nil)
  return block:
    let artifact_553648763 = lookup_artifact(work_plan_553648762.context,
        get(work_plan_553648762.output)).data
    const
      loc`gensym238 = (filename: "/Users/alex/areas/productive/orchestration/src/vecherinka_comptime.nim",
        line: 1934, column: 6)
      ploc`gensym238 = "/Users/alex/areas/productive/orchestration/src/vecherinka_comptime.nim(1934, 7)"
    bind instantiationInfo
    mixin failedAssertImpl
    {.line: (filename: "/Users/alex/areas/productive/orchestration/src/vecherinka_comptime.nim",
             line: 1934, column: 6).}:
      if not (artifact_553648763.kind == vak_1):
        failedAssertImpl("/Users/alex/areas/productive/orchestration/src/vecherinka_comptime.nim(1934, 7) `artifact_553648763.kind == vak_1` ")
    artifact_553648763.value_1


type
  VecherinkaArtifactKind_553687917 = enum
    vak_0, vak_1
  VecherinkaArtifact_553687918 = object
    case kind: VecherinkaArtifactKind_553687917
    of vak_0:
      value_0: Stage1Input
    of vak_1:
      value_1: Stage1Output
proc solve_stage_1(input_553687981: Stage1Input;
                   transport_553687982: LlmTransport[VecherinkaArtifact_553687918] = nil;
                   logger_553687983: StructuredLogger = nil): Stage1Output =
  let data_553687984: seq[Flow[VecherinkaArtifact_553687918]] = @[Flow[
      VecherinkaArtifact_553687918](kind: fk_top, root: "copy_fields",
                                    entry: true, body: Flow[VecherinkaArtifact_553687918](
      kind: fk_model, submit: proc (model_context_553687948: RuntimeContext[
      VecherinkaArtifact_553687918]; model_request_id_553687949: RequestId;
                                    model_input_553687950: VecherinkaArtifact_553687918;
                                    model_working_dir_553687951: Path) {.nimcall.} =
    let model_typed_input_553687952 = block:
      let artifact_553687954 = model_input_553687950
      const
        loc`gensym265 = (filename: "/Users/alex/areas/productive/orchestration/src/vecherinka_comptime.nim",
          line: 1934, column: 6)
        ploc`gensym265 = "/Users/alex/areas/productive/orchestration/src/vecherinka_comptime.nim(1934, 7)"
      bind instantiationInfo
      mixin failedAssertImpl
      {.line: (filename: "/Users/alex/areas/productive/orchestration/src/vecherinka_comptime.nim",
               line: 1934, column: 6).}:
        if not (artifact_553687954.kind == vak_0):
          failedAssertImpl("/Users/alex/areas/productive/orchestration/src/vecherinka_comptime.nim(1934, 7) `artifact_553687954.kind == vak_0` ")
      artifact_553687954.value_0
    try:
      let model_materialized_input_553687953 = proc (
          materializer_input_553687955: Stage1Input;
          materializer_runtime_dir_553687956, materializer_artifact_dir_553687957: Path;
          materializer_initial_instructions_553687958: string): string {.nimcall.} = result =
        var materialized_instructions_553687959 = materializer_initial_instructions_553687958
        var materialized_names_553687960: seq[string] = @[]
        add(materialized_instructions_553687959,
            "input.first: string = " & $materializer_input_553687955.first & "\n")
        add(materialized_instructions_553687959,
            "input.second: string = " & $materializer_input_553687955.second & "\n")
        materialized_instructions_553687959(model_typed_input_553687952,
          model_context_553687948.runtime_dir, model_working_dir_553687951, "")
      let model_output_contract_553687969 = schemaOf(T)
      let model_output_schema_553687970 = toJsonSchema(model_output_contract_553687969)
      let model_materializer_553687971 = proc (model_output_kind_553687927: int;
          model_output_553687928: LlmOutput): ModelMaterialization[
          VecherinkaArtifact_553687918] {.nimcall, noinit.} = case model_output_kind_553687927
      of 1:
        let model_output_contract_553687929 = schemaOf(T)
        let model_parsed_output_553687930 = tryParse(model_output_contract_553687929,
            model_output_553687928.arguments)
        if not model_parsed_output_553687930.ok:
          return ModelMaterialization[VecherinkaArtifact_553687918](ok: false, error: "invalid finish_work result (" &
              $len(model_parsed_output_553687930.issues) &
              " schema issues)")
        var location_errors_553687939 = ""
        if (
          not (len(location_errors_553687939) == 0)):
          return ModelMaterialization[VecherinkaArtifact_553687918](ok: false,
              error: "invalid finish_work locations: " & location_errors_553687939)
        return ModelMaterialization[VecherinkaArtifact_553687918](ok: true, value: VecherinkaArtifact_553687918(
            kind: vak_1, value_1: model_parsed_output_553687930.value))
      else:
        return ModelMaterialization[VecherinkaArtifact_553687918](ok: false,
            error: "unexpected model output kind")
      let model_tool_data_553687972 = register_llm_tool_binding(
          cast[pointer](model_context_553687948), model_request_id_553687949, 1,
          cast[pointer](model_materializer_553687971))
      var model_tools_553687973: DynamicToolRegistry = @[]
      register_dynamic_tool(model_tools_553687973, "finish_work", default_agent_prompt_templates.finish_work_description,
                            model_output_schema_553687970, model_tool_data_553687972, proc (
          tool_data`gensym251: pointer; tool_context`gensym251: ToolCallContext) {.
          nimcall, gcsafe.} = {.cast(gcsafe).}:
        let binding`gensym251 = lookup_llm_tool_binding(tool_data`gensym251)
        if isNone(binding`gensym251):
          return
        let data`gensym251 = get(binding`gensym251)
        enqueue_llm_output_event(cast[RuntimeContext[VecherinkaArtifact_553687918]](data`gensym251.context),
                                 data`gensym251.request_id,
                                 data`gensym251.output_kind, cast[ModelMaterializer[
            VecherinkaArtifact_553687918]](data`gensym251.materializer),
                                 data`gensym251.id, tool_context`gensym251))
      let llm_spec_553687978 = LlmCallSpec[VecherinkaArtifact_553687918](
          profile: profile, prompt: "Copy first into first_copy and second into second_copy. Do not create files.",
          prompt_templates: default_agent_prompt_templates,
          materialized_input: model_materialized_input_553687953,
          runtime_dir: model_context_553687948.runtime_dir,
          working_dir: model_working_dir_553687951, tools: model_tools_553687973,
          output_kind: 1, materialize: model_materializer_553687971)
      submit_llm(model_context_553687948, model_request_id_553687949, llm_spec_553687978)
    except CatchableError as error`gensym254:
      let event`gensym254 = RuntimeEvent[VecherinkaArtifact_553687918](
          kind: rev_model_error, request_id: model_request_id_553687949,
          error_message: error`gensym254.msg)
      enqueue_runtime_event(model_context_553687948, event`gensym254)))]
  let input_artifact_553687985 = VecherinkaArtifact_553687918(kind: vak_0,
      value_0: input_553687981)
  let work_plan_553687986 = execute_flows(data_553687984, input_artifact_553687985,
      nil, transport_553687982, nil, logger_553687983)
  if isNone(work_plan_553687986.output):
    if isSome(work_plan_553687986.failure_message):
      raise
        (ref ValueError)(msg: get(work_plan_553687986.failure_message),
                         parent: nil)
    raise
      (ref ValueError)(msg: "vecherinka execution completed without output",
                       parent: nil)
  return block:
    let artifact_553687987 = lookup_artifact(work_plan_553687986.context,
        get(work_plan_553687986.output)).data
    const
      loc`gensym448 = (filename: "/Users/alex/areas/productive/orchestration/src/vecherinka_comptime.nim",
        line: 1934, column: 6)
      ploc`gensym448 = "/Users/alex/areas/productive/orchestration/src/vecherinka_comptime.nim(1934, 7)"
    bind instantiationInfo
    mixin failedAssertImpl
    {.line: (filename: "/Users/alex/areas/productive/orchestration/src/vecherinka_comptime.nim",
             line: 1934, column: 6).}:
      if not (artifact_553687987.kind == vak_1):
        failedAssertImpl("/Users/alex/areas/productive/orchestration/src/vecherinka_comptime.nim(1934, 7) `artifact_553687987.kind == vak_1` ")
    artifact_553687987.value_1


type
  VecherinkaArtifactKind_553725960 = enum
    vak_0, vak_1, vak_2
  VecherinkaArtifact_553725961 = object
    case kind: VecherinkaArtifactKind_553725960
    of vak_0:
      value_0: Stage2Intermediate
    of vak_1:
      value_1: Stage2Output
    of vak_2:
      value_2: Stage2Input
proc solve_stage_2(input_553726048: Stage2Input;
                   transport_553726049: LlmTransport[VecherinkaArtifact_553725961] = nil;
                   logger_553726050: StructuredLogger = nil): Stage2Output =
  let data_553726051: seq[Flow[VecherinkaArtifact_553725961]] = @[Flow[
      VecherinkaArtifact_553725961](kind: fk_top, root: "finalise",
                                    entry: false, body: Flow[VecherinkaArtifact_553725961](
      kind: fk_model, submit: proc (model_context_553725979: RuntimeContext[
      VecherinkaArtifact_553725961]; model_request_id_553725980: RequestId;
                                    model_input_553725981: VecherinkaArtifact_553725961;
                                    model_working_dir_553725982: Path) {.nimcall.} =
    let model_typed_input_553725983 = block:
      let artifact_553725985 = model_input_553725981
      const
        loc`gensym485 = (filename: "/Users/alex/areas/productive/orchestration/src/vecherinka_comptime.nim",
          line: 1934, column: 6)
        ploc`gensym485 = "/Users/alex/areas/productive/orchestration/src/vecherinka_comptime.nim(1934, 7)"
      bind instantiationInfo
      mixin failedAssertImpl
      {.line: (filename: "/Users/alex/areas/productive/orchestration/src/vecherinka_comptime.nim",
               line: 1934, column: 6).}:
        if not (artifact_553725985.kind == vak_0):
          failedAssertImpl("/Users/alex/areas/productive/orchestration/src/vecherinka_comptime.nim(1934, 7) `artifact_553725985.kind == vak_0` ")
      artifact_553725985.value_0
    try:
      let model_materialized_input_553725984 = proc (
          materializer_input_553725986: Stage2Intermediate;
          materializer_runtime_dir_553725987, materializer_artifact_dir_553725988: Path;
          materializer_initial_instructions_553725989: string): string {.nimcall.} = result =
        var materialized_instructions_553725990 = materializer_initial_instructions_553725989
        var materialized_names_553725991: seq[string] = @[]
        add(materialized_instructions_553725990,
            "input.payload: string = " & $materializer_input_553725986.payload & "\n")
        materialized_instructions_553725990(model_typed_input_553725983,
          model_context_553725979.runtime_dir, model_working_dir_553725982, "")
      let model_output_contract_553725996 = schemaOf(T)
      let model_output_schema_553725997 = toJsonSchema(model_output_contract_553725996)
      let model_materializer_553725998 = proc (model_output_kind_553725966: int;
          model_output_553725967: LlmOutput): ModelMaterialization[
          VecherinkaArtifact_553725961] {.nimcall, noinit.} = case model_output_kind_553725966
      of 1:
        let model_output_contract_553725968 = schemaOf(T)
        let model_parsed_output_553725969 = tryParse(model_output_contract_553725968,
            model_output_553725967.arguments)
        if not model_parsed_output_553725969.ok:
          return ModelMaterialization[VecherinkaArtifact_553725961](ok: false, error: "invalid finish_work result (" &
              $len(model_parsed_output_553725969.issues) &
              " schema issues)")
        var location_errors_553725974 = ""
        if (
          not (len(location_errors_553725974) == 0)):
          return ModelMaterialization[VecherinkaArtifact_553725961](ok: false,
              error: "invalid finish_work locations: " & location_errors_553725974)
        return ModelMaterialization[VecherinkaArtifact_553725961](ok: true, value: VecherinkaArtifact_553725961(
            kind: vak_1, value_1: model_parsed_output_553725969.value))
      else:
        return ModelMaterialization[VecherinkaArtifact_553725961](ok: false,
            error: "unexpected model output kind")
      let model_tool_data_553725999 = register_llm_tool_binding(
          cast[pointer](model_context_553725979), model_request_id_553725980, 1,
          cast[pointer](model_materializer_553725998))
      var model_tools_553726000: DynamicToolRegistry = @[]
      register_dynamic_tool(model_tools_553726000, "finish_work", default_agent_prompt_templates.finish_work_description,
                            model_output_schema_553725997, model_tool_data_553725999, proc (
          tool_data`gensym464: pointer; tool_context`gensym464: ToolCallContext) {.
          nimcall, gcsafe.} = {.cast(gcsafe).}:
        let binding`gensym464 = lookup_llm_tool_binding(tool_data`gensym464)
        if isNone(binding`gensym464):
          return
        let data`gensym464 = get(binding`gensym464)
        enqueue_llm_output_event(cast[RuntimeContext[VecherinkaArtifact_553725961]](data`gensym464.context),
                                 data`gensym464.request_id,
                                 data`gensym464.output_kind, cast[ModelMaterializer[
            VecherinkaArtifact_553725961]](data`gensym464.materializer),
                                 data`gensym464.id, tool_context`gensym464))
      let llm_spec_553726005 = LlmCallSpec[VecherinkaArtifact_553725961](
          profile: profile,
          prompt: "Copy payload exactly into answer. Do not create files.",
          prompt_templates: default_agent_prompt_templates,
          materialized_input: model_materialized_input_553725984,
          runtime_dir: model_context_553725979.runtime_dir,
          working_dir: model_working_dir_553725982, tools: model_tools_553726000,
          output_kind: 1, materialize: model_materializer_553725998)
      submit_llm(model_context_553725979, model_request_id_553725980, llm_spec_553726005)
    except CatchableError as error`gensym467:
      let event`gensym467 = RuntimeEvent[VecherinkaArtifact_553725961](
          kind: rev_model_error, request_id: model_request_id_553725980,
          error_message: error`gensym467.msg)
      enqueue_runtime_event(model_context_553725979, event`gensym467))), Flow[
      VecherinkaArtifact_553725961](kind: fk_top, root: "seed_then_run",
                                    entry: true, body: Flow[VecherinkaArtifact_553725961](
      kind: fk_so, execute: proc (so_artifact_553726037: VecherinkaArtifact_553725961): Flow[
      VecherinkaArtifact_553725961] {.nimcall.} = result =
    let so_input_553726038 = block:
      let artifact_553726039 = so_artifact_553726037
      const
        loc`gensym510 = (filename: "/Users/alex/areas/productive/orchestration/src/vecherinka_comptime.nim",
          line: 1934, column: 6)
        ploc`gensym510 = "/Users/alex/areas/productive/orchestration/src/vecherinka_comptime.nim(1934, 7)"
      bind instantiationInfo
      mixin failedAssertImpl
      {.line: (filename: "/Users/alex/areas/productive/orchestration/src/vecherinka_comptime.nim",
               line: 1934, column: 6).}:
        if not (artifact_553726039.kind == vak_2):
          failedAssertImpl("/Users/alex/areas/productive/orchestration/src/vecherinka_comptime.nim(1934, 7) `artifact_553726039.kind == vak_2` ")
      artifact_553726039.value_2
    Flow[VecherinkaArtifact_553725961](kind: fk_raw, value: VecherinkaArtifact_553725961(
        kind: vak_0, value_0: Stage2Intermediate(payload: so_input_553726038.marker)), continuation: Flow[
        VecherinkaArtifact_553725961](kind: fk_ref, name: "finalise"))))]
  let input_artifact_553726052 = VecherinkaArtifact_553725961(kind: vak_2,
      value_2: input_553726048)
  let work_plan_553726053 = execute_flows(data_553726051, input_artifact_553726052,
      nil, transport_553726049, nil, logger_553726050)
  if isNone(work_plan_553726053.output):
    if isSome(work_plan_553726053.failure_message):
      raise
        (ref ValueError)(msg: get(work_plan_553726053.failure_message),
                         parent: nil)
    raise
      (ref ValueError)(msg: "vecherinka execution completed without output",
                       parent: nil)
  return block:
    let artifact_553726054 = lookup_artifact(work_plan_553726053.context,
        get(work_plan_553726053.output)).data
    const
      loc`gensym670 = (filename: "/Users/alex/areas/productive/orchestration/src/vecherinka_comptime.nim",
        line: 1934, column: 6)
      ploc`gensym670 = "/Users/alex/areas/productive/orchestration/src/vecherinka_comptime.nim(1934, 7)"
    bind instantiationInfo
    mixin failedAssertImpl
    {.line: (filename: "/Users/alex/areas/productive/orchestration/src/vecherinka_comptime.nim",
             line: 1934, column: 6).}:
      if not (artifact_553726054.kind == vak_1):
        failedAssertImpl("/Users/alex/areas/productive/orchestration/src/vecherinka_comptime.nim(1934, 7) `artifact_553726054.kind == vak_1` ")
    artifact_553726054.value_1


type
  VecherinkaArtifactKind_553764147 = enum
    vak_0, vak_1, vak_2, vak_3, vak_4
  VecherinkaArtifact_553764148 = object
    case kind: VecherinkaArtifactKind_553764147
    of vak_0:
      value_0: (Stage3Left, Stage3Right)
    of vak_1:
      value_1: Stage3Output
    of vak_2:
      value_2: Stage3Input
    of vak_3:
      value_3: Stage3Left
    of vak_4:
      value_4: Stage3Right
proc solve_stage_3(input_553764316: Stage3Input;
                   transport_553764317: LlmTransport[VecherinkaArtifact_553764148] = nil;
                   logger_553764318: StructuredLogger = nil): Stage3Output =
  let data_553764319: seq[Flow[VecherinkaArtifact_553764148]] = @[Flow[
      VecherinkaArtifact_553764148](kind: fk_top, root: "merge_fan",
                                    entry: false, body: Flow[VecherinkaArtifact_553764148](
      kind: fk_model, submit: proc (model_context_553764178: RuntimeContext[
      VecherinkaArtifact_553764148]; model_request_id_553764179: RequestId;
                                    model_input_553764180: VecherinkaArtifact_553764148;
                                    model_working_dir_553764181: Path) {.nimcall.} =
    let model_typed_input_553764182 = block:
      let artifact_553764184 = model_input_553764180
      const
        loc`gensym734 = (filename: "/Users/alex/areas/productive/orchestration/src/vecherinka_comptime.nim",
          line: 1934, column: 6)
        ploc`gensym734 = "/Users/alex/areas/productive/orchestration/src/vecherinka_comptime.nim(1934, 7)"
      bind instantiationInfo
      mixin failedAssertImpl
      {.line: (filename: "/Users/alex/areas/productive/orchestration/src/vecherinka_comptime.nim",
               line: 1934, column: 6).}:
        if not (artifact_553764184.kind == vak_0):
          failedAssertImpl("/Users/alex/areas/productive/orchestration/src/vecherinka_comptime.nim(1934, 7) `artifact_553764184.kind == vak_0` ")
      artifact_553764184.value_0
    try:
      let model_materialized_input_553764183 = proc (
          materializer_input_553764185: (Stage3Left, Stage3Right);
          materializer_runtime_dir_553764186, materializer_artifact_dir_553764187: Path;
          materializer_initial_instructions_553764188: string): string {.nimcall.} = result =
        var materialized_instructions_553764189 = materializer_initial_instructions_553764188
        var materialized_names_553764190: seq[string] = @[]
        add(materialized_instructions_553764189, "input[0].left_value: string = " &
            $materializer_input_553764185[0].left_value &
            "\n")
        add(materialized_instructions_553764189, "input[1].right_value: string = " &
            $materializer_input_553764185[1].right_value &
            "\n")
        materialized_instructions_553764189(model_typed_input_553764182,
          model_context_553764178.runtime_dir, model_working_dir_553764181, "")
      let model_output_contract_553764199 = schemaOf(T)
      let model_output_schema_553764200 = toJsonSchema(model_output_contract_553764199)
      let model_materializer_553764201 = proc (model_output_kind_553764157: int;
          model_output_553764158: LlmOutput): ModelMaterialization[
          VecherinkaArtifact_553764148] {.nimcall, noinit.} = case model_output_kind_553764157
      of 1:
        let model_output_contract_553764159 = schemaOf(T)
        let model_parsed_output_553764160 = tryParse(model_output_contract_553764159,
            model_output_553764158.arguments)
        if not model_parsed_output_553764160.ok:
          return ModelMaterialization[VecherinkaArtifact_553764148](ok: false, error: "invalid finish_work result (" &
              $len(model_parsed_output_553764160.issues) &
              " schema issues)")
        var location_errors_553764169 = ""
        if (
          not (len(location_errors_553764169) == 0)):
          return ModelMaterialization[VecherinkaArtifact_553764148](ok: false,
              error: "invalid finish_work locations: " & location_errors_553764169)
        return ModelMaterialization[VecherinkaArtifact_553764148](ok: true, value: VecherinkaArtifact_553764148(
            kind: vak_1, value_1: model_parsed_output_553764160.value))
      else:
        return ModelMaterialization[VecherinkaArtifact_553764148](ok: false,
            error: "unexpected model output kind")
      let model_tool_data_553764202 = register_llm_tool_binding(
          cast[pointer](model_context_553764178), model_request_id_553764179, 1,
          cast[pointer](model_materializer_553764201))
      var model_tools_553764203: DynamicToolRegistry = @[]
      register_dynamic_tool(model_tools_553764203, "finish_work", default_agent_prompt_templates.finish_work_description,
                            model_output_schema_553764200, model_tool_data_553764202, proc (
          tool_data`gensym687: pointer; tool_context`gensym687: ToolCallContext) {.
          nimcall, gcsafe.} = {.cast(gcsafe).}:
        let binding`gensym687 = lookup_llm_tool_binding(tool_data`gensym687)
        if isNone(binding`gensym687):
          return
        let data`gensym687 = get(binding`gensym687)
        enqueue_llm_output_event(cast[RuntimeContext[VecherinkaArtifact_553764148]](data`gensym687.context),
                                 data`gensym687.request_id,
                                 data`gensym687.output_kind, cast[ModelMaterializer[
            VecherinkaArtifact_553764148]](data`gensym687.materializer),
                                 data`gensym687.id, tool_context`gensym687))
      let llm_spec_553764208 = LlmCallSpec[VecherinkaArtifact_553764148](
          profile: profile, prompt: "Copy left_value exactly into left. Copy right_value exactly into right. Do not create files.",
          prompt_templates: default_agent_prompt_templates,
          materialized_input: model_materialized_input_553764183,
          runtime_dir: model_context_553764178.runtime_dir,
          working_dir: model_working_dir_553764181, tools: model_tools_553764203,
          output_kind: 1, materialize: model_materializer_553764201)
      submit_llm(model_context_553764178, model_request_id_553764179, llm_spec_553764208)
    except CatchableError as error`gensym690:
      let event`gensym690 = RuntimeEvent[VecherinkaArtifact_553764148](
          kind: rev_model_error, request_id: model_request_id_553764179,
          error_message: error`gensym690.msg)
      enqueue_runtime_event(model_context_553764178, event`gensym690))), Flow[
      VecherinkaArtifact_553764148](kind: fk_top, root: "fan_entry",
                                    entry: true, body: Flow[VecherinkaArtifact_553764148](
      kind: fk_fanout, branches: @[Flow[VecherinkaArtifact_553764148](
      kind: fk_model, submit: proc (model_context_553764238: RuntimeContext[
      VecherinkaArtifact_553764148]; model_request_id_553764239: RequestId;
                                    model_input_553764240: VecherinkaArtifact_553764148;
                                    model_working_dir_553764241: Path) {.nimcall.} =
    let model_typed_input_553764242 = block:
      let artifact_553764244 = model_input_553764240
      const
        loc`gensym759 = (filename: "/Users/alex/areas/productive/orchestration/src/vecherinka_comptime.nim",
          line: 1934, column: 6)
        ploc`gensym759 = "/Users/alex/areas/productive/orchestration/src/vecherinka_comptime.nim(1934, 7)"
      bind instantiationInfo
      mixin failedAssertImpl
      {.line: (filename: "/Users/alex/areas/productive/orchestration/src/vecherinka_comptime.nim",
               line: 1934, column: 6).}:
        if not (artifact_553764244.kind == vak_2):
          failedAssertImpl("/Users/alex/areas/productive/orchestration/src/vecherinka_comptime.nim(1934, 7) `artifact_553764244.kind == vak_2` ")
      artifact_553764244.value_2
    try:
      let model_materialized_input_553764243 = proc (
          materializer_input_553764245: Stage3Input;
          materializer_runtime_dir_553764246, materializer_artifact_dir_553764247: Path;
          materializer_initial_instructions_553764248: string): string {.nimcall.} = result =
        var materialized_instructions_553764249 = materializer_initial_instructions_553764248
        var materialized_names_553764250: seq[string] = @[]
        add(materialized_instructions_553764249,
            "input.marker: string = " & $materializer_input_553764245.marker & "\n")
        materialized_instructions_553764249(model_typed_input_553764242,
          model_context_553764238.runtime_dir, model_working_dir_553764241, "")
      let model_output_contract_553764255 = schemaOf(T)
      let model_output_schema_553764256 = toJsonSchema(model_output_contract_553764255)
      let model_materializer_553764257 = proc (model_output_kind_553764225: int;
          model_output_553764226: LlmOutput): ModelMaterialization[
          VecherinkaArtifact_553764148] {.nimcall, noinit.} = case model_output_kind_553764225
      of 3:
        let model_output_contract_553764227 = schemaOf(T)
        let model_parsed_output_553764228 = tryParse(model_output_contract_553764227,
            model_output_553764226.arguments)
        if not model_parsed_output_553764228.ok:
          return ModelMaterialization[VecherinkaArtifact_553764148](ok: false, error: "invalid finish_work result (" &
              $len(model_parsed_output_553764228.issues) &
              " schema issues)")
        var location_errors_553764233 = ""
        if (
          not (len(location_errors_553764233) == 0)):
          return ModelMaterialization[VecherinkaArtifact_553764148](ok: false,
              error: "invalid finish_work locations: " & location_errors_553764233)
        return ModelMaterialization[VecherinkaArtifact_553764148](ok: true, value: VecherinkaArtifact_553764148(
            kind: vak_3, value_3: model_parsed_output_553764228.value))
      else:
        return ModelMaterialization[VecherinkaArtifact_553764148](ok: false,
            error: "unexpected model output kind")
      let model_tool_data_553764258 = register_llm_tool_binding(
          cast[pointer](model_context_553764238), model_request_id_553764239, 3,
          cast[pointer](model_materializer_553764257))
      var model_tools_553764259: DynamicToolRegistry = @[]
      register_dynamic_tool(model_tools_553764259, "finish_work", default_agent_prompt_templates.finish_work_description,
                            model_output_schema_553764256, model_tool_data_553764258, proc (
          tool_data`gensym701: pointer; tool_context`gensym701: ToolCallContext) {.
          nimcall, gcsafe.} = {.cast(gcsafe).}:
        let binding`gensym701 = lookup_llm_tool_binding(tool_data`gensym701)
        if isNone(binding`gensym701):
          return
        let data`gensym701 = get(binding`gensym701)
        enqueue_llm_output_event(cast[RuntimeContext[VecherinkaArtifact_553764148]](data`gensym701.context),
                                 data`gensym701.request_id,
                                 data`gensym701.output_kind, cast[ModelMaterializer[
            VecherinkaArtifact_553764148]](data`gensym701.materializer),
                                 data`gensym701.id, tool_context`gensym701))
      let llm_spec_553764264 = LlmCallSpec[VecherinkaArtifact_553764148](
          profile: profile,
          prompt: "Copy marker exactly into left_value. Do not create files.",
          prompt_templates: default_agent_prompt_templates,
          materialized_input: model_materialized_input_553764243,
          runtime_dir: model_context_553764238.runtime_dir,
          working_dir: model_working_dir_553764241, tools: model_tools_553764259,
          output_kind: 3, materialize: model_materializer_553764257)
      submit_llm(model_context_553764238, model_request_id_553764239, llm_spec_553764264)
    except CatchableError as error`gensym704:
      let event`gensym704 = RuntimeEvent[VecherinkaArtifact_553764148](
          kind: rev_model_error, request_id: model_request_id_553764239,
          error_message: error`gensym704.msg)
      enqueue_runtime_event(model_context_553764238, event`gensym704)), Flow[
      VecherinkaArtifact_553764148](kind: fk_model, submit: proc (
      model_context_553764284: RuntimeContext[VecherinkaArtifact_553764148];
      model_request_id_553764285: RequestId; model_input_553764286: VecherinkaArtifact_553764148;
      model_working_dir_553764287: Path) {.nimcall.} =
    let model_typed_input_553764288 = block:
      let artifact_553764290 = model_input_553764286
      const
        loc`gensym764 = (filename: "/Users/alex/areas/productive/orchestration/src/vecherinka_comptime.nim",
          line: 1934, column: 6)
        ploc`gensym764 = "/Users/alex/areas/productive/orchestration/src/vecherinka_comptime.nim(1934, 7)"
      bind instantiationInfo
      mixin failedAssertImpl
      {.line: (filename: "/Users/alex/areas/productive/orchestration/src/vecherinka_comptime.nim",
               line: 1934, column: 6).}:
        if not (artifact_553764290.kind == vak_2):
          failedAssertImpl("/Users/alex/areas/productive/orchestration/src/vecherinka_comptime.nim(1934, 7) `artifact_553764290.kind == vak_2` ")
      artifact_553764290.value_2
    try:
      let model_materialized_input_553764289 = proc (
          materializer_input_553764291: Stage3Input;
          materializer_runtime_dir_553764292, materializer_artifact_dir_553764293: Path;
          materializer_initial_instructions_553764294: string): string {.nimcall.} = result =
        var materialized_instructions_553764295 = materializer_initial_instructions_553764294
        var materialized_names_553764296: seq[string] = @[]
        add(materialized_instructions_553764295,
            "input.marker: string = " & $materializer_input_553764291.marker & "\n")
        materialized_instructions_553764295(model_typed_input_553764288,
          model_context_553764284.runtime_dir, model_working_dir_553764287, "")
      let model_output_contract_553764301 = schemaOf(T)
      let model_output_schema_553764302 = toJsonSchema(model_output_contract_553764301)
      let model_materializer_553764303 = proc (model_output_kind_553764271: int;
          model_output_553764272: LlmOutput): ModelMaterialization[
          VecherinkaArtifact_553764148] {.nimcall, noinit.} = case model_output_kind_553764271
      of 4:
        let model_output_contract_553764273 = schemaOf(T)
        let model_parsed_output_553764274 = tryParse(model_output_contract_553764273,
            model_output_553764272.arguments)
        if not model_parsed_output_553764274.ok:
          return ModelMaterialization[VecherinkaArtifact_553764148](ok: false, error: "invalid finish_work result (" &
              $len(model_parsed_output_553764274.issues) &
              " schema issues)")
        var location_errors_553764279 = ""
        if (
          not (len(location_errors_553764279) == 0)):
          return ModelMaterialization[VecherinkaArtifact_553764148](ok: false,
              error: "invalid finish_work locations: " & location_errors_553764279)
        return ModelMaterialization[VecherinkaArtifact_553764148](ok: true, value: VecherinkaArtifact_553764148(
            kind: vak_4, value_4: model_parsed_output_553764274.value))
      else:
        return ModelMaterialization[VecherinkaArtifact_553764148](ok: false,
            error: "unexpected model output kind")
      let model_tool_data_553764304 = register_llm_tool_binding(
          cast[pointer](model_context_553764284), model_request_id_553764285, 4,
          cast[pointer](model_materializer_553764303))
      var model_tools_553764305: DynamicToolRegistry = @[]
      register_dynamic_tool(model_tools_553764305, "finish_work", default_agent_prompt_templates.finish_work_description,
                            model_output_schema_553764302, model_tool_data_553764304, proc (
          tool_data`gensym714: pointer; tool_context`gensym714: ToolCallContext) {.
          nimcall, gcsafe.} = {.cast(gcsafe).}:
        let binding`gensym714 = lookup_llm_tool_binding(tool_data`gensym714)
        if isNone(binding`gensym714):
          return
        let data`gensym714 = get(binding`gensym714)
        enqueue_llm_output_event(cast[RuntimeContext[VecherinkaArtifact_553764148]](data`gensym714.context),
                                 data`gensym714.request_id,
                                 data`gensym714.output_kind, cast[ModelMaterializer[
            VecherinkaArtifact_553764148]](data`gensym714.materializer),
                                 data`gensym714.id, tool_context`gensym714))
      let llm_spec_553764310 = LlmCallSpec[VecherinkaArtifact_553764148](
          profile: profile,
          prompt: "Copy marker exactly into right_value. Do not create files.",
          prompt_templates: default_agent_prompt_templates,
          materialized_input: model_materialized_input_553764289,
          runtime_dir: model_context_553764284.runtime_dir,
          working_dir: model_working_dir_553764287, tools: model_tools_553764305,
          output_kind: 4, materialize: model_materializer_553764303)
      submit_llm(model_context_553764284, model_request_id_553764285, llm_spec_553764310)
    except CatchableError as error`gensym717:
      let event`gensym717 = RuntimeEvent[VecherinkaArtifact_553764148](
          kind: rev_model_error, request_id: model_request_id_553764285,
          error_message: error`gensym717.msg)
      enqueue_runtime_event(model_context_553764284, event`gensym717))], coalesce: proc (
      fan_values_553764313: seq[VecherinkaArtifact_553764148]): VecherinkaArtifact_553764148 {.
      nimcall.} = result = VecherinkaArtifact_553764148(kind: vak_0, value_0: (block:
    let artifact_553764314 = fan_values_553764313[0]
    const
      loc`gensym769 = (filename: "/Users/alex/areas/productive/orchestration/src/vecherinka_comptime.nim",
        line: 1934, column: 6)
      ploc`gensym769 = "/Users/alex/areas/productive/orchestration/src/vecherinka_comptime.nim(1934, 7)"
    bind instantiationInfo
    mixin failedAssertImpl
    {.line: (filename: "/Users/alex/areas/productive/orchestration/src/vecherinka_comptime.nim",
             line: 1934, column: 6).}:
      if not (artifact_553764314.kind == vak_3):
        failedAssertImpl("/Users/alex/areas/productive/orchestration/src/vecherinka_comptime.nim(1934, 7) `artifact_553764314.kind == vak_3` ")
    artifact_553764314.value_3, block:
    let artifact_553764315 = fan_values_553764313[1]
    const
      loc`gensym771 = (filename: "/Users/alex/areas/productive/orchestration/src/vecherinka_comptime.nim",
        line: 1934, column: 6)
      ploc`gensym771 = "/Users/alex/areas/productive/orchestration/src/vecherinka_comptime.nim(1934, 7)"
    bind instantiationInfo
    mixin failedAssertImpl
    {.line: (filename: "/Users/alex/areas/productive/orchestration/src/vecherinka_comptime.nim",
             line: 1934, column: 6).}:
      if not (artifact_553764315.kind == vak_4):
        failedAssertImpl("/Users/alex/areas/productive/orchestration/src/vecherinka_comptime.nim(1934, 7) `artifact_553764315.kind == vak_4` ")
    artifact_553764315.value_4)), continuation: Flow[VecherinkaArtifact_553764148](
      kind: fk_ref, name: "merge_fan")))]
  let input_artifact_553764320 = VecherinkaArtifact_553764148(kind: vak_2,
      value_2: input_553764316)
  let work_plan_553764321 = execute_flows(data_553764319, input_artifact_553764320,
      nil, transport_553764317, nil, logger_553764318)
  if isNone(work_plan_553764321.output):
    if isSome(work_plan_553764321.failure_message):
      raise
        (ref ValueError)(msg: get(work_plan_553764321.failure_message),
                         parent: nil)
    raise
      (ref ValueError)(msg: "vecherinka execution completed without output",
                       parent: nil)
  return block:
    let artifact_553764322 = lookup_artifact(work_plan_553764321.context,
        get(work_plan_553764321.output)).data
    const
      loc`gensym931 = (filename: "/Users/alex/areas/productive/orchestration/src/vecherinka_comptime.nim",
        line: 1934, column: 6)
      ploc`gensym931 = "/Users/alex/areas/productive/orchestration/src/vecherinka_comptime.nim(1934, 7)"
    bind instantiationInfo
    mixin failedAssertImpl
    {.line: (filename: "/Users/alex/areas/productive/orchestration/src/vecherinka_comptime.nim",
             line: 1934, column: 6).}:
      if not (artifact_553764322.kind == vak_1):
        failedAssertImpl("/Users/alex/areas/productive/orchestration/src/vecherinka_comptime.nim(1934, 7) `artifact_553764322.kind == vak_1` ")
    artifact_553764322.value_1


type
  VecherinkaArtifactKind_553803282 = enum
    vak_0, vak_1, vak_2, vak_3
  VecherinkaArtifact_553803283 = object
    case kind: VecherinkaArtifactKind_553803282
    of vak_0:
      value_0: Stage3Input
    of vak_1:
      value_1: (Stage3Left, Stage3Right)
    of vak_2:
      value_2: Stage3Left
    of vak_3:
      value_3: Stage3Right
proc solve_stage_3_fan(input_553803379: Stage3Input;
                       transport_553803380: LlmTransport[VecherinkaArtifact_553803283] = nil;
                       logger_553803381: StructuredLogger = nil): (Stage3Left,
    Stage3Right) =
  let data_553803382: seq[Flow[VecherinkaArtifact_553803283]] = @[Flow[
      VecherinkaArtifact_553803283](kind: fk_top, root: "fan_only", entry: true, body: Flow[
      VecherinkaArtifact_553803283](kind: fk_fanout, branches: @[Flow[
      VecherinkaArtifact_553803283](kind: fk_model, submit: proc (
      model_context_553803301: RuntimeContext[VecherinkaArtifact_553803283];
      model_request_id_553803302: RequestId; model_input_553803303: VecherinkaArtifact_553803283;
      model_working_dir_553803304: Path) {.nimcall.} =
    let model_typed_input_553803305 = block:
      let artifact_553803307 = model_input_553803303
      const
        loc`gensym976 = (filename: "/Users/alex/areas/productive/orchestration/src/vecherinka_comptime.nim",
          line: 1934, column: 6)
        ploc`gensym976 = "/Users/alex/areas/productive/orchestration/src/vecherinka_comptime.nim(1934, 7)"
      bind instantiationInfo
      mixin failedAssertImpl
      {.line: (filename: "/Users/alex/areas/productive/orchestration/src/vecherinka_comptime.nim",
               line: 1934, column: 6).}:
        if not (artifact_553803307.kind == vak_0):
          failedAssertImpl("/Users/alex/areas/productive/orchestration/src/vecherinka_comptime.nim(1934, 7) `artifact_553803307.kind == vak_0` ")
      artifact_553803307.value_0
    try:
      let model_materialized_input_553803306 = proc (
          materializer_input_553803308: Stage3Input;
          materializer_runtime_dir_553803309, materializer_artifact_dir_553803310: Path;
          materializer_initial_instructions_553803311: string): string {.nimcall.} = result =
        var materialized_instructions_553803312 = materializer_initial_instructions_553803311
        var materialized_names_553803313: seq[string] = @[]
        add(materialized_instructions_553803312,
            "input.marker: string = " & $materializer_input_553803308.marker & "\n")
        materialized_instructions_553803312(model_typed_input_553803305,
          model_context_553803301.runtime_dir, model_working_dir_553803304, "")
      let model_output_contract_553803318 = schemaOf(T)
      let model_output_schema_553803319 = toJsonSchema(model_output_contract_553803318)
      let model_materializer_553803320 = proc (model_output_kind_553803288: int;
          model_output_553803289: LlmOutput): ModelMaterialization[
          VecherinkaArtifact_553803283] {.nimcall, noinit.} = case model_output_kind_553803288
      of 2:
        let model_output_contract_553803290 = schemaOf(T)
        let model_parsed_output_553803291 = tryParse(model_output_contract_553803290,
            model_output_553803289.arguments)
        if not model_parsed_output_553803291.ok:
          return ModelMaterialization[VecherinkaArtifact_553803283](ok: false, error: "invalid finish_work result (" &
              $len(model_parsed_output_553803291.issues) &
              " schema issues)")
        var location_errors_553803296 = ""
        if (
          not (len(location_errors_553803296) == 0)):
          return ModelMaterialization[VecherinkaArtifact_553803283](ok: false,
              error: "invalid finish_work locations: " & location_errors_553803296)
        return ModelMaterialization[VecherinkaArtifact_553803283](ok: true, value: VecherinkaArtifact_553803283(
            kind: vak_2, value_2: model_parsed_output_553803291.value))
      else:
        return ModelMaterialization[VecherinkaArtifact_553803283](ok: false,
            error: "unexpected model output kind")
      let model_tool_data_553803321 = register_llm_tool_binding(
          cast[pointer](model_context_553803301), model_request_id_553803302, 2,
          cast[pointer](model_materializer_553803320))
      var model_tools_553803322: DynamicToolRegistry = @[]
      register_dynamic_tool(model_tools_553803322, "finish_work", default_agent_prompt_templates.finish_work_description,
                            model_output_schema_553803319, model_tool_data_553803321, proc (
          tool_data`gensym944: pointer; tool_context`gensym944: ToolCallContext) {.
          nimcall, gcsafe.} = {.cast(gcsafe).}:
        let binding`gensym944 = lookup_llm_tool_binding(tool_data`gensym944)
        if isNone(binding`gensym944):
          return
        let data`gensym944 = get(binding`gensym944)
        enqueue_llm_output_event(cast[RuntimeContext[VecherinkaArtifact_553803283]](data`gensym944.context),
                                 data`gensym944.request_id,
                                 data`gensym944.output_kind, cast[ModelMaterializer[
            VecherinkaArtifact_553803283]](data`gensym944.materializer),
                                 data`gensym944.id, tool_context`gensym944))
      let llm_spec_553803327 = LlmCallSpec[VecherinkaArtifact_553803283](
          profile: profile,
          prompt: "Copy marker exactly into left_value. Do not create files.",
          prompt_templates: default_agent_prompt_templates,
          materialized_input: model_materialized_input_553803306,
          runtime_dir: model_context_553803301.runtime_dir,
          working_dir: model_working_dir_553803304, tools: model_tools_553803322,
          output_kind: 2, materialize: model_materializer_553803320)
      submit_llm(model_context_553803301, model_request_id_553803302, llm_spec_553803327)
    except CatchableError as error`gensym947:
      let event`gensym947 = RuntimeEvent[VecherinkaArtifact_553803283](
          kind: rev_model_error, request_id: model_request_id_553803302,
          error_message: error`gensym947.msg)
      enqueue_runtime_event(model_context_553803301, event`gensym947)), Flow[
      VecherinkaArtifact_553803283](kind: fk_model, submit: proc (
      model_context_553803347: RuntimeContext[VecherinkaArtifact_553803283];
      model_request_id_553803348: RequestId; model_input_553803349: VecherinkaArtifact_553803283;
      model_working_dir_553803350: Path) {.nimcall.} =
    let model_typed_input_553803351 = block:
      let artifact_553803353 = model_input_553803349
      const
        loc`gensym1001 = (filename: "/Users/alex/areas/productive/orchestration/src/vecherinka_comptime.nim",
          line: 1934, column: 6)
        ploc`gensym1001 = "/Users/alex/areas/productive/orchestration/src/vecherinka_comptime.nim(1934, 7)"
      bind instantiationInfo
      mixin failedAssertImpl
      {.line: (filename: "/Users/alex/areas/productive/orchestration/src/vecherinka_comptime.nim",
               line: 1934, column: 6).}:
        if not (artifact_553803353.kind == vak_0):
          failedAssertImpl("/Users/alex/areas/productive/orchestration/src/vecherinka_comptime.nim(1934, 7) `artifact_553803353.kind == vak_0` ")
      artifact_553803353.value_0
    try:
      let model_materialized_input_553803352 = proc (
          materializer_input_553803354: Stage3Input;
          materializer_runtime_dir_553803355, materializer_artifact_dir_553803356: Path;
          materializer_initial_instructions_553803357: string): string {.nimcall.} = result =
        var materialized_instructions_553803358 = materializer_initial_instructions_553803357
        var materialized_names_553803359: seq[string] = @[]
        add(materialized_instructions_553803358,
            "input.marker: string = " & $materializer_input_553803354.marker & "\n")
        materialized_instructions_553803358(model_typed_input_553803351,
          model_context_553803347.runtime_dir, model_working_dir_553803350, "")
      let model_output_contract_553803364 = schemaOf(T)
      let model_output_schema_553803365 = toJsonSchema(model_output_contract_553803364)
      let model_materializer_553803366 = proc (model_output_kind_553803334: int;
          model_output_553803335: LlmOutput): ModelMaterialization[
          VecherinkaArtifact_553803283] {.nimcall, noinit.} = case model_output_kind_553803334
      of 3:
        let model_output_contract_553803336 = schemaOf(T)
        let model_parsed_output_553803337 = tryParse(model_output_contract_553803336,
            model_output_553803335.arguments)
        if not model_parsed_output_553803337.ok:
          return ModelMaterialization[VecherinkaArtifact_553803283](ok: false, error: "invalid finish_work result (" &
              $len(model_parsed_output_553803337.issues) &
              " schema issues)")
        var location_errors_553803342 = ""
        if (
          not (len(location_errors_553803342) == 0)):
          return ModelMaterialization[VecherinkaArtifact_553803283](ok: false,
              error: "invalid finish_work locations: " & location_errors_553803342)
        return ModelMaterialization[VecherinkaArtifact_553803283](ok: true, value: VecherinkaArtifact_553803283(
            kind: vak_3, value_3: model_parsed_output_553803337.value))
      else:
        return ModelMaterialization[VecherinkaArtifact_553803283](ok: false,
            error: "unexpected model output kind")
      let model_tool_data_553803367 = register_llm_tool_binding(
          cast[pointer](model_context_553803347), model_request_id_553803348, 3,
          cast[pointer](model_materializer_553803366))
      var model_tools_553803368: DynamicToolRegistry = @[]
      register_dynamic_tool(model_tools_553803368, "finish_work", default_agent_prompt_templates.finish_work_description,
                            model_output_schema_553803365, model_tool_data_553803367, proc (
          tool_data`gensym957: pointer; tool_context`gensym957: ToolCallContext) {.
          nimcall, gcsafe.} = {.cast(gcsafe).}:
        let binding`gensym957 = lookup_llm_tool_binding(tool_data`gensym957)
        if isNone(binding`gensym957):
          return
        let data`gensym957 = get(binding`gensym957)
        enqueue_llm_output_event(cast[RuntimeContext[VecherinkaArtifact_553803283]](data`gensym957.context),
                                 data`gensym957.request_id,
                                 data`gensym957.output_kind, cast[ModelMaterializer[
            VecherinkaArtifact_553803283]](data`gensym957.materializer),
                                 data`gensym957.id, tool_context`gensym957))
      let llm_spec_553803373 = LlmCallSpec[VecherinkaArtifact_553803283](
          profile: profile,
          prompt: "Copy marker exactly into right_value. Do not create files.",
          prompt_templates: default_agent_prompt_templates,
          materialized_input: model_materialized_input_553803352,
          runtime_dir: model_context_553803347.runtime_dir,
          working_dir: model_working_dir_553803350, tools: model_tools_553803368,
          output_kind: 3, materialize: model_materializer_553803366)
      submit_llm(model_context_553803347, model_request_id_553803348, llm_spec_553803373)
    except CatchableError as error`gensym960:
      let event`gensym960 = RuntimeEvent[VecherinkaArtifact_553803283](
          kind: rev_model_error, request_id: model_request_id_553803348,
          error_message: error`gensym960.msg)
      enqueue_runtime_event(model_context_553803347, event`gensym960))], coalesce: proc (
      fan_values_553803376: seq[VecherinkaArtifact_553803283]): VecherinkaArtifact_553803283 {.
      nimcall.} = result = VecherinkaArtifact_553803283(kind: vak_1, value_1: (block:
    let artifact_553803377 = fan_values_553803376[0]
    const
      loc`gensym1006 = (filename: "/Users/alex/areas/productive/orchestration/src/vecherinka_comptime.nim",
        line: 1934, column: 6)
      ploc`gensym1006 = "/Users/alex/areas/productive/orchestration/src/vecherinka_comptime.nim(1934, 7)"
    bind instantiationInfo
    mixin failedAssertImpl
    {.line: (filename: "/Users/alex/areas/productive/orchestration/src/vecherinka_comptime.nim",
             line: 1934, column: 6).}:
      if not (artifact_553803377.kind == vak_2):
        failedAssertImpl("/Users/alex/areas/productive/orchestration/src/vecherinka_comptime.nim(1934, 7) `artifact_553803377.kind == vak_2` ")
    artifact_553803377.value_2, block:
    let artifact_553803378 = fan_values_553803376[1]
    const
      loc`gensym1008 = (filename: "/Users/alex/areas/productive/orchestration/src/vecherinka_comptime.nim",
        line: 1934, column: 6)
      ploc`gensym1008 = "/Users/alex/areas/productive/orchestration/src/vecherinka_comptime.nim(1934, 7)"
    bind instantiationInfo
    mixin failedAssertImpl
    {.line: (filename: "/Users/alex/areas/productive/orchestration/src/vecherinka_comptime.nim",
             line: 1934, column: 6).}:
      if not (artifact_553803378.kind == vak_3):
        failedAssertImpl("/Users/alex/areas/productive/orchestration/src/vecherinka_comptime.nim(1934, 7) `artifact_553803378.kind == vak_3` ")
    artifact_553803378.value_3))))]
  let input_artifact_553803383 = VecherinkaArtifact_553803283(kind: vak_0,
      value_0: input_553803379)
  let work_plan_553803384 = execute_flows(data_553803382, input_artifact_553803383,
      nil, transport_553803380, nil, logger_553803381)
  if isNone(work_plan_553803384.output):
    if isSome(work_plan_553803384.failure_message):
      raise
        (ref ValueError)(msg: get(work_plan_553803384.failure_message),
                         parent: nil)
    raise
      (ref ValueError)(msg: "vecherinka execution completed without output",
                       parent: nil)
  return block:
    let artifact_553803385 = lookup_artifact(work_plan_553803384.context,
        get(work_plan_553803384.output)).data
    const
      loc`gensym1168 = (filename: "/Users/alex/areas/productive/orchestration/src/vecherinka_comptime.nim",
        line: 1934, column: 6)
      ploc`gensym1168 = "/Users/alex/areas/productive/orchestration/src/vecherinka_comptime.nim(1934, 7)"
    bind instantiationInfo
    mixin failedAssertImpl
    {.line: (filename: "/Users/alex/areas/productive/orchestration/src/vecherinka_comptime.nim",
             line: 1934, column: 6).}:
      if not (artifact_553803385.kind == vak_1):
        failedAssertImpl("/Users/alex/areas/productive/orchestration/src/vecherinka_comptime.nim(1934, 7) `artifact_553803385.kind == vak_1` ")
    artifact_553803385.value_1


type
  VecherinkaArtifactKind_553841552 = enum
    vak_0, vak_1
  VecherinkaArtifact_553841553 = object
    case kind: VecherinkaArtifactKind_553841552
    of vak_0:
      value_0: Stage4Input
    of vak_1:
      value_1: Stage4Output
proc solve_stage_4(input_553841607: Stage4Input;
                   transport_553841608: LlmTransport[VecherinkaArtifact_553841553] = nil;
                   logger_553841609: StructuredLogger = nil): Stage4Output =
  let data_553841610: seq[Flow[VecherinkaArtifact_553841553]] = @[Flow[
      VecherinkaArtifact_553841553](kind: fk_top, root: "annotate",
                                    entry: false, body: Flow[VecherinkaArtifact_553841553](
      kind: fk_model, submit: proc (model_context_553841571: RuntimeContext[
      VecherinkaArtifact_553841553]; model_request_id_553841572: RequestId;
                                    model_input_553841573: VecherinkaArtifact_553841553;
                                    model_working_dir_553841574: Path) {.nimcall.} =
    let model_typed_input_553841575 = block:
      let artifact_553841577 = model_input_553841573
      const
        loc`gensym1208 = (filename: "/Users/alex/areas/productive/orchestration/src/vecherinka_comptime.nim",
          line: 1934, column: 6)
        ploc`gensym1208 = "/Users/alex/areas/productive/orchestration/src/vecherinka_comptime.nim(1934, 7)"
      bind instantiationInfo
      mixin failedAssertImpl
      {.line: (filename: "/Users/alex/areas/productive/orchestration/src/vecherinka_comptime.nim",
               line: 1934, column: 6).}:
        if not (artifact_553841577.kind == vak_0):
          failedAssertImpl("/Users/alex/areas/productive/orchestration/src/vecherinka_comptime.nim(1934, 7) `artifact_553841577.kind == vak_0` ")
      artifact_553841577.value_0
    try:
      let model_materialized_input_553841576 = proc (
          materializer_input_553841578: Stage4Input;
          materializer_runtime_dir_553841579, materializer_artifact_dir_553841580: Path;
          materializer_initial_instructions_553841581: string): string {.nimcall.} = result =
        var materialized_instructions_553841582 = materializer_initial_instructions_553841581
        var materialized_names_553841583: seq[string] = @[]
        add(materialized_instructions_553841582,
            "input.mode: string = " & $materializer_input_553841578.mode & "\n")
        add(materialized_instructions_553841582,
            "input.marker: string = " & $materializer_input_553841578.marker & "\n")
        materialized_instructions_553841582(model_typed_input_553841575,
          model_context_553841571.runtime_dir, model_working_dir_553841574, "")
      let model_output_contract_553841592 = schemaOf(T)
      let model_output_schema_553841593 = toJsonSchema(model_output_contract_553841592)
      let model_materializer_553841594 = proc (model_output_kind_553841558: int;
          model_output_553841559: LlmOutput): ModelMaterialization[
          VecherinkaArtifact_553841553] {.nimcall, noinit.} = case model_output_kind_553841558
      of 1:
        let model_output_contract_553841560 = schemaOf(T)
        let model_parsed_output_553841561 = tryParse(model_output_contract_553841560,
            model_output_553841559.arguments)
        if not model_parsed_output_553841561.ok:
          return ModelMaterialization[VecherinkaArtifact_553841553](ok: false, error: "invalid finish_work result (" &
              $len(model_parsed_output_553841561.issues) &
              " schema issues)")
        var location_errors_553841566 = ""
        if (
          not (len(location_errors_553841566) == 0)):
          return ModelMaterialization[VecherinkaArtifact_553841553](ok: false,
              error: "invalid finish_work locations: " & location_errors_553841566)
        return ModelMaterialization[VecherinkaArtifact_553841553](ok: true, value: VecherinkaArtifact_553841553(
            kind: vak_1, value_1: model_parsed_output_553841561.value))
      else:
        return ModelMaterialization[VecherinkaArtifact_553841553](ok: false,
            error: "unexpected model output kind")
      let model_tool_data_553841595 = register_llm_tool_binding(
          cast[pointer](model_context_553841571), model_request_id_553841572, 1,
          cast[pointer](model_materializer_553841594))
      var model_tools_553841596: DynamicToolRegistry = @[]
      register_dynamic_tool(model_tools_553841596, "finish_work", default_agent_prompt_templates.finish_work_description,
                            model_output_schema_553841593, model_tool_data_553841595, proc (
          tool_data`gensym1185: pointer;
          tool_context`gensym1185: ToolCallContext) {.nimcall, gcsafe.} = {.
          cast(gcsafe).}:
        let binding`gensym1185 = lookup_llm_tool_binding(tool_data`gensym1185)
        if isNone(binding`gensym1185):
          return
        let data`gensym1185 = get(binding`gensym1185)
        enqueue_llm_output_event(cast[RuntimeContext[VecherinkaArtifact_553841553]](data`gensym1185.context),
                                 data`gensym1185.request_id,
                                 data`gensym1185.output_kind, cast[ModelMaterializer[
            VecherinkaArtifact_553841553]](data`gensym1185.materializer),
                                 data`gensym1185.id, tool_context`gensym1185))
      let llm_spec_553841601 = LlmCallSpec[VecherinkaArtifact_553841553](
          profile: profile,
          prompt: "Copy marker exactly into answer. Do not create files.",
          prompt_templates: default_agent_prompt_templates,
          materialized_input: model_materialized_input_553841576,
          runtime_dir: model_context_553841571.runtime_dir,
          working_dir: model_working_dir_553841574, tools: model_tools_553841596,
          output_kind: 1, materialize: model_materializer_553841594)
      submit_llm(model_context_553841571, model_request_id_553841572, llm_spec_553841601)
    except CatchableError as error`gensym1188:
      let event`gensym1188 = RuntimeEvent[VecherinkaArtifact_553841553](
          kind: rev_model_error, request_id: model_request_id_553841572,
          error_message: error`gensym1188.msg)
      enqueue_runtime_event(model_context_553841571, event`gensym1188))), Flow[
      VecherinkaArtifact_553841553](kind: fk_top, root: "route", entry: true, body: Flow[
      VecherinkaArtifact_553841553](kind: fk_so, execute: proc (
      so_artifact_553841604: VecherinkaArtifact_553841553): Flow[
      VecherinkaArtifact_553841553] {.nimcall.} = result =
    let so_input_553841605 = block:
      let artifact_553841606 = so_artifact_553841604
      const
        loc`gensym1233 = (filename: "/Users/alex/areas/productive/orchestration/src/vecherinka_comptime.nim",
          line: 1934, column: 6)
        ploc`gensym1233 = "/Users/alex/areas/productive/orchestration/src/vecherinka_comptime.nim(1934, 7)"
      bind instantiationInfo
      mixin failedAssertImpl
      {.line: (filename: "/Users/alex/areas/productive/orchestration/src/vecherinka_comptime.nim",
               line: 1934, column: 6).}:
        if not (artifact_553841606.kind == vak_0):
          failedAssertImpl("/Users/alex/areas/productive/orchestration/src/vecherinka_comptime.nim(1934, 7) `artifact_553841606.kind == vak_0` ")
      artifact_553841606.value_0
    if so_input_553841605.mode == "model": Flow[VecherinkaArtifact_553841553](
        kind: fk_raw, value: VecherinkaArtifact_553841553(kind: vak_0,
        value_0: so_input_553841605), continuation: Flow[VecherinkaArtifact_553841553](
        kind: fk_ref, name: "annotate")) else: Flow[VecherinkaArtifact_553841553](
        kind: fk_raw, value: VecherinkaArtifact_553841553(kind: vak_1,
        value_1: Stage4Output(answer: "pure:" & so_input_553841605.marker)))))]
  let input_artifact_553841611 = VecherinkaArtifact_553841553(kind: vak_0,
      value_0: input_553841607)
  let work_plan_553841612 = execute_flows(data_553841610, input_artifact_553841611,
      nil, transport_553841608, nil, logger_553841609)
  if isNone(work_plan_553841612.output):
    if isSome(work_plan_553841612.failure_message):
      raise
        (ref ValueError)(msg: get(work_plan_553841612.failure_message),
                         parent: nil)
    raise
      (ref ValueError)(msg: "vecherinka execution completed without output",
                       parent: nil)
  return block:
    let artifact_553841613 = lookup_artifact(work_plan_553841612.context,
        get(work_plan_553841612.output)).data
    const
      loc`gensym1393 = (filename: "/Users/alex/areas/productive/orchestration/src/vecherinka_comptime.nim",
        line: 1934, column: 6)
      ploc`gensym1393 = "/Users/alex/areas/productive/orchestration/src/vecherinka_comptime.nim(1934, 7)"
    bind instantiationInfo
    mixin failedAssertImpl
    {.line: (filename: "/Users/alex/areas/productive/orchestration/src/vecherinka_comptime.nim",
             line: 1934, column: 6).}:
      if not (artifact_553841613.kind == vak_1):
        failedAssertImpl("/Users/alex/areas/productive/orchestration/src/vecherinka_comptime.nim(1934, 7) `artifact_553841613.kind == vak_1` ")
    artifact_553841613.value_1


type
  VecherinkaArtifactKind_553879801 = enum
    vak_0, vak_1, vak_2
  VecherinkaArtifact_553879802 = object
    case kind: VecherinkaArtifactKind_553879801
    of vak_0:
      value_0: Stage5Input
    of vak_1:
      value_1: string
    of vak_2:
      value_2: Stage5Output
proc solve_stage_5(input_553879855: Stage5Input;
                   transport_553879856: LlmTransport[VecherinkaArtifact_553879802] = nil;
                   logger_553879857: StructuredLogger = nil): Stage5Output =
  let data_553879858: seq[Flow[VecherinkaArtifact_553879802]] = @[Flow[
      VecherinkaArtifact_553879802](kind: fk_top, root: "project_marker",
                                    entry: false, body: Flow[VecherinkaArtifact_553879802](
      kind: fk_it, projector: proc (it_artifact_553879803: VecherinkaArtifact_553879802): VecherinkaArtifact_553879802 {.
      nimcall.} = result =
    let it_value_553879804 = block:
      let artifact_553879805 = it_artifact_553879803
      const
        loc`gensym1443 = (filename: "/Users/alex/areas/productive/orchestration/src/vecherinka_comptime.nim",
          line: 1934, column: 6)
        ploc`gensym1443 = "/Users/alex/areas/productive/orchestration/src/vecherinka_comptime.nim(1934, 7)"
      bind instantiationInfo
      mixin failedAssertImpl
      {.line: (filename: "/Users/alex/areas/productive/orchestration/src/vecherinka_comptime.nim",
               line: 1934, column: 6).}:
        if not (artifact_553879805.kind == vak_0):
          failedAssertImpl("/Users/alex/areas/productive/orchestration/src/vecherinka_comptime.nim(1934, 7) `artifact_553879805.kind == vak_0` ")
      artifact_553879805.value_0
    VecherinkaArtifact_553879802(kind: vak_1, value_1: it_value_553879804.marker))), Flow[
      VecherinkaArtifact_553879802](kind: fk_top, root: "finish_projection",
                                    entry: false, body: Flow[VecherinkaArtifact_553879802](
      kind: fk_model, submit: proc (model_context_553879823: RuntimeContext[
      VecherinkaArtifact_553879802]; model_request_id_553879824: RequestId;
                                    model_input_553879825: VecherinkaArtifact_553879802;
                                    model_working_dir_553879826: Path) {.nimcall.} =
    let model_typed_input_553879827 = block:
      let artifact_553879829 = model_input_553879825
      const
        loc`gensym1445 = (filename: "/Users/alex/areas/productive/orchestration/src/vecherinka_comptime.nim",
          line: 1934, column: 6)
        ploc`gensym1445 = "/Users/alex/areas/productive/orchestration/src/vecherinka_comptime.nim(1934, 7)"
      bind instantiationInfo
      mixin failedAssertImpl
      {.line: (filename: "/Users/alex/areas/productive/orchestration/src/vecherinka_comptime.nim",
               line: 1934, column: 6).}:
        if not (artifact_553879829.kind == vak_1):
          failedAssertImpl("/Users/alex/areas/productive/orchestration/src/vecherinka_comptime.nim(1934, 7) `artifact_553879829.kind == vak_1` ")
      artifact_553879829.value_1
    try:
      let model_materialized_input_553879828 = proc (materializer_input_553879830: string;
          materializer_runtime_dir_553879831, materializer_artifact_dir_553879832: Path;
          materializer_initial_instructions_553879833: string): string {.nimcall.} = result =
        var materialized_instructions_553879834 = materializer_initial_instructions_553879833
        var materialized_names_553879835: seq[string] = @[]
        add(materialized_instructions_553879834,
            "input: string = " & $materializer_input_553879830 & "\n")
        materialized_instructions_553879834(model_typed_input_553879827,
          model_context_553879823.runtime_dir, model_working_dir_553879826, "")
      let model_output_contract_553879840 = schemaOf(T)
      let model_output_schema_553879841 = toJsonSchema(model_output_contract_553879840)
      let model_materializer_553879842 = proc (model_output_kind_553879810: int;
          model_output_553879811: LlmOutput): ModelMaterialization[
          VecherinkaArtifact_553879802] {.nimcall, noinit.} = case model_output_kind_553879810
      of 2:
        let model_output_contract_553879812 = schemaOf(T)
        let model_parsed_output_553879813 = tryParse(model_output_contract_553879812,
            model_output_553879811.arguments)
        if not model_parsed_output_553879813.ok:
          return ModelMaterialization[VecherinkaArtifact_553879802](ok: false, error: "invalid finish_work result (" &
              $len(model_parsed_output_553879813.issues) &
              " schema issues)")
        var location_errors_553879818 = ""
        if (
          not (len(location_errors_553879818) == 0)):
          return ModelMaterialization[VecherinkaArtifact_553879802](ok: false,
              error: "invalid finish_work locations: " & location_errors_553879818)
        return ModelMaterialization[VecherinkaArtifact_553879802](ok: true, value: VecherinkaArtifact_553879802(
            kind: vak_2, value_2: model_parsed_output_553879813.value))
      else:
        return ModelMaterialization[VecherinkaArtifact_553879802](ok: false,
            error: "unexpected model output kind")
      let model_tool_data_553879843 = register_llm_tool_binding(
          cast[pointer](model_context_553879823), model_request_id_553879824, 2,
          cast[pointer](model_materializer_553879842))
      var model_tools_553879844: DynamicToolRegistry = @[]
      register_dynamic_tool(model_tools_553879844, "finish_work", default_agent_prompt_templates.finish_work_description,
                            model_output_schema_553879841, model_tool_data_553879843, proc (
          tool_data`gensym1421: pointer;
          tool_context`gensym1421: ToolCallContext) {.nimcall, gcsafe.} = {.
          cast(gcsafe).}:
        let binding`gensym1421 = lookup_llm_tool_binding(tool_data`gensym1421)
        if isNone(binding`gensym1421):
          return
        let data`gensym1421 = get(binding`gensym1421)
        enqueue_llm_output_event(cast[RuntimeContext[VecherinkaArtifact_553879802]](data`gensym1421.context),
                                 data`gensym1421.request_id,
                                 data`gensym1421.output_kind, cast[ModelMaterializer[
            VecherinkaArtifact_553879802]](data`gensym1421.materializer),
                                 data`gensym1421.id, tool_context`gensym1421))
      let llm_spec_553879849 = LlmCallSpec[VecherinkaArtifact_553879802](
          profile: profile, prompt: "Copy the input string exactly into answer. Do not create files.",
          prompt_templates: default_agent_prompt_templates,
          materialized_input: model_materialized_input_553879828,
          runtime_dir: model_context_553879823.runtime_dir,
          working_dir: model_working_dir_553879826, tools: model_tools_553879844,
          output_kind: 2, materialize: model_materializer_553879842)
      submit_llm(model_context_553879823, model_request_id_553879824, llm_spec_553879849)
    except CatchableError as error`gensym1424:
      let event`gensym1424 = RuntimeEvent[VecherinkaArtifact_553879802](
          kind: rev_model_error, request_id: model_request_id_553879824,
          error_message: error`gensym1424.msg)
      enqueue_runtime_event(model_context_553879823, event`gensym1424))), Flow[
      VecherinkaArtifact_553879802](kind: fk_top, root: "project_entry",
                                    entry: true, body: Flow[VecherinkaArtifact_553879802](
      kind: fk_so, execute: proc (so_artifact_553879852: VecherinkaArtifact_553879802): Flow[
      VecherinkaArtifact_553879802] {.nimcall.} = result =
    let so_input_553879853 = block:
      let artifact_553879854 = so_artifact_553879852
      const
        loc`gensym1470 = (filename: "/Users/alex/areas/productive/orchestration/src/vecherinka_comptime.nim",
          line: 1934, column: 6)
        ploc`gensym1470 = "/Users/alex/areas/productive/orchestration/src/vecherinka_comptime.nim(1934, 7)"
      bind instantiationInfo
      mixin failedAssertImpl
      {.line: (filename: "/Users/alex/areas/productive/orchestration/src/vecherinka_comptime.nim",
               line: 1934, column: 6).}:
        if not (artifact_553879854.kind == vak_0):
          failedAssertImpl("/Users/alex/areas/productive/orchestration/src/vecherinka_comptime.nim(1934, 7) `artifact_553879854.kind == vak_0` ")
      artifact_553879854.value_0
    Flow[VecherinkaArtifact_553879802](kind: fk_raw, value: VecherinkaArtifact_553879802(
        kind: vak_0, value_0: so_input_553879853), continuation: Flow[
        VecherinkaArtifact_553879802](kind: fk_ref, name: "project_marker", continuation: Flow[
        VecherinkaArtifact_553879802](kind: fk_ref, name: "finish_projection")))))]
  let input_artifact_553879859 = VecherinkaArtifact_553879802(kind: vak_0,
      value_0: input_553879855)
  let work_plan_553879860 = execute_flows(data_553879858, input_artifact_553879859,
      nil, transport_553879856, nil, logger_553879857)
  if isNone(work_plan_553879860.output):
    if isSome(work_plan_553879860.failure_message):
      raise
        (ref ValueError)(msg: get(work_plan_553879860.failure_message),
                         parent: nil)
    raise
      (ref ValueError)(msg: "vecherinka execution completed without output",
                       parent: nil)
  return block:
    let artifact_553879861 = lookup_artifact(work_plan_553879860.context,
        get(work_plan_553879860.output)).data
    const
      loc`gensym1630 = (filename: "/Users/alex/areas/productive/orchestration/src/vecherinka_comptime.nim",
        line: 1934, column: 6)
      ploc`gensym1630 = "/Users/alex/areas/productive/orchestration/src/vecherinka_comptime.nim(1934, 7)"
    bind instantiationInfo
    mixin failedAssertImpl
    {.line: (filename: "/Users/alex/areas/productive/orchestration/src/vecherinka_comptime.nim",
             line: 1934, column: 6).}:
      if not (artifact_553879861.kind == vak_2):
        failedAssertImpl("/Users/alex/areas/productive/orchestration/src/vecherinka_comptime.nim(1934, 7) `artifact_553879861.kind == vak_2` ")
    artifact_553879861.value_2


type
  VecherinkaArtifactKind_553917683 = enum
    vak_0, vak_1
  VecherinkaArtifact_553917684 = object
    case kind: VecherinkaArtifactKind_553917683
    of vak_0:
      value_0: Stage6Input
    of vak_1:
      value_1: Stage6Output
proc solve_stage_6(input_553917729: Stage6Input;
                   transport_553917730: LlmTransport[VecherinkaArtifact_553917684] = nil;
                   logger_553917731: StructuredLogger = nil): Stage6Output =
  let data_553917732: seq[Flow[VecherinkaArtifact_553917684]] = @[Flow[
      VecherinkaArtifact_553917684](kind: fk_top, root: "materialise",
                                    entry: true, body: Flow[VecherinkaArtifact_553917684](
      kind: fk_model, submit: proc (model_context_553917703: RuntimeContext[
      VecherinkaArtifact_553917684]; model_request_id_553917704: RequestId;
                                    model_input_553917705: VecherinkaArtifact_553917684;
                                    model_working_dir_553917706: Path) {.nimcall.} =
    let model_typed_input_553917707 = block:
      let artifact_553917709 = model_input_553917705
      const
        loc`gensym1659 = (filename: "/Users/alex/areas/productive/orchestration/src/vecherinka_comptime.nim",
          line: 1934, column: 6)
        ploc`gensym1659 = "/Users/alex/areas/productive/orchestration/src/vecherinka_comptime.nim(1934, 7)"
      bind instantiationInfo
      mixin failedAssertImpl
      {.line: (filename: "/Users/alex/areas/productive/orchestration/src/vecherinka_comptime.nim",
               line: 1934, column: 6).}:
        if not (artifact_553917709.kind == vak_0):
          failedAssertImpl("/Users/alex/areas/productive/orchestration/src/vecherinka_comptime.nim(1934, 7) `artifact_553917709.kind == vak_0` ")
      artifact_553917709.value_0
    try:
      let model_materialized_input_553917708 = proc (
          materializer_input_553917710: Stage6Input;
          materializer_runtime_dir_553917711, materializer_artifact_dir_553917712: Path;
          materializer_initial_instructions_553917713: string): string {.nimcall.} = result =
        var materialized_instructions_553917714 = materializer_initial_instructions_553917713
        var materialized_names_553917715: seq[string] = @[]
        let materialized_location_name_553917716 = copy_location_payload(
            materializer_runtime_dir_553917711, materializer_artifact_dir_553917712,
            cast[string](materializer_input_553917710.source),
            materialized_names_553917715)
        add(materialized_instructions_553917714, "input.source: location = " &
            cast[string](materializer_input_553917710.source) &
            " (materialized as " &
            materialized_location_name_553917716 &
            ")\n")
        materialized_instructions_553917714(model_typed_input_553917707,
          model_context_553917703.runtime_dir, model_working_dir_553917706, "")
      let model_output_contract_553917717 = schemaOf(T)
      let model_output_schema_553917718 = toJsonSchema(model_output_contract_553917717)
      let model_materializer_553917719 = proc (model_output_kind_553917689: int;
          model_output_553917690: LlmOutput): ModelMaterialization[
          VecherinkaArtifact_553917684] {.nimcall, noinit.} = case model_output_kind_553917689
      of 1:
        let model_output_contract_553917691 = schemaOf(T)
        let model_parsed_output_553917692 = tryParse(model_output_contract_553917691,
            model_output_553917690.arguments)
        if not model_parsed_output_553917692.ok:
          return ModelMaterialization[VecherinkaArtifact_553917684](ok: false, error: "invalid finish_work result (" &
              $len(model_parsed_output_553917692.issues) &
              " schema issues)")
        var location_errors_553917697 = ""
        let location_verification_error_553917698 = verify_location_payload(
            model_output_553917690.working_dir,
            cast[string](model_parsed_output_553917692.value.artifact))
        if (
          not (len(location_verification_error_553917698) == 0)):
          add(location_errors_553917697,
              "output.artifact: " & location_verification_error_553917698 & "\n")
        if (
          not (len(location_errors_553917697) == 0)):
          return ModelMaterialization[VecherinkaArtifact_553917684](ok: false,
              error: "invalid finish_work locations: " & location_errors_553917697)
        return ModelMaterialization[VecherinkaArtifact_553917684](ok: true, value: VecherinkaArtifact_553917684(
            kind: vak_1, value_1: model_parsed_output_553917692.value))
      else:
        return ModelMaterialization[VecherinkaArtifact_553917684](ok: false,
            error: "unexpected model output kind")
      let model_tool_data_553917720 = register_llm_tool_binding(
          cast[pointer](model_context_553917703), model_request_id_553917704, 1,
          cast[pointer](model_materializer_553917719))
      var model_tools_553917721: DynamicToolRegistry = @[]
      register_dynamic_tool(model_tools_553917721, "finish_work", default_agent_prompt_templates.finish_work_description,
                            model_output_schema_553917718, model_tool_data_553917720, proc (
          tool_data`gensym1645: pointer;
          tool_context`gensym1645: ToolCallContext) {.nimcall, gcsafe.} = {.
          cast(gcsafe).}:
        let binding`gensym1645 = lookup_llm_tool_binding(tool_data`gensym1645)
        if isNone(binding`gensym1645):
          return
        let data`gensym1645 = get(binding`gensym1645)
        enqueue_llm_output_event(cast[RuntimeContext[VecherinkaArtifact_553917684]](data`gensym1645.context),
                                 data`gensym1645.request_id,
                                 data`gensym1645.output_kind, cast[ModelMaterializer[
            VecherinkaArtifact_553917684]](data`gensym1645.materializer),
                                 data`gensym1645.id, tool_context`gensym1645))
      let llm_spec_553917726 = LlmCallSpec[VecherinkaArtifact_553917684](
          profile: profile, prompt: "Read the provided input file named source.txt. Create result.txt in the working directory containing exactly the input file text. Return summary equal to the input file text and artifact equal to result.txt. Do not create any other files.",
          prompt_templates: default_agent_prompt_templates,
          materialized_input: model_materialized_input_553917708,
          runtime_dir: model_context_553917703.runtime_dir,
          working_dir: model_working_dir_553917706, tools: model_tools_553917721,
          output_kind: 1, materialize: model_materializer_553917719)
      submit_llm(model_context_553917703, model_request_id_553917704, llm_spec_553917726)
    except CatchableError as error`gensym1648:
      let event`gensym1648 = RuntimeEvent[VecherinkaArtifact_553917684](
          kind: rev_model_error, request_id: model_request_id_553917704,
          error_message: error`gensym1648.msg)
      enqueue_runtime_event(model_context_553917703, event`gensym1648)))]
  let input_artifact_553917733 = VecherinkaArtifact_553917684(kind: vak_0,
      value_0: input_553917729)
  let work_plan_553917734 = execute_flows(data_553917732, input_artifact_553917733,
      nil, transport_553917730, nil, logger_553917731)
  if isNone(work_plan_553917734.output):
    if isSome(work_plan_553917734.failure_message):
      raise
        (ref ValueError)(msg: get(work_plan_553917734.failure_message),
                         parent: nil)
    raise
      (ref ValueError)(msg: "vecherinka execution completed without output",
                       parent: nil)
  return block:
    let artifact_553917735 = lookup_artifact(work_plan_553917734.context,
        get(work_plan_553917734.output)).data
    const
      loc`gensym1843 = (filename: "/Users/alex/areas/productive/orchestration/src/vecherinka_comptime.nim",
        line: 1934, column: 6)
      ploc`gensym1843 = "/Users/alex/areas/productive/orchestration/src/vecherinka_comptime.nim(1934, 7)"
    bind instantiationInfo
    mixin failedAssertImpl
    {.line: (filename: "/Users/alex/areas/productive/orchestration/src/vecherinka_comptime.nim",
             line: 1934, column: 6).}:
      if not (artifact_553917735.kind == vak_1):
        failedAssertImpl("/Users/alex/areas/productive/orchestration/src/vecherinka_comptime.nim(1934, 7) `artifact_553917735.kind == vak_1` ")
    artifact_553917735.value_1

lift_pattern nodes=2 here_count=1
  seq
    here

type
  VecherinkaArtifactKind_553955630 = enum
    vak_0, vak_1, vak_2, vak_3
  VecherinkaArtifact_553955631 = object
    case kind: VecherinkaArtifactKind_553955630
    of vak_0:
      value_0: Stage7Item
    of vak_1:
      value_1: Stage7Result
    of vak_2:
      value_2: seq[Stage7Item]
    of vak_3:
      value_3: seq[Stage7Result]
proc solve_stage_7(input_553955726: seq[Stage7Item];
                   transport_553955727: LlmTransport[VecherinkaArtifact_553955631] = nil;
                   logger_553955728: StructuredLogger = nil): seq[Stage7Result] =
  let data_553955729: seq[Flow[VecherinkaArtifact_553955631]] = @[Flow[
      VecherinkaArtifact_553955631](kind: fk_top, root: "map_item",
                                    entry: false, body: Flow[VecherinkaArtifact_553955631](
      kind: fk_model, submit: proc (model_context_553955649: RuntimeContext[
      VecherinkaArtifact_553955631]; model_request_id_553955650: RequestId;
                                    model_input_553955651: VecherinkaArtifact_553955631;
                                    model_working_dir_553955652: Path) {.nimcall.} =
    let model_typed_input_553955653 = block:
      let artifact_553955655 = model_input_553955651
      const
        loc`gensym1889 = (filename: "/Users/alex/areas/productive/orchestration/src/vecherinka_comptime.nim",
          line: 1934, column: 6)
        ploc`gensym1889 = "/Users/alex/areas/productive/orchestration/src/vecherinka_comptime.nim(1934, 7)"
      bind instantiationInfo
      mixin failedAssertImpl
      {.line: (filename: "/Users/alex/areas/productive/orchestration/src/vecherinka_comptime.nim",
               line: 1934, column: 6).}:
        if not (artifact_553955655.kind == vak_0):
          failedAssertImpl("/Users/alex/areas/productive/orchestration/src/vecherinka_comptime.nim(1934, 7) `artifact_553955655.kind == vak_0` ")
      artifact_553955655.value_0
    try:
      let model_materialized_input_553955654 = proc (
          materializer_input_553955656: Stage7Item;
          materializer_runtime_dir_553955657, materializer_artifact_dir_553955658: Path;
          materializer_initial_instructions_553955659: string): string {.nimcall.} = result =
        var materialized_instructions_553955660 = materializer_initial_instructions_553955659
        var materialized_names_553955661: seq[string] = @[]
        add(materialized_instructions_553955660,
            "input.marker: string = " & $materializer_input_553955656.marker & "\n")
        materialized_instructions_553955660(model_typed_input_553955653,
          model_context_553955649.runtime_dir, model_working_dir_553955652, "")
      let model_output_contract_553955666 = schemaOf(T)
      let model_output_schema_553955667 = toJsonSchema(model_output_contract_553955666)
      let model_materializer_553955668 = proc (model_output_kind_553955636: int;
          model_output_553955637: LlmOutput): ModelMaterialization[
          VecherinkaArtifact_553955631] {.nimcall, noinit.} = case model_output_kind_553955636
      of 1:
        let model_output_contract_553955638 = schemaOf(T)
        let model_parsed_output_553955639 = tryParse(model_output_contract_553955638,
            model_output_553955637.arguments)
        if not model_parsed_output_553955639.ok:
          return ModelMaterialization[VecherinkaArtifact_553955631](ok: false, error: "invalid finish_work result (" &
              $len(model_parsed_output_553955639.issues) &
              " schema issues)")
        var location_errors_553955644 = ""
        if (
          not (len(location_errors_553955644) == 0)):
          return ModelMaterialization[VecherinkaArtifact_553955631](ok: false,
              error: "invalid finish_work locations: " & location_errors_553955644)
        return ModelMaterialization[VecherinkaArtifact_553955631](ok: true, value: VecherinkaArtifact_553955631(
            kind: vak_1, value_1: model_parsed_output_553955639.value))
      else:
        return ModelMaterialization[VecherinkaArtifact_553955631](ok: false,
            error: "unexpected model output kind")
      let model_tool_data_553955669 = register_llm_tool_binding(
          cast[pointer](model_context_553955649), model_request_id_553955650, 1,
          cast[pointer](model_materializer_553955668))
      var model_tools_553955670: DynamicToolRegistry = @[]
      register_dynamic_tool(model_tools_553955670, "finish_work", default_agent_prompt_templates.finish_work_description,
                            model_output_schema_553955667, model_tool_data_553955669, proc (
          tool_data`gensym1861: pointer;
          tool_context`gensym1861: ToolCallContext) {.nimcall, gcsafe.} = {.
          cast(gcsafe).}:
        let binding`gensym1861 = lookup_llm_tool_binding(tool_data`gensym1861)
        if isNone(binding`gensym1861):
          return
        let data`gensym1861 = get(binding`gensym1861)
        enqueue_llm_output_event(cast[RuntimeContext[VecherinkaArtifact_553955631]](data`gensym1861.context),
                                 data`gensym1861.request_id,
                                 data`gensym1861.output_kind, cast[ModelMaterializer[
            VecherinkaArtifact_553955631]](data`gensym1861.materializer),
                                 data`gensym1861.id, tool_context`gensym1861))
      let llm_spec_553955675 = LlmCallSpec[VecherinkaArtifact_553955631](
          profile: profile,
          prompt: "Copy marker exactly into result. Do not create files.",
          prompt_templates: default_agent_prompt_templates,
          materialized_input: model_materialized_input_553955654,
          runtime_dir: model_context_553955649.runtime_dir,
          working_dir: model_working_dir_553955652, tools: model_tools_553955670,
          output_kind: 1, materialize: model_materializer_553955668)
      submit_llm(model_context_553955649, model_request_id_553955650, llm_spec_553955675)
    except CatchableError as error`gensym1864:
      let event`gensym1864 = RuntimeEvent[VecherinkaArtifact_553955631](
          kind: rev_model_error, request_id: model_request_id_553955650,
          error_message: error`gensym1864.msg)
      enqueue_runtime_event(model_context_553955649, event`gensym1864))), Flow[
      VecherinkaArtifact_553955631](kind: fk_top, root: "lift_entry",
                                    entry: true, body: Flow[VecherinkaArtifact_553955631](
      kind: fk_lift,
      inner: Flow[VecherinkaArtifact_553955631](kind: fk_ref, name: "map_item"), destructure: proc (
      lift_destructure_input_553955682: VecherinkaArtifact_553955631): seq[
      tuple[result_index: int, input: VecherinkaArtifact_553955631]] {.nimcall.} =
    let lift_original_553955683 = block:
      let artifact_553955685 = lift_destructure_input_553955682
      const
        loc`gensym1918 = (filename: "/Users/alex/areas/productive/orchestration/src/vecherinka_comptime.nim",
          line: 1934, column: 6)
        ploc`gensym1918 = "/Users/alex/areas/productive/orchestration/src/vecherinka_comptime.nim(1934, 7)"
      bind instantiationInfo
      mixin failedAssertImpl
      {.line: (filename: "/Users/alex/areas/productive/orchestration/src/vecherinka_comptime.nim",
               line: 1934, column: 6).}:
        if not (artifact_553955685.kind == vak_2):
          failedAssertImpl("/Users/alex/areas/productive/orchestration/src/vecherinka_comptime.nim(1934, 7) `artifact_553955685.kind == vak_2` ")
      artifact_553955685.value_2
    var lift_next_index_553955684 = 0
    for item_553955694 in items(lift_original_553955683):
      let result_index_553955695 = lift_next_index_553955684
      inc lift_next_index_553955684, 1
      add(result, (result_index: result_index_553955695,
                   input: VecherinkaArtifact_553955631(kind: vak_0,
          value_0: item_553955694))), construct: proc (
      lift_results_553955696: seq[VecherinkaArtifact_553955631];
      lift_construct_input_553955697: VecherinkaArtifact_553955631): VecherinkaArtifact_553955631 {.
      nimcall.} = result =
    let lift_original_input_553955698 = block:
      let artifact_553955700 = lift_construct_input_553955697
      const
        loc`gensym1923 = (filename: "/Users/alex/areas/productive/orchestration/src/vecherinka_comptime.nim",
          line: 1934, column: 6)
        ploc`gensym1923 = "/Users/alex/areas/productive/orchestration/src/vecherinka_comptime.nim(1934, 7)"
      bind instantiationInfo
      mixin failedAssertImpl
      {.line: (filename: "/Users/alex/areas/productive/orchestration/src/vecherinka_comptime.nim",
               line: 1934, column: 6).}:
        if not (artifact_553955700.kind == vak_2):
          failedAssertImpl("/Users/alex/areas/productive/orchestration/src/vecherinka_comptime.nim(1934, 7) `artifact_553955700.kind == vak_2` ")
      artifact_553955700.value_2
    var lift_next_index_553955699 = 0
    VecherinkaArtifact_553955631(kind: vak_3, value_3: block:
      var output_553955711: seq[Stage7Result]
      for item_553955710 in items(lift_original_input_553955698):
        add(output_553955711) do:
          let result_index_553955712 = lift_next_index_553955699
          inc lift_next_index_553955699, 1
          block:
            let artifact_553955713 = lift_results_553955696[result_index_553955712]
            const
              loc`gensym1925 = (filename: "/Users/alex/areas/productive/orchestration/src/vecherinka_comptime.nim",
                line: 1934, column: 6)
              ploc`gensym1925 = "/Users/alex/areas/productive/orchestration/src/vecherinka_comptime.nim(1934, 7)"
            bind instantiationInfo
            mixin failedAssertImpl
            {.line: (filename: "/Users/alex/areas/productive/orchestration/src/vecherinka_comptime.nim",
                     line: 1934, column: 6).}:
              if not (artifact_553955713.kind == vak_1):
                failedAssertImpl("/Users/alex/areas/productive/orchestration/src/vecherinka_comptime.nim(1934, 7) `artifact_553955713.kind == vak_1` ")
            artifact_553955713.value_1
      output_553955711)))]
  let input_artifact_553955730 = VecherinkaArtifact_553955631(kind: vak_2,
      value_2: input_553955726)
  let work_plan_553955731 = execute_flows(data_553955729, input_artifact_553955730,
      nil, transport_553955727, nil, logger_553955728)
  if isNone(work_plan_553955731.output):
    if isSome(work_plan_553955731.failure_message):
      raise
        (ref ValueError)(msg: get(work_plan_553955731.failure_message),
                         parent: nil)
    raise
      (ref ValueError)(msg: "vecherinka execution completed without output",
                       parent: nil)
  return block:
    let artifact_553955732 = lookup_artifact(work_plan_553955731.context,
        get(work_plan_553955731.output)).data
    const
      loc`gensym2086 = (filename: "/Users/alex/areas/productive/orchestration/src/vecherinka_comptime.nim",
        line: 1934, column: 6)
      ploc`gensym2086 = "/Users/alex/areas/productive/orchestration/src/vecherinka_comptime.nim(1934, 7)"
    bind instantiationInfo
    mixin failedAssertImpl
    {.line: (filename: "/Users/alex/areas/productive/orchestration/src/vecherinka_comptime.nim",
             line: 1934, column: 6).}:
      if not (artifact_553955732.kind == vak_3):
        failedAssertImpl("/Users/alex/areas/productive/orchestration/src/vecherinka_comptime.nim(1934, 7) `artifact_553955732.kind == vak_3` ")
    artifact_553955732.value_3

lift_pattern nodes=2 here_count=1
  Option
    here

type
  VecherinkaArtifactKind_553993974 = enum
    vak_0, vak_1, vak_2, vak_3
  VecherinkaArtifact_553993975 = object
    case kind: VecherinkaArtifactKind_553993974
    of vak_0:
      value_0: Stage8Item
    of vak_1:
      value_1: Stage8Result
    of vak_2:
      value_2: Option[Stage8Item]
    of vak_3:
      value_3: Option[Stage8Result]
proc solve_stage_8_option(input_553994035: Option[Stage8Item]; transport_553994036: LlmTransport[
    VecherinkaArtifact_553993975] = nil; logger_553994037: StructuredLogger = nil): Option[
    Stage8Result] =
  let data_553994038: seq[Flow[VecherinkaArtifact_553993975]] = @[Flow[
      VecherinkaArtifact_553993975](kind: fk_top, root: "map_option",
                                    entry: false, body: Flow[VecherinkaArtifact_553993975](
      kind: fk_model, submit: proc (model_context_553993993: RuntimeContext[
      VecherinkaArtifact_553993975]; model_request_id_553993994: RequestId;
                                    model_input_553993995: VecherinkaArtifact_553993975;
                                    model_working_dir_553993996: Path) {.nimcall.} =
    let model_typed_input_553993997 = block:
      let artifact_553993999 = model_input_553993995
      const
        loc`gensym2132 = (filename: "/Users/alex/areas/productive/orchestration/src/vecherinka_comptime.nim",
          line: 1934, column: 6)
        ploc`gensym2132 = "/Users/alex/areas/productive/orchestration/src/vecherinka_comptime.nim(1934, 7)"
      bind instantiationInfo
      mixin failedAssertImpl
      {.line: (filename: "/Users/alex/areas/productive/orchestration/src/vecherinka_comptime.nim",
               line: 1934, column: 6).}:
        if not (artifact_553993999.kind == vak_0):
          failedAssertImpl("/Users/alex/areas/productive/orchestration/src/vecherinka_comptime.nim(1934, 7) `artifact_553993999.kind == vak_0` ")
      artifact_553993999.value_0
    try:
      let model_materialized_input_553993998 = proc (
          materializer_input_553994000: Stage8Item;
          materializer_runtime_dir_553994001, materializer_artifact_dir_553994002: Path;
          materializer_initial_instructions_553994003: string): string {.nimcall.} = result =
        var materialized_instructions_553994004 = materializer_initial_instructions_553994003
        var materialized_names_553994005: seq[string] = @[]
        add(materialized_instructions_553994004,
            "input.marker: string = " & $materializer_input_553994000.marker & "\n")
        materialized_instructions_553994004(model_typed_input_553993997,
          model_context_553993993.runtime_dir, model_working_dir_553993996, "")
      let model_output_contract_553994010 = schemaOf(T)
      let model_output_schema_553994011 = toJsonSchema(model_output_contract_553994010)
      let model_materializer_553994012 = proc (model_output_kind_553993980: int;
          model_output_553993981: LlmOutput): ModelMaterialization[
          VecherinkaArtifact_553993975] {.nimcall, noinit.} = case model_output_kind_553993980
      of 1:
        let model_output_contract_553993982 = schemaOf(T)
        let model_parsed_output_553993983 = tryParse(model_output_contract_553993982,
            model_output_553993981.arguments)
        if not model_parsed_output_553993983.ok:
          return ModelMaterialization[VecherinkaArtifact_553993975](ok: false, error: "invalid finish_work result (" &
              $len(model_parsed_output_553993983.issues) &
              " schema issues)")
        var location_errors_553993988 = ""
        if (
          not (len(location_errors_553993988) == 0)):
          return ModelMaterialization[VecherinkaArtifact_553993975](ok: false,
              error: "invalid finish_work locations: " & location_errors_553993988)
        return ModelMaterialization[VecherinkaArtifact_553993975](ok: true, value: VecherinkaArtifact_553993975(
            kind: vak_1, value_1: model_parsed_output_553993983.value))
      else:
        return ModelMaterialization[VecherinkaArtifact_553993975](ok: false,
            error: "unexpected model output kind")
      let model_tool_data_553994013 = register_llm_tool_binding(
          cast[pointer](model_context_553993993), model_request_id_553993994, 1,
          cast[pointer](model_materializer_553994012))
      var model_tools_553994014: DynamicToolRegistry = @[]
      register_dynamic_tool(model_tools_553994014, "finish_work", default_agent_prompt_templates.finish_work_description,
                            model_output_schema_553994011, model_tool_data_553994013, proc (
          tool_data`gensym2104: pointer;
          tool_context`gensym2104: ToolCallContext) {.nimcall, gcsafe.} = {.
          cast(gcsafe).}:
        let binding`gensym2104 = lookup_llm_tool_binding(tool_data`gensym2104)
        if isNone(binding`gensym2104):
          return
        let data`gensym2104 = get(binding`gensym2104)
        enqueue_llm_output_event(cast[RuntimeContext[VecherinkaArtifact_553993975]](data`gensym2104.context),
                                 data`gensym2104.request_id,
                                 data`gensym2104.output_kind, cast[ModelMaterializer[
            VecherinkaArtifact_553993975]](data`gensym2104.materializer),
                                 data`gensym2104.id, tool_context`gensym2104))
      let llm_spec_553994019 = LlmCallSpec[VecherinkaArtifact_553993975](
          profile: profile,
          prompt: "Copy marker exactly into result. Do not create files.",
          prompt_templates: default_agent_prompt_templates,
          materialized_input: model_materialized_input_553993998,
          runtime_dir: model_context_553993993.runtime_dir,
          working_dir: model_working_dir_553993996, tools: model_tools_553994014,
          output_kind: 1, materialize: model_materializer_553994012)
      submit_llm(model_context_553993993, model_request_id_553993994, llm_spec_553994019)
    except CatchableError as error`gensym2107:
      let event`gensym2107 = RuntimeEvent[VecherinkaArtifact_553993975](
          kind: rev_model_error, request_id: model_request_id_553993994,
          error_message: error`gensym2107.msg)
      enqueue_runtime_event(model_context_553993993, event`gensym2107))), Flow[
      VecherinkaArtifact_553993975](kind: fk_top, root: "option_entry",
                                    entry: true, body: Flow[VecherinkaArtifact_553993975](
      kind: fk_lift,
      inner: Flow[VecherinkaArtifact_553993975](kind: fk_ref, name: "map_option"), destructure: proc (
      lift_destructure_input_553994022: VecherinkaArtifact_553993975): seq[
      tuple[result_index: int, input: VecherinkaArtifact_553993975]] {.nimcall.} =
    let lift_original_553994023 = block:
      let artifact_553994025 = lift_destructure_input_553994022
      const
        loc`gensym2157 = (filename: "/Users/alex/areas/productive/orchestration/src/vecherinka_comptime.nim",
          line: 1934, column: 6)
        ploc`gensym2157 = "/Users/alex/areas/productive/orchestration/src/vecherinka_comptime.nim(1934, 7)"
      bind instantiationInfo
      mixin failedAssertImpl
      {.line: (filename: "/Users/alex/areas/productive/orchestration/src/vecherinka_comptime.nim",
               line: 1934, column: 6).}:
        if not (artifact_553994025.kind == vak_2):
          failedAssertImpl("/Users/alex/areas/productive/orchestration/src/vecherinka_comptime.nim(1934, 7) `artifact_553994025.kind == vak_2` ")
      artifact_553994025.value_2
    var lift_next_index_553994024 = 0
    if isSome(lift_original_553994023):
      let some_value_553994026 = get(lift_original_553994023)
      let result_index_553994027 = lift_next_index_553994024
      inc lift_next_index_553994024, 1
      add(result, (result_index: result_index_553994027,
                   input: VecherinkaArtifact_553993975(kind: vak_0,
          value_0: some_value_553994026))), construct: proc (
      lift_results_553994028: seq[VecherinkaArtifact_553993975];
      lift_construct_input_553994029: VecherinkaArtifact_553993975): VecherinkaArtifact_553993975 {.
      nimcall.} = result =
    let lift_original_input_553994030 = block:
      let artifact_553994032 = lift_construct_input_553994029
      const
        loc`gensym2161 = (filename: "/Users/alex/areas/productive/orchestration/src/vecherinka_comptime.nim",
          line: 1934, column: 6)
        ploc`gensym2161 = "/Users/alex/areas/productive/orchestration/src/vecherinka_comptime.nim(1934, 7)"
      bind instantiationInfo
      mixin failedAssertImpl
      {.line: (filename: "/Users/alex/areas/productive/orchestration/src/vecherinka_comptime.nim",
               line: 1934, column: 6).}:
        if not (artifact_553994032.kind == vak_2):
          failedAssertImpl("/Users/alex/areas/productive/orchestration/src/vecherinka_comptime.nim(1934, 7) `artifact_553994032.kind == vak_2` ")
      artifact_553994032.value_2
    var lift_next_index_553994031 = 0
    VecherinkaArtifact_553993975(kind: vak_3, value_3: if isSome(
        lift_original_input_553994030): some do:
      let result_index_553994033 = lift_next_index_553994031
      inc lift_next_index_553994031, 1
      block:
        let artifact_553994034 = lift_results_553994028[result_index_553994033]
        const
          loc`gensym2163 = (filename: "/Users/alex/areas/productive/orchestration/src/vecherinka_comptime.nim",
            line: 1934, column: 6)
          ploc`gensym2163 = "/Users/alex/areas/productive/orchestration/src/vecherinka_comptime.nim(1934, 7)"
        bind instantiationInfo
        mixin failedAssertImpl
        {.line: (filename: "/Users/alex/areas/productive/orchestration/src/vecherinka_comptime.nim",
                 line: 1934, column: 6).}:
          if not (artifact_553994034.kind == vak_1):
            failedAssertImpl("/Users/alex/areas/productive/orchestration/src/vecherinka_comptime.nim(1934, 7) `artifact_553994034.kind == vak_1` ")
        artifact_553994034.value_1 else: none())))]
  let input_artifact_553994039 = VecherinkaArtifact_553993975(kind: vak_2,
      value_2: input_553994035)
  let work_plan_553994040 = execute_flows(data_553994038, input_artifact_553994039,
      nil, transport_553994036, nil, logger_553994037)
  if isNone(work_plan_553994040.output):
    if isSome(work_plan_553994040.failure_message):
      raise
        (ref ValueError)(msg: get(work_plan_553994040.failure_message),
                         parent: nil)
    raise
      (ref ValueError)(msg: "vecherinka execution completed without output",
                       parent: nil)
  return block:
    let artifact_553994041 = lookup_artifact(work_plan_553994040.context,
        get(work_plan_553994040.output)).data
    const
      loc`gensym2323 = (filename: "/Users/alex/areas/productive/orchestration/src/vecherinka_comptime.nim",
        line: 1934, column: 6)
      ploc`gensym2323 = "/Users/alex/areas/productive/orchestration/src/vecherinka_comptime.nim(1934, 7)"
    bind instantiationInfo
    mixin failedAssertImpl
    {.line: (filename: "/Users/alex/areas/productive/orchestration/src/vecherinka_comptime.nim",
             line: 1934, column: 6).}:
      if not (artifact_553994041.kind == vak_3):
        failedAssertImpl("/Users/alex/areas/productive/orchestration/src/vecherinka_comptime.nim(1934, 7) `artifact_553994041.kind == vak_3` ")
    artifact_553994041.value_3

lift_pattern nodes=3 here_count=1
  tuple
    [0]
      type Stage8Context
    [1]
      here

type
  VecherinkaArtifactKind_554032060 = enum
    vak_0, vak_1, vak_2, vak_3
  VecherinkaArtifact_554032061 = object
    case kind: VecherinkaArtifactKind_554032060
    of vak_0:
      value_0: Stage8Item
    of vak_1:
      value_1: Stage8Result
    of vak_2:
      value_2: (Stage8Context, Stage8Item)
    of vak_3:
      value_3: (Stage8Context, Stage8Result)
proc solve_stage_8_tuple(input_554032120: (Stage8Context, Stage8Item);
                         transport_554032121: LlmTransport[VecherinkaArtifact_554032061] = nil;
                         logger_554032122: StructuredLogger = nil): (
    Stage8Context, Stage8Result) =
  let data_554032123: seq[Flow[VecherinkaArtifact_554032061]] = @[Flow[
      VecherinkaArtifact_554032061](kind: fk_top, root: "map_tuple",
                                    entry: false, body: Flow[VecherinkaArtifact_554032061](
      kind: fk_model, submit: proc (model_context_554032079: RuntimeContext[
      VecherinkaArtifact_554032061]; model_request_id_554032080: RequestId;
                                    model_input_554032081: VecherinkaArtifact_554032061;
                                    model_working_dir_554032082: Path) {.nimcall.} =
    let model_typed_input_554032083 = block:
      let artifact_554032085 = model_input_554032081
      const
        loc`gensym2368 = (filename: "/Users/alex/areas/productive/orchestration/src/vecherinka_comptime.nim",
          line: 1934, column: 6)
        ploc`gensym2368 = "/Users/alex/areas/productive/orchestration/src/vecherinka_comptime.nim(1934, 7)"
      bind instantiationInfo
      mixin failedAssertImpl
      {.line: (filename: "/Users/alex/areas/productive/orchestration/src/vecherinka_comptime.nim",
               line: 1934, column: 6).}:
        if not (artifact_554032085.kind == vak_0):
          failedAssertImpl("/Users/alex/areas/productive/orchestration/src/vecherinka_comptime.nim(1934, 7) `artifact_554032085.kind == vak_0` ")
      artifact_554032085.value_0
    try:
      let model_materialized_input_554032084 = proc (
          materializer_input_554032086: Stage8Item;
          materializer_runtime_dir_554032087, materializer_artifact_dir_554032088: Path;
          materializer_initial_instructions_554032089: string): string {.nimcall.} = result =
        var materialized_instructions_554032090 = materializer_initial_instructions_554032089
        var materialized_names_554032091: seq[string] = @[]
        add(materialized_instructions_554032090,
            "input.marker: string = " & $materializer_input_554032086.marker & "\n")
        materialized_instructions_554032090(model_typed_input_554032083,
          model_context_554032079.runtime_dir, model_working_dir_554032082, "")
      let model_output_contract_554032096 = schemaOf(T)
      let model_output_schema_554032097 = toJsonSchema(model_output_contract_554032096)
      let model_materializer_554032098 = proc (model_output_kind_554032066: int;
          model_output_554032067: LlmOutput): ModelMaterialization[
          VecherinkaArtifact_554032061] {.nimcall, noinit.} = case model_output_kind_554032066
      of 1:
        let model_output_contract_554032068 = schemaOf(T)
        let model_parsed_output_554032069 = tryParse(model_output_contract_554032068,
            model_output_554032067.arguments)
        if not model_parsed_output_554032069.ok:
          return ModelMaterialization[VecherinkaArtifact_554032061](ok: false, error: "invalid finish_work result (" &
              $len(model_parsed_output_554032069.issues) &
              " schema issues)")
        var location_errors_554032074 = ""
        if (
          not (len(location_errors_554032074) == 0)):
          return ModelMaterialization[VecherinkaArtifact_554032061](ok: false,
              error: "invalid finish_work locations: " & location_errors_554032074)
        return ModelMaterialization[VecherinkaArtifact_554032061](ok: true, value: VecherinkaArtifact_554032061(
            kind: vak_1, value_1: model_parsed_output_554032069.value))
      else:
        return ModelMaterialization[VecherinkaArtifact_554032061](ok: false,
            error: "unexpected model output kind")
      let model_tool_data_554032099 = register_llm_tool_binding(
          cast[pointer](model_context_554032079), model_request_id_554032080, 1,
          cast[pointer](model_materializer_554032098))
      var model_tools_554032100: DynamicToolRegistry = @[]
      register_dynamic_tool(model_tools_554032100, "finish_work", default_agent_prompt_templates.finish_work_description,
                            model_output_schema_554032097, model_tool_data_554032099, proc (
          tool_data`gensym2341: pointer;
          tool_context`gensym2341: ToolCallContext) {.nimcall, gcsafe.} = {.
          cast(gcsafe).}:
        let binding`gensym2341 = lookup_llm_tool_binding(tool_data`gensym2341)
        if isNone(binding`gensym2341):
          return
        let data`gensym2341 = get(binding`gensym2341)
        enqueue_llm_output_event(cast[RuntimeContext[VecherinkaArtifact_554032061]](data`gensym2341.context),
                                 data`gensym2341.request_id,
                                 data`gensym2341.output_kind, cast[ModelMaterializer[
            VecherinkaArtifact_554032061]](data`gensym2341.materializer),
                                 data`gensym2341.id, tool_context`gensym2341))
      let llm_spec_554032105 = LlmCallSpec[VecherinkaArtifact_554032061](
          profile: profile,
          prompt: "Copy marker exactly into result. Do not create files.",
          prompt_templates: default_agent_prompt_templates,
          materialized_input: model_materialized_input_554032084,
          runtime_dir: model_context_554032079.runtime_dir,
          working_dir: model_working_dir_554032082, tools: model_tools_554032100,
          output_kind: 1, materialize: model_materializer_554032098)
      submit_llm(model_context_554032079, model_request_id_554032080, llm_spec_554032105)
    except CatchableError as error`gensym2344:
      let event`gensym2344 = RuntimeEvent[VecherinkaArtifact_554032061](
          kind: rev_model_error, request_id: model_request_id_554032080,
          error_message: error`gensym2344.msg)
      enqueue_runtime_event(model_context_554032079, event`gensym2344))), Flow[
      VecherinkaArtifact_554032061](kind: fk_top, root: "tuple_entry",
                                    entry: true, body: Flow[VecherinkaArtifact_554032061](
      kind: fk_lift,
      inner: Flow[VecherinkaArtifact_554032061](kind: fk_ref, name: "map_tuple"), destructure: proc (
      lift_destructure_input_554032108: VecherinkaArtifact_554032061): seq[
      tuple[result_index: int, input: VecherinkaArtifact_554032061]] {.nimcall.} =
    let lift_original_554032109 = block:
      let artifact_554032111 = lift_destructure_input_554032108
      const
        loc`gensym2393 = (filename: "/Users/alex/areas/productive/orchestration/src/vecherinka_comptime.nim",
          line: 1934, column: 6)
        ploc`gensym2393 = "/Users/alex/areas/productive/orchestration/src/vecherinka_comptime.nim(1934, 7)"
      bind instantiationInfo
      mixin failedAssertImpl
      {.line: (filename: "/Users/alex/areas/productive/orchestration/src/vecherinka_comptime.nim",
               line: 1934, column: 6).}:
        if not (artifact_554032111.kind == vak_2):
          failedAssertImpl("/Users/alex/areas/productive/orchestration/src/vecherinka_comptime.nim(1934, 7) `artifact_554032111.kind == vak_2` ")
      artifact_554032111.value_2
    var lift_next_index_554032110 = 0
    discard
    let result_index_554032112 = lift_next_index_554032110
    inc lift_next_index_554032110, 1
    add(result, (result_index: result_index_554032112, input: VecherinkaArtifact_554032061(
        kind: vak_0, value_0: lift_original_554032109[1]))), construct: proc (
      lift_results_554032113: seq[VecherinkaArtifact_554032061];
      lift_construct_input_554032114: VecherinkaArtifact_554032061): VecherinkaArtifact_554032061 {.
      nimcall.} = result =
    let lift_original_input_554032115 = block:
      let artifact_554032117 = lift_construct_input_554032114
      const
        loc`gensym2396 = (filename: "/Users/alex/areas/productive/orchestration/src/vecherinka_comptime.nim",
          line: 1934, column: 6)
        ploc`gensym2396 = "/Users/alex/areas/productive/orchestration/src/vecherinka_comptime.nim(1934, 7)"
      bind instantiationInfo
      mixin failedAssertImpl
      {.line: (filename: "/Users/alex/areas/productive/orchestration/src/vecherinka_comptime.nim",
               line: 1934, column: 6).}:
        if not (artifact_554032117.kind == vak_2):
          failedAssertImpl("/Users/alex/areas/productive/orchestration/src/vecherinka_comptime.nim(1934, 7) `artifact_554032117.kind == vak_2` ")
      artifact_554032117.value_2
    var lift_next_index_554032116 = 0
    VecherinkaArtifact_554032061(kind: vak_3, value_3: (lift_original_input_554032115[
        0],
      let result_index_554032118 = lift_next_index_554032116
      inc lift_next_index_554032116, 1
      block:
        let artifact_554032119 = lift_results_554032113[result_index_554032118]
        const
          loc`gensym2398 = (filename: "/Users/alex/areas/productive/orchestration/src/vecherinka_comptime.nim",
            line: 1934, column: 6)
          ploc`gensym2398 = "/Users/alex/areas/productive/orchestration/src/vecherinka_comptime.nim(1934, 7)"
        bind instantiationInfo
        mixin failedAssertImpl
        {.line: (filename: "/Users/alex/areas/productive/orchestration/src/vecherinka_comptime.nim",
                 line: 1934, column: 6).}:
          if not (artifact_554032119.kind == vak_1):
            failedAssertImpl("/Users/alex/areas/productive/orchestration/src/vecherinka_comptime.nim(1934, 7) `artifact_554032119.kind == vak_1` ")
        artifact_554032119.value_1))))]
  let input_artifact_554032124 = VecherinkaArtifact_554032061(kind: vak_2,
      value_2: input_554032120)
  let work_plan_554032125 = execute_flows(data_554032123, input_artifact_554032124,
      nil, transport_554032121, nil, logger_554032122)
  if isNone(work_plan_554032125.output):
    if isSome(work_plan_554032125.failure_message):
      raise
        (ref ValueError)(msg: get(work_plan_554032125.failure_message),
                         parent: nil)
    raise
      (ref ValueError)(msg: "vecherinka execution completed without output",
                       parent: nil)
  return block:
    let artifact_554032126 = lookup_artifact(work_plan_554032125.context,
        get(work_plan_554032125.output)).data
    const
      loc`gensym2558 = (filename: "/Users/alex/areas/productive/orchestration/src/vecherinka_comptime.nim",
        line: 1934, column: 6)
      ploc`gensym2558 = "/Users/alex/areas/productive/orchestration/src/vecherinka_comptime.nim(1934, 7)"
    bind instantiationInfo
    mixin failedAssertImpl
    {.line: (filename: "/Users/alex/areas/productive/orchestration/src/vecherinka_comptime.nim",
             line: 1934, column: 6).}:
      if not (artifact_554032126.kind == vak_3):
        failedAssertImpl("/Users/alex/areas/productive/orchestration/src/vecherinka_comptime.nim(1934, 7) `artifact_554032126.kind == vak_3` ")
    artifact_554032126.value_3

lift_pattern nodes=2 here_count=1
  object Stage8Container
    item:
      here

type
  VecherinkaArtifactKind_554069925 = enum
    vak_0, vak_1
  VecherinkaArtifact_554069926 = object
    case kind: VecherinkaArtifactKind_554069925
    of vak_0:
      value_0: Stage8Item
    of vak_1:
      value_1: Stage8Container
proc solve_stage_8_object(input_554069994: Stage8Container; transport_554069995: LlmTransport[
    VecherinkaArtifact_554069926] = nil; logger_554069996: StructuredLogger = nil): Stage8Container =
  let data_554069997: seq[Flow[VecherinkaArtifact_554069926]] = @[Flow[
      VecherinkaArtifact_554069926](kind: fk_top, root: "map_object",
                                    entry: false, body: Flow[VecherinkaArtifact_554069926](
      kind: fk_model, submit: proc (model_context_554069944: RuntimeContext[
      VecherinkaArtifact_554069926]; model_request_id_554069945: RequestId;
                                    model_input_554069946: VecherinkaArtifact_554069926;
                                    model_working_dir_554069947: Path) {.nimcall.} =
    let model_typed_input_554069948 = block:
      let artifact_554069950 = model_input_554069946
      const
        loc`gensym2604 = (filename: "/Users/alex/areas/productive/orchestration/src/vecherinka_comptime.nim",
          line: 1934, column: 6)
        ploc`gensym2604 = "/Users/alex/areas/productive/orchestration/src/vecherinka_comptime.nim(1934, 7)"
      bind instantiationInfo
      mixin failedAssertImpl
      {.line: (filename: "/Users/alex/areas/productive/orchestration/src/vecherinka_comptime.nim",
               line: 1934, column: 6).}:
        if not (artifact_554069950.kind == vak_0):
          failedAssertImpl("/Users/alex/areas/productive/orchestration/src/vecherinka_comptime.nim(1934, 7) `artifact_554069950.kind == vak_0` ")
      artifact_554069950.value_0
    try:
      let model_materialized_input_554069949 = proc (
          materializer_input_554069951: Stage8Item;
          materializer_runtime_dir_554069952, materializer_artifact_dir_554069953: Path;
          materializer_initial_instructions_554069954: string): string {.nimcall.} = result =
        var materialized_instructions_554069955 = materializer_initial_instructions_554069954
        var materialized_names_554069956: seq[string] = @[]
        add(materialized_instructions_554069955,
            "input.marker: string = " & $materializer_input_554069951.marker & "\n")
        materialized_instructions_554069955(model_typed_input_554069948,
          model_context_554069944.runtime_dir, model_working_dir_554069947, "")
      let model_output_contract_554069961 = schemaOf(T)
      let model_output_schema_554069962 = toJsonSchema(model_output_contract_554069961)
      let model_materializer_554069963 = proc (model_output_kind_554069931: int;
          model_output_554069932: LlmOutput): ModelMaterialization[
          VecherinkaArtifact_554069926] {.nimcall, noinit.} = case model_output_kind_554069931
      of 0:
        let model_output_contract_554069933 = schemaOf(T)
        let model_parsed_output_554069934 = tryParse(model_output_contract_554069933,
            model_output_554069932.arguments)
        if not model_parsed_output_554069934.ok:
          return ModelMaterialization[VecherinkaArtifact_554069926](ok: false, error: "invalid finish_work result (" &
              $len(model_parsed_output_554069934.issues) &
              " schema issues)")
        var location_errors_554069939 = ""
        if (
          not (len(location_errors_554069939) == 0)):
          return ModelMaterialization[VecherinkaArtifact_554069926](ok: false,
              error: "invalid finish_work locations: " & location_errors_554069939)
        return ModelMaterialization[VecherinkaArtifact_554069926](ok: true, value: VecherinkaArtifact_554069926(
            kind: vak_0, value_0: model_parsed_output_554069934.value))
      else:
        return ModelMaterialization[VecherinkaArtifact_554069926](ok: false,
            error: "unexpected model output kind")
      let model_tool_data_554069964 = register_llm_tool_binding(
          cast[pointer](model_context_554069944), model_request_id_554069945, 0,
          cast[pointer](model_materializer_554069963))
      var model_tools_554069965: DynamicToolRegistry = @[]
      register_dynamic_tool(model_tools_554069965, "finish_work", default_agent_prompt_templates.finish_work_description,
                            model_output_schema_554069962, model_tool_data_554069964, proc (
          tool_data`gensym2576: pointer;
          tool_context`gensym2576: ToolCallContext) {.nimcall, gcsafe.} = {.
          cast(gcsafe).}:
        let binding`gensym2576 = lookup_llm_tool_binding(tool_data`gensym2576)
        if isNone(binding`gensym2576):
          return
        let data`gensym2576 = get(binding`gensym2576)
        enqueue_llm_output_event(cast[RuntimeContext[VecherinkaArtifact_554069926]](data`gensym2576.context),
                                 data`gensym2576.request_id,
                                 data`gensym2576.output_kind, cast[ModelMaterializer[
            VecherinkaArtifact_554069926]](data`gensym2576.materializer),
                                 data`gensym2576.id, tool_context`gensym2576))
      let llm_spec_554069970 = LlmCallSpec[VecherinkaArtifact_554069926](
          profile: profile, prompt: "Prefix marker with processed: and put it into marker. Do not create files.",
          prompt_templates: default_agent_prompt_templates,
          materialized_input: model_materialized_input_554069949,
          runtime_dir: model_context_554069944.runtime_dir,
          working_dir: model_working_dir_554069947, tools: model_tools_554069965,
          output_kind: 0, materialize: model_materializer_554069963)
      submit_llm(model_context_554069944, model_request_id_554069945, llm_spec_554069970)
    except CatchableError as error`gensym2579:
      let event`gensym2579 = RuntimeEvent[VecherinkaArtifact_554069926](
          kind: rev_model_error, request_id: model_request_id_554069945,
          error_message: error`gensym2579.msg)
      enqueue_runtime_event(model_context_554069944, event`gensym2579))), Flow[
      VecherinkaArtifact_554069926](kind: fk_top, root: "object_entry",
                                    entry: true, body: Flow[VecherinkaArtifact_554069926](
      kind: fk_lift,
      inner: Flow[VecherinkaArtifact_554069926](kind: fk_ref, name: "map_object"), destructure: proc (
      lift_destructure_input_554069973: VecherinkaArtifact_554069926): seq[
      tuple[result_index: int, input: VecherinkaArtifact_554069926]] {.nimcall.} =
    let lift_original_554069974 = block:
      let artifact_554069976 = lift_destructure_input_554069973
      const
        loc`gensym2629 = (filename: "/Users/alex/areas/productive/orchestration/src/vecherinka_comptime.nim",
          line: 1934, column: 6)
        ploc`gensym2629 = "/Users/alex/areas/productive/orchestration/src/vecherinka_comptime.nim(1934, 7)"
      bind instantiationInfo
      mixin failedAssertImpl
      {.line: (filename: "/Users/alex/areas/productive/orchestration/src/vecherinka_comptime.nim",
               line: 1934, column: 6).}:
        if not (artifact_554069976.kind == vak_1):
          failedAssertImpl("/Users/alex/areas/productive/orchestration/src/vecherinka_comptime.nim(1934, 7) `artifact_554069976.kind == vak_1` ")
      artifact_554069976.value_1
    var lift_next_index_554069975 = 0
    let result_index_554069977 = lift_next_index_554069975
    inc lift_next_index_554069975, 1
    add(result, (result_index: result_index_554069977, input: VecherinkaArtifact_554069926(
        kind: vak_0, value_0: lift_original_554069974.item))), construct: proc (
      lift_results_554069978: seq[VecherinkaArtifact_554069926];
      lift_construct_input_554069979: VecherinkaArtifact_554069926): VecherinkaArtifact_554069926 {.
      nimcall.} = result =
    let lift_original_input_554069980 = block:
      let artifact_554069982 = lift_construct_input_554069979
      const
        loc`gensym2632 = (filename: "/Users/alex/areas/productive/orchestration/src/vecherinka_comptime.nim",
          line: 1934, column: 6)
        ploc`gensym2632 = "/Users/alex/areas/productive/orchestration/src/vecherinka_comptime.nim(1934, 7)"
      bind instantiationInfo
      mixin failedAssertImpl
      {.line: (filename: "/Users/alex/areas/productive/orchestration/src/vecherinka_comptime.nim",
               line: 1934, column: 6).}:
        if not (artifact_554069982.kind == vak_1):
          failedAssertImpl("/Users/alex/areas/productive/orchestration/src/vecherinka_comptime.nim(1934, 7) `artifact_554069982.kind == vak_1` ")
      artifact_554069982.value_1
    var lift_next_index_554069981 = 0
    VecherinkaArtifact_554069926(kind: vak_1, value_1:
      var output_554069983 = lift_original_input_554069980
      output_554069983.item =
        let result_index_554069992 = lift_next_index_554069981
        inc lift_next_index_554069981, 1
        block:
          let artifact_554069993 = lift_results_554069978[result_index_554069992]
          const
            loc`gensym2634 = (filename: "/Users/alex/areas/productive/orchestration/src/vecherinka_comptime.nim",
              line: 1934, column: 6)
            ploc`gensym2634 = "/Users/alex/areas/productive/orchestration/src/vecherinka_comptime.nim(1934, 7)"
          bind instantiationInfo
          mixin failedAssertImpl
          {.line: (filename: "/Users/alex/areas/productive/orchestration/src/vecherinka_comptime.nim",
                   line: 1934, column: 6).}:
            if not (artifact_554069993.kind == vak_0):
              failedAssertImpl("/Users/alex/areas/productive/orchestration/src/vecherinka_comptime.nim(1934, 7) `artifact_554069993.kind == vak_0` ")
          artifact_554069993.value_0
      output_554069983)))]
  let input_artifact_554069998 = VecherinkaArtifact_554069926(kind: vak_1,
      value_1: input_554069994)
  let work_plan_554069999 = execute_flows(data_554069997, input_artifact_554069998,
      nil, transport_554069995, nil, logger_554069996)
  if isNone(work_plan_554069999.output):
    if isSome(work_plan_554069999.failure_message):
      raise
        (ref ValueError)(msg: get(work_plan_554069999.failure_message),
                         parent: nil)
    raise
      (ref ValueError)(msg: "vecherinka execution completed without output",
                       parent: nil)
  return block:
    let artifact_554070000 = lookup_artifact(work_plan_554069999.context,
        get(work_plan_554069999.output)).data
    const
      loc`gensym2794 = (filename: "/Users/alex/areas/productive/orchestration/src/vecherinka_comptime.nim",
        line: 1934, column: 6)
      ploc`gensym2794 = "/Users/alex/areas/productive/orchestration/src/vecherinka_comptime.nim(1934, 7)"
    bind instantiationInfo
    mixin failedAssertImpl
    {.line: (filename: "/Users/alex/areas/productive/orchestration/src/vecherinka_comptime.nim",
             line: 1934, column: 6).}:
      if not (artifact_554070000.kind == vak_1):
        failedAssertImpl("/Users/alex/areas/productive/orchestration/src/vecherinka_comptime.nim(1934, 7) `artifact_554070000.kind == vak_1` ")
    artifact_554070000.value_1

CC: system.nim
CC: options.nim
CC: tables.nim
CC: schematic-0.6.0-0399eebef41d9fcb4520a58a452733089419fbb3/schematic.nim
CC: vecherinka.nim
CC: vecherinka_stepping_stone_tests.nim
Hint:  [Link]
Hint: mm: orc; threads: on; opt: none (DEBUG BUILD, `-d:release` generates faster code)
104036 lines; 7.065s; 630.344MiB peakmem; proj: /Users/alex/areas/productive/orchestration/src/vecherinka_stepping_stone_tests.nim; out: /Users/alex/areas/productive/orchestration/src/vecherinka_stepping_stone_tests [SuccessX]
Hint: /Users/alex/areas/productive/orchestration/src/vecherinka_stepping_stone_tests stage-8 [Exec]
{"schema":"vecherinka.log.v1","seq":1,"timestamp_ns":684260138452833,"run_id":"stepping-stage-8-option-present","component":"vecherinka","event":"run.start","fields":{"run_dir":"run-tLQrxTIi","runtime_dir":"orchestration","owns_runtime":true}}
{"schema":"vecherinka.log.v1","seq":2,"timestamp_ns":684260140303625,"run_id":"stepping-stage-8-option-present","component":"vecherinka","event":"artifact.commit","fields":{"artifact_id":0,"artifact_dir":"orchestration"}}
{"schema":"vecherinka.log.v1","seq":3,"timestamp_ns":684260140359916,"run_id":"stepping-stage-8-option-present","component":"vecherinka","event":"ready.enqueue","fields":{"ready_id":1,"flow_kind":"fk_lift","input_artifact_id":0}}
{"schema":"vecherinka.log.v1","seq":4,"timestamp_ns":684260140400416,"run_id":"stepping-stage-8-option-present","component":"vecherinka","event":"ready.consume","fields":{"ready_id":1}}
{"schema":"vecherinka.log.v1","seq":5,"timestamp_ns":684260140474166,"run_id":"stepping-stage-8-option-present","component":"vecherinka","event":"invocation.start","fields":{"flow_kind":"fk_lift","input_artifact_id":0}}
{"schema":"vecherinka.log.v1","seq":6,"timestamp_ns":684260140581541,"run_id":"stepping-stage-8-option-present","component":"vecherinka","event":"join.open","fields":{"join_id":1,"kind":"jk_lift","slot_count":1}}
{"schema":"vecherinka.log.v1","seq":7,"timestamp_ns":684260140683625,"run_id":"stepping-stage-8-option-present","component":"vecherinka","event":"artifact.reserve","fields":{"artifact_id":1,"artifact_dir":"artifact-1"}}
{"schema":"vecherinka.log.v1","seq":8,"timestamp_ns":684260140706333,"run_id":"stepping-stage-8-option-present","component":"vecherinka","event":"artifact.commit","fields":{"artifact_id":1,"artifact_dir":"artifact-1"}}
{"schema":"vecherinka.log.v1","seq":9,"timestamp_ns":684260140727208,"run_id":"stepping-stage-8-option-present","component":"vecherinka","event":"ready.enqueue","fields":{"ready_id":2,"flow_kind":"fk_ref","input_artifact_id":1}}
{"schema":"vecherinka.log.v1","seq":10,"timestamp_ns":684260140749708,"run_id":"stepping-stage-8-option-present","component":"vecherinka","event":"ready.consume","fields":{"ready_id":2}}
{"schema":"vecherinka.log.v1","seq":11,"timestamp_ns":684260140768000,"run_id":"stepping-stage-8-option-present","component":"vecherinka","event":"invocation.start","fields":{"flow_kind":"fk_ref","input_artifact_id":1}}
{"schema":"vecherinka.log.v1","seq":12,"timestamp_ns":684260140844375,"run_id":"stepping-stage-8-option-present","component":"vecherinka","event":"artifact.reserve","fields":{"artifact_id":2,"artifact_dir":"artifact-2"}}
{"schema":"vecherinka.log.v1","seq":13,"timestamp_ns":684260140872250,"run_id":"stepping-stage-8-option-present","component":"vecherinka","event":"model.submit","fields":{"request_id":"i:0","flow_kind":"fk_model","input_artifact_id":1,"output_artifact_id":2,"submitter":"custom","working_dir":"artifact-2"}}
{"schema":"vecherinka.log.v1","seq":14,"timestamp_ns":684260141091541,"run_id":"stepping-stage-8-option-present","component":"codex","event":"agent.thread.submit","fields":{"model_request_id":"i:0","agent_id":"vecherinka-agent-i:0","request_id":"i:1"}}
{"schema":"vecherinka.log.v1","seq":15,"timestamp_ns":684260315238458,"run_id":"stepping-stage-8-option-present","component":"codex","event":"protocol.stdout","fields":{"bytes":232}}
{"schema":"vecherinka.log.v1","seq":16,"timestamp_ns":684260315500875,"run_id":"stepping-stage-8-option-present","component":"codex","event":"protocol.stdout","fields":{"bytes":217}}
{"schema":"vecherinka.log.v1","seq":17,"timestamp_ns":684260324431625,"run_id":"stepping-stage-8-option-present","component":"codex","event":"protocol.stderr","fields":{"bytes":208}}
{"schema":"vecherinka.log.v1","seq":18,"timestamp_ns":684260324476791,"run_id":"stepping-stage-8-option-present","component":"codex","event":"protocol.stderr","fields":{"bytes":208}}
{"schema":"vecherinka.log.v1","seq":19,"timestamp_ns":684260350860958,"run_id":"stepping-stage-8-option-present","component":"codex","event":"protocol.stderr","fields":{"bytes":203}}
{"schema":"vecherinka.log.v1","seq":20,"timestamp_ns":684260350906541,"run_id":"stepping-stage-8-option-present","component":"codex","event":"protocol.stderr","fields":{"bytes":203}}
{"schema":"vecherinka.log.v1","seq":21,"timestamp_ns":684260448618583,"run_id":"stepping-stage-8-option-present","component":"codex","event":"protocol.stdout","fields":{"bytes":1349}}
{"schema":"vecherinka.log.v1","seq":22,"timestamp_ns":684260448884291,"run_id":"stepping-stage-8-option-present","component":"codex","event":"agent.goal.submit","fields":{"model_request_id":"i:0","agent_id":"vecherinka-agent-i:0","request_id":"i:2"}}
{"schema":"vecherinka.log.v1","seq":23,"timestamp_ns":684260448930583,"run_id":"stepping-stage-8-option-present","component":"codex","event":"protocol.stdout","fields":{"bytes":818}}
{"schema":"vecherinka.log.v1","seq":24,"timestamp_ns":684260449085916,"run_id":"stepping-stage-8-option-present","component":"codex","event":"protocol.stdout","fields":{"bytes":209}}
{"schema":"vecherinka.log.v1","seq":25,"timestamp_ns":684260449158125,"run_id":"stepping-stage-8-option-present","component":"codex","event":"protocol.stdout","fields":{"bytes":207}}
{"schema":"vecherinka.log.v1","seq":26,"timestamp_ns":684260449226000,"run_id":"stepping-stage-8-option-present","component":"codex","event":"protocol.stdout","fields":{"bytes":206}}
{"schema":"vecherinka.log.v1","seq":27,"timestamp_ns":684260449294500,"run_id":"stepping-stage-8-option-present","component":"codex","event":"protocol.stdout","fields":{"bytes":216}}
{"schema":"vecherinka.log.v1","seq":28,"timestamp_ns":684260538346458,"run_id":"stepping-stage-8-option-present","component":"codex","event":"protocol.stderr","fields":{"bytes":208}}
{"schema":"vecherinka.log.v1","seq":29,"timestamp_ns":684260539654333,"run_id":"stepping-stage-8-option-present","component":"codex","event":"protocol.stderr","fields":{"bytes":208}}
{"schema":"vecherinka.log.v1","seq":30,"timestamp_ns":684260565932791,"run_id":"stepping-stage-8-option-present","component":"codex","event":"protocol.stdout","fields":{"bytes":206}}
{"schema":"vecherinka.log.v1","seq":31,"timestamp_ns":684260588622083,"run_id":"stepping-stage-8-option-present","component":"codex","event":"protocol.stderr","fields":{"bytes":203}}
{"schema":"vecherinka.log.v1","seq":32,"timestamp_ns":684260588667583,"run_id":"stepping-stage-8-option-present","component":"codex","event":"protocol.stderr","fields":{"bytes":203}}
{"schema":"vecherinka.log.v1","seq":33,"timestamp_ns":684260596443500,"run_id":"stepping-stage-8-option-present","component":"codex","event":"protocol.stdout","fields":{"bytes":207}}
{"schema":"vecherinka.log.v1","seq":34,"timestamp_ns":684260596564791,"run_id":"stepping-stage-8-option-present","component":"codex","event":"protocol.stdout","fields":{"bytes":206}}
{"schema":"vecherinka.log.v1","seq":35,"timestamp_ns":684260596638083,"run_id":"stepping-stage-8-option-present","component":"codex","event":"protocol.stdout","fields":{"bytes":216}}
{"schema":"vecherinka.log.v1","seq":36,"timestamp_ns":684260603079541,"run_id":"stepping-stage-8-option-present","component":"codex","event":"protocol.stderr","fields":{"bytes":353}}
{"schema":"vecherinka.log.v1","seq":37,"timestamp_ns":684260624262541,"run_id":"stepping-stage-8-option-present","component":"codex","event":"protocol.stdout","fields":{"bytes":318}}
{"schema":"vecherinka.log.v1","seq":38,"timestamp_ns":684260624424166,"run_id":"stepping-stage-8-option-present","component":"codex","event":"agent.turn.submit","fields":{"model_request_id":"i:0","agent_id":"vecherinka-agent-i:0","request_id":"i:3"}}
{"schema":"vecherinka.log.v1","seq":39,"timestamp_ns":684260624457291,"run_id":"stepping-stage-8-option-present","component":"codex","event":"protocol.stdout","fields":{"bytes":434}}
{"schema":"vecherinka.log.v1","seq":40,"timestamp_ns":684260639839875,"run_id":"stepping-stage-8-option-present","component":"codex","event":"protocol.stdout","fields":{"bytes":203}}
{"schema":"vecherinka.log.v1","seq":41,"timestamp_ns":684260641251750,"run_id":"stepping-stage-8-option-present","component":"codex","event":"protocol.stdout","fields":{"bytes":196}}
{"schema":"vecherinka.log.v1","seq":42,"timestamp_ns":684260643891583,"run_id":"stepping-stage-8-option-present","component":"codex","event":"protocol.stdout","fields":{"bytes":167}}
{"schema":"vecherinka.log.v1","seq":43,"timestamp_ns":684260643995250,"run_id":"stepping-stage-8-option-present","component":"codex","event":"protocol.stdout","fields":{"bytes":297}}
{"schema":"vecherinka.log.v1","seq":44,"timestamp_ns":684260649418583,"run_id":"stepping-stage-8-option-present","component":"codex","event":"protocol.stdout","fields":{"bytes":649}}
{"schema":"vecherinka.log.v1","seq":45,"timestamp_ns":684260794294250,"run_id":"stepping-stage-8-option-present","component":"codex","event":"protocol.stdout","fields":{"bytes":203}}
{"schema":"vecherinka.log.v1","seq":46,"timestamp_ns":684260891010875,"run_id":"stepping-stage-8-option-present","component":"codex","event":"protocol.stdout","fields":{"bytes":213}}
{"schema":"vecherinka.log.v1","seq":47,"timestamp_ns":684261063047416,"run_id":"stepping-stage-8-option-present","component":"codex","event":"protocol.stdout","fields":{"bytes":204}}
{"schema":"vecherinka.log.v1","seq":48,"timestamp_ns":684261160162875,"run_id":"stepping-stage-8-option-present","component":"codex","event":"protocol.stdout","fields":{"bytes":213}}
{"schema":"vecherinka.log.v1","seq":49,"timestamp_ns":684261225689208,"run_id":"stepping-stage-8-option-present","component":"codex","event":"protocol.stdout","fields":{"bytes":204}}
{"schema":"vecherinka.log.v1","seq":50,"timestamp_ns":684261225813791,"run_id":"stepping-stage-8-option-present","component":"codex","event":"protocol.stdout","fields":{"bytes":206}}
{"schema":"vecherinka.log.v1","seq":51,"timestamp_ns":684262133004416,"run_id":"stepping-stage-8-option-present","component":"codex","event":"protocol.stdout","fields":{"bytes":771}}
{"schema":"vecherinka.log.v1","seq":52,"timestamp_ns":684262133141041,"run_id":"stepping-stage-8-option-present","component":"codex","event":"protocol.stdout","fields":{"bytes":775}}
{"schema":"vecherinka.log.v1","seq":53,"timestamp_ns":684263030563666,"run_id":"stepping-stage-8-option-present","component":"codex","event":"protocol.stdout","fields":{"bytes":305}}
{"schema":"vecherinka.log.v1","seq":54,"timestamp_ns":684264237145458,"run_id":"stepping-stage-8-option-present","component":"codex","event":"protocol.stdout","fields":{"bytes":309}}
{"schema":"vecherinka.log.v1","seq":55,"timestamp_ns":684264238659166,"run_id":"stepping-stage-8-option-present","component":"codex","event":"protocol.stdout","fields":{"bytes":336}}
{"schema":"vecherinka.log.v1","seq":56,"timestamp_ns":684264256600458,"run_id":"stepping-stage-8-option-present","component":"codex","event":"protocol.stdout","fields":{"bytes":251}}
{"schema":"vecherinka.log.v1","seq":57,"timestamp_ns":684264270822875,"run_id":"stepping-stage-8-option-present","component":"codex","event":"protocol.stdout","fields":{"bytes":255}}
{"schema":"vecherinka.log.v1","seq":58,"timestamp_ns":684264289817750,"run_id":"stepping-stage-8-option-present","component":"codex","event":"protocol.stdout","fields":{"bytes":257}}
{"schema":"vecherinka.log.v1","seq":59,"timestamp_ns":684264306419541,"run_id":"stepping-stage-8-option-present","component":"codex","event":"protocol.stdout","fields":{"bytes":254}}
{"schema":"vecherinka.log.v1","seq":60,"timestamp_ns":684264326482041,"run_id":"stepping-stage-8-option-present","component":"codex","event":"protocol.stdout","fields":{"bytes":257}}
{"schema":"vecherinka.log.v1","seq":61,"timestamp_ns":684264349470125,"run_id":"stepping-stage-8-option-present","component":"codex","event":"protocol.stdout","fields":{"bytes":258}}
{"schema":"vecherinka.log.v1","seq":62,"timestamp_ns":684264365408208,"run_id":"stepping-stage-8-option-present","component":"codex","event":"protocol.stdout","fields":{"bytes":253}}
{"schema":"vecherinka.log.v1","seq":63,"timestamp_ns":684264395666041,"run_id":"stepping-stage-8-option-present","component":"codex","event":"protocol.stdout","fields":{"bytes":259}}
{"schema":"vecherinka.log.v1","seq":64,"timestamp_ns":684264405703541,"run_id":"stepping-stage-8-option-present","component":"codex","event":"protocol.stdout","fields":{"bytes":251}}
{"schema":"vecherinka.log.v1","seq":65,"timestamp_ns":684264424473416,"run_id":"stepping-stage-8-option-present","component":"codex","event":"protocol.stdout","fields":{"bytes":258}}
{"schema":"vecherinka.log.v1","seq":66,"timestamp_ns":684264444589000,"run_id":"stepping-stage-8-option-present","component":"codex","event":"protocol.stdout","fields":{"bytes":259}}
{"schema":"vecherinka.log.v1","seq":67,"timestamp_ns":684264461170333,"run_id":"stepping-stage-8-option-present","component":"codex","event":"protocol.stdout","fields":{"bytes":253}}
{"schema":"vecherinka.log.v1","seq":68,"timestamp_ns":684264483045708,"run_id":"stepping-stage-8-option-present","component":"codex","event":"protocol.stdout","fields":{"bytes":260}}
{"schema":"vecherinka.log.v1","seq":69,"timestamp_ns":684264501366041,"run_id":"stepping-stage-8-option-present","component":"codex","event":"protocol.stdout","fields":{"bytes":256}}
{"schema":"vecherinka.log.v1","seq":70,"timestamp_ns":684264501509083,"run_id":"stepping-stage-8-option-present","component":"codex","event":"protocol.stdout","fields":{"bytes":251}}
{"schema":"vecherinka.log.v1","seq":71,"timestamp_ns":684264751575500,"run_id":"stepping-stage-8-option-present","component":"codex","event":"protocol.stdout","fields":{"bytes":422}}
{"schema":"vecherinka.log.v1","seq":72,"timestamp_ns":684265239481208,"run_id":"stepping-stage-8-option-present","component":"codex","event":"protocol.stdout","fields":{"bytes":439}}
{"schema":"vecherinka.log.v1","seq":73,"timestamp_ns":684265239736166,"run_id":"stepping-stage-8-option-present","component":"codex","event":"protocol.stdout","fields":{"bytes":287}}
{"schema":"vecherinka.log.v1","seq":74,"timestamp_ns":684265240054833,"run_id":"stepping-stage-8-option-present","component":"vecherinka","event":"model.output","fields":{"request_id":"i:0","tool":"finish_work","arguments_bytes":40}}
{"schema":"vecherinka.log.v1","seq":75,"timestamp_ns":684265240345458,"run_id":"stepping-stage-8-option-present","component":"vecherinka","event":"artifact.commit","fields":{"artifact_id":2,"artifact_dir":"artifact-2"}}
{"schema":"vecherinka.log.v1","seq":76,"timestamp_ns":684265240378875,"run_id":"stepping-stage-8-option-present","component":"vecherinka","event":"model.finish","fields":{"request_id":"i:0","output_artifact_id":2}}
{"schema":"vecherinka.log.v1","seq":77,"timestamp_ns":684265240413041,"run_id":"stepping-stage-8-option-present","component":"vecherinka","event":"join.slot","fields":{"join_id":1,"slot":0,"artifact_id":2,"remaining":0}}
{"schema":"vecherinka.log.v1","seq":78,"timestamp_ns":684265240691166,"run_id":"stepping-stage-8-option-present","component":"vecherinka","event":"artifact.reserve","fields":{"artifact_id":3,"artifact_dir":"artifact-3"}}
{"schema":"vecherinka.log.v1","seq":79,"timestamp_ns":684265240724625,"run_id":"stepping-stage-8-option-present","component":"vecherinka","event":"artifact.commit","fields":{"artifact_id":3,"artifact_dir":"artifact-3"}}
{"schema":"vecherinka.log.v1","seq":80,"timestamp_ns":684265240752250,"run_id":"stepping-stage-8-option-present","component":"vecherinka","event":"join.close","fields":{"join_id":1,"output_artifact_id":3}}
{"schema":"vecherinka.log.v1","seq":81,"timestamp_ns":684265240824000,"run_id":"stepping-stage-8-option-present","component":"vecherinka","event":"run.finish","fields":{"failed":false,"finished":true}}
DIRECT_RESULT option_present=stage-8-option-present-a12f
STAGE_8_OPTION_PRESENT_ASSERTIONS one_inner_call=true exact_value=true no_unrequested_files=manual_review
{"schema":"vecherinka.log.v1","seq":1,"timestamp_ns":684265251823958,"run_id":"stepping-stage-8-option-absent","component":"vecherinka","event":"run.start","fields":{"run_dir":"run-xQLfef8W","runtime_dir":"orchestration","owns_runtime":true}}
{"schema":"vecherinka.log.v1","seq":2,"timestamp_ns":684265255418500,"run_id":"stepping-stage-8-option-absent","component":"vecherinka","event":"artifact.commit","fields":{"artifact_id":0,"artifact_dir":"orchestration"}}
{"schema":"vecherinka.log.v1","seq":3,"timestamp_ns":684265255482041,"run_id":"stepping-stage-8-option-absent","component":"vecherinka","event":"ready.enqueue","fields":{"ready_id":1,"flow_kind":"fk_lift","input_artifact_id":0}}
{"schema":"vecherinka.log.v1","seq":4,"timestamp_ns":684265255518041,"run_id":"stepping-stage-8-option-absent","component":"vecherinka","event":"ready.consume","fields":{"ready_id":1}}
{"schema":"vecherinka.log.v1","seq":5,"timestamp_ns":684265255544291,"run_id":"stepping-stage-8-option-absent","component":"vecherinka","event":"invocation.start","fields":{"flow_kind":"fk_lift","input_artifact_id":0}}
{"schema":"vecherinka.log.v1","seq":6,"timestamp_ns":684265255577875,"run_id":"stepping-stage-8-option-absent","component":"vecherinka","event":"join.open","fields":{"join_id":1,"kind":"jk_lift","slot_count":0}}
{"schema":"vecherinka.log.v1","seq":7,"timestamp_ns":684265255756291,"run_id":"stepping-stage-8-option-absent","component":"vecherinka","event":"artifact.reserve","fields":{"artifact_id":1,"artifact_dir":"artifact-1"}}
{"schema":"vecherinka.log.v1","seq":8,"timestamp_ns":684265255782791,"run_id":"stepping-stage-8-option-absent","component":"vecherinka","event":"artifact.commit","fields":{"artifact_id":1,"artifact_dir":"artifact-1"}}
{"schema":"vecherinka.log.v1","seq":9,"timestamp_ns":684265255804916,"run_id":"stepping-stage-8-option-absent","component":"vecherinka","event":"join.close","fields":{"join_id":1,"output_artifact_id":1}}
{"schema":"vecherinka.log.v1","seq":10,"timestamp_ns":684265255836125,"run_id":"stepping-stage-8-option-absent","component":"vecherinka","event":"run.finish","fields":{"failed":false,"finished":true}}
DIRECT_RESULT option_absent=none
STAGE_8_OPTION_ABSENT_ASSERTIONS zero_inner_calls=true exact_none=true no_unrequested_files=manual_review
{"schema":"vecherinka.log.v1","seq":1,"timestamp_ns":684265256555708,"run_id":"stepping-stage-8-tuple","component":"vecherinka","event":"run.start","fields":{"run_dir":"run-psmqfPLm","runtime_dir":"orchestration","owns_runtime":true}}
{"schema":"vecherinka.log.v1","seq":2,"timestamp_ns":684265258876625,"run_id":"stepping-stage-8-tuple","component":"vecherinka","event":"artifact.commit","fields":{"artifact_id":0,"artifact_dir":"orchestration"}}
{"schema":"vecherinka.log.v1","seq":3,"timestamp_ns":684265258917958,"run_id":"stepping-stage-8-tuple","component":"vecherinka","event":"ready.enqueue","fields":{"ready_id":1,"flow_kind":"fk_lift","input_artifact_id":0}}
{"schema":"vecherinka.log.v1","seq":4,"timestamp_ns":684265258971166,"run_id":"stepping-stage-8-tuple","component":"vecherinka","event":"ready.consume","fields":{"ready_id":1}}
{"schema":"vecherinka.log.v1","seq":5,"timestamp_ns":684265259017250,"run_id":"stepping-stage-8-tuple","component":"vecherinka","event":"invocation.start","fields":{"flow_kind":"fk_lift","input_artifact_id":0}}
{"schema":"vecherinka.log.v1","seq":6,"timestamp_ns":684265259046750,"run_id":"stepping-stage-8-tuple","component":"vecherinka","event":"join.open","fields":{"join_id":1,"kind":"jk_lift","slot_count":1}}
{"schema":"vecherinka.log.v1","seq":7,"timestamp_ns":684265259169750,"run_id":"stepping-stage-8-tuple","component":"vecherinka","event":"artifact.reserve","fields":{"artifact_id":1,"artifact_dir":"artifact-1"}}
{"schema":"vecherinka.log.v1","seq":8,"timestamp_ns":684265259196375,"run_id":"stepping-stage-8-tuple","component":"vecherinka","event":"artifact.commit","fields":{"artifact_id":1,"artifact_dir":"artifact-1"}}
{"schema":"vecherinka.log.v1","seq":9,"timestamp_ns":684265259221541,"run_id":"stepping-stage-8-tuple","component":"vecherinka","event":"ready.enqueue","fields":{"ready_id":2,"flow_kind":"fk_ref","input_artifact_id":1}}
{"schema":"vecherinka.log.v1","seq":10,"timestamp_ns":684265259248041,"run_id":"stepping-stage-8-tuple","component":"vecherinka","event":"ready.consume","fields":{"ready_id":2}}
{"schema":"vecherinka.log.v1","seq":11,"timestamp_ns":684265259269791,"run_id":"stepping-stage-8-tuple","component":"vecherinka","event":"invocation.start","fields":{"flow_kind":"fk_ref","input_artifact_id":1}}
{"schema":"vecherinka.log.v1","seq":12,"timestamp_ns":684265259370375,"run_id":"stepping-stage-8-tuple","component":"vecherinka","event":"artifact.reserve","fields":{"artifact_id":2,"artifact_dir":"artifact-2"}}
{"schema":"vecherinka.log.v1","seq":13,"timestamp_ns":684265259403000,"run_id":"stepping-stage-8-tuple","component":"vecherinka","event":"model.submit","fields":{"request_id":"i:0","flow_kind":"fk_model","input_artifact_id":1,"output_artifact_id":2,"submitter":"custom","working_dir":"artifact-2"}}
{"schema":"vecherinka.log.v1","seq":14,"timestamp_ns":684265259539875,"run_id":"stepping-stage-8-tuple","component":"codex","event":"agent.thread.submit","fields":{"model_request_id":"i:0","agent_id":"vecherinka-agent-i:0","request_id":"i:1"}}
{"schema":"vecherinka.log.v1","seq":15,"timestamp_ns":684265355925666,"run_id":"stepping-stage-8-tuple","component":"codex","event":"protocol.stdout","fields":{"bytes":232}}
{"schema":"vecherinka.log.v1","seq":16,"timestamp_ns":684265356104333,"run_id":"stepping-stage-8-tuple","component":"codex","event":"protocol.stdout","fields":{"bytes":217}}
{"schema":"vecherinka.log.v1","seq":17,"timestamp_ns":684265365068166,"run_id":"stepping-stage-8-tuple","component":"codex","event":"protocol.stderr","fields":{"bytes":208}}
{"schema":"vecherinka.log.v1","seq":18,"timestamp_ns":684265365117958,"run_id":"stepping-stage-8-tuple","component":"codex","event":"protocol.stderr","fields":{"bytes":208}}
{"schema":"vecherinka.log.v1","seq":19,"timestamp_ns":684265392968541,"run_id":"stepping-stage-8-tuple","component":"codex","event":"protocol.stderr","fields":{"bytes":203}}
{"schema":"vecherinka.log.v1","seq":20,"timestamp_ns":684265393007208,"run_id":"stepping-stage-8-tuple","component":"codex","event":"protocol.stderr","fields":{"bytes":203}}
{"schema":"vecherinka.log.v1","seq":21,"timestamp_ns":684265492323500,"run_id":"stepping-stage-8-tuple","component":"codex","event":"protocol.stdout","fields":{"bytes":1349}}
{"schema":"vecherinka.log.v1","seq":22,"timestamp_ns":684265492553125,"run_id":"stepping-stage-8-tuple","component":"codex","event":"agent.goal.submit","fields":{"model_request_id":"i:0","agent_id":"vecherinka-agent-i:0","request_id":"i:2"}}
{"schema":"vecherinka.log.v1","seq":23,"timestamp_ns":684265492585041,"run_id":"stepping-stage-8-tuple","component":"codex","event":"protocol.stdout","fields":{"bytes":818}}
{"schema":"vecherinka.log.v1","seq":24,"timestamp_ns":684265492729666,"run_id":"stepping-stage-8-tuple","component":"codex","event":"protocol.stdout","fields":{"bytes":216}}
{"schema":"vecherinka.log.v1","seq":25,"timestamp_ns":684265492801250,"run_id":"stepping-stage-8-tuple","component":"codex","event":"protocol.stdout","fields":{"bytes":209}}
{"schema":"vecherinka.log.v1","seq":26,"timestamp_ns":684265492869000,"run_id":"stepping-stage-8-tuple","component":"codex","event":"protocol.stdout","fields":{"bytes":207}}
{"schema":"vecherinka.log.v1","seq":27,"timestamp_ns":684265492936458,"run_id":"stepping-stage-8-tuple","component":"codex","event":"protocol.stdout","fields":{"bytes":206}}
{"schema":"vecherinka.log.v1","seq":28,"timestamp_ns":684265600154166,"run_id":"stepping-stage-8-tuple","component":"codex","event":"protocol.stderr","fields":{"bytes":208}}
{"schema":"vecherinka.log.v1","seq":29,"timestamp_ns":684265601480083,"run_id":"stepping-stage-8-tuple","component":"codex","event":"protocol.stderr","fields":{"bytes":208}}
{"schema":"vecherinka.log.v1","seq":30,"timestamp_ns":684265607849083,"run_id":"stepping-stage-8-tuple","component":"codex","event":"protocol.stdout","fields":{"bytes":206}}
{"schema":"vecherinka.log.v1","seq":31,"timestamp_ns":684265648152500,"run_id":"stepping-stage-8-tuple","component":"codex","event":"protocol.stderr","fields":{"bytes":353}}
{"schema":"vecherinka.log.v1","seq":32,"timestamp_ns":684265667034041,"run_id":"stepping-stage-8-tuple","component":"codex","event":"protocol.stderr","fields":{"bytes":203}}
{"schema":"vecherinka.log.v1","seq":33,"timestamp_ns":684265667070708,"run_id":"stepping-stage-8-tuple","component":"codex","event":"protocol.stderr","fields":{"bytes":203}}
{"schema":"vecherinka.log.v1","seq":34,"timestamp_ns":684265670894916,"run_id":"stepping-stage-8-tuple","component":"codex","event":"protocol.stdout","fields":{"bytes":318}}
{"schema":"vecherinka.log.v1","seq":35,"timestamp_ns":684265671059208,"run_id":"stepping-stage-8-tuple","component":"codex","event":"agent.turn.submit","fields":{"model_request_id":"i:0","agent_id":"vecherinka-agent-i:0","request_id":"i:3"}}
{"schema":"vecherinka.log.v1","seq":36,"timestamp_ns":684265671090000,"run_id":"stepping-stage-8-tuple","component":"codex","event":"protocol.stdout","fields":{"bytes":434}}
{"schema":"vecherinka.log.v1","seq":37,"timestamp_ns":684265672440916,"run_id":"stepping-stage-8-tuple","component":"codex","event":"protocol.stdout","fields":{"bytes":207}}
{"schema":"vecherinka.log.v1","seq":38,"timestamp_ns":684265672522125,"run_id":"stepping-stage-8-tuple","component":"codex","event":"protocol.stdout","fields":{"bytes":206}}
{"schema":"vecherinka.log.v1","seq":39,"timestamp_ns":684265672590791,"run_id":"stepping-stage-8-tuple","component":"codex","event":"protocol.stdout","fields":{"bytes":216}}
{"schema":"vecherinka.log.v1","seq":40,"timestamp_ns":684265686575666,"run_id":"stepping-stage-8-tuple","component":"codex","event":"protocol.stdout","fields":{"bytes":196}}
{"schema":"vecherinka.log.v1","seq":41,"timestamp_ns":684265686694000,"run_id":"stepping-stage-8-tuple","component":"codex","event":"protocol.stdout","fields":{"bytes":203}}
{"schema":"vecherinka.log.v1","seq":42,"timestamp_ns":684265690742916,"run_id":"stepping-stage-8-tuple","component":"codex","event":"protocol.stdout","fields":{"bytes":167}}
{"schema":"vecherinka.log.v1","seq":43,"timestamp_ns":684265690889666,"run_id":"stepping-stage-8-tuple","component":"codex","event":"protocol.stdout","fields":{"bytes":297}}
{"schema":"vecherinka.log.v1","seq":44,"timestamp_ns":684265694840125,"run_id":"stepping-stage-8-tuple","component":"codex","event":"protocol.stdout","fields":{"bytes":649}}
{"schema":"vecherinka.log.v1","seq":45,"timestamp_ns":684265877289291,"run_id":"stepping-stage-8-tuple","component":"codex","event":"protocol.stdout","fields":{"bytes":203}}
{"schema":"vecherinka.log.v1","seq":46,"timestamp_ns":684265890096666,"run_id":"stepping-stage-8-tuple","component":"codex","event":"protocol.stdout","fields":{"bytes":213}}
{"schema":"vecherinka.log.v1","seq":47,"timestamp_ns":684266059347625,"run_id":"stepping-stage-8-tuple","component":"codex","event":"protocol.stdout","fields":{"bytes":213}}
{"schema":"vecherinka.log.v1","seq":48,"timestamp_ns":684266164378583,"run_id":"stepping-stage-8-tuple","component":"codex","event":"protocol.stdout","fields":{"bytes":204}}
{"schema":"vecherinka.log.v1","seq":49,"timestamp_ns":684266197055875,"run_id":"stepping-stage-8-tuple","component":"codex","event":"protocol.stdout","fields":{"bytes":204}}
{"schema":"vecherinka.log.v1","seq":50,"timestamp_ns":684266197180166,"run_id":"stepping-stage-8-tuple","component":"codex","event":"protocol.stdout","fields":{"bytes":206}}
{"schema":"vecherinka.log.v1","seq":51,"timestamp_ns":684267521660708,"run_id":"stepping-stage-8-tuple","component":"codex","event":"protocol.stdout","fields":{"bytes":762}}
{"schema":"vecherinka.log.v1","seq":52,"timestamp_ns":684267521867291,"run_id":"stepping-stage-8-tuple","component":"codex","event":"protocol.stdout","fields":{"bytes":766}}
{"schema":"vecherinka.log.v1","seq":53,"timestamp_ns":684268677915250,"run_id":"stepping-stage-8-tuple","component":"codex","event":"protocol.stdout","fields":{"bytes":305}}
{"schema":"vecherinka.log.v1","seq":54,"timestamp_ns":684269819813875,"run_id":"stepping-stage-8-tuple","component":"codex","event":"protocol.stdout","fields":{"bytes":309}}
{"schema":"vecherinka.log.v1","seq":55,"timestamp_ns":684270341945958,"run_id":"stepping-stage-8-tuple","component":"codex","event":"protocol.stdout","fields":{"bytes":430}}
{"schema":"vecherinka.log.v1","seq":56,"timestamp_ns":684270342074625,"run_id":"stepping-stage-8-tuple","component":"codex","event":"protocol.stdout","fields":{"bytes":278}}
{"schema":"vecherinka.log.v1","seq":57,"timestamp_ns":684270342206958,"run_id":"stepping-stage-8-tuple","component":"vecherinka","event":"model.output","fields":{"request_id":"i:0","tool":"finish_work","arguments_bytes":31}}
{"schema":"vecherinka.log.v1","seq":58,"timestamp_ns":684270342303208,"run_id":"stepping-stage-8-tuple","component":"vecherinka","event":"artifact.commit","fields":{"artifact_id":2,"artifact_dir":"artifact-2"}}
{"schema":"vecherinka.log.v1","seq":59,"timestamp_ns":684270342326416,"run_id":"stepping-stage-8-tuple","component":"vecherinka","event":"model.finish","fields":{"request_id":"i:0","output_artifact_id":2}}
{"schema":"vecherinka.log.v1","seq":60,"timestamp_ns":684270342348250,"run_id":"stepping-stage-8-tuple","component":"vecherinka","event":"join.slot","fields":{"join_id":1,"slot":0,"artifact_id":2,"remaining":0}}
{"schema":"vecherinka.log.v1","seq":61,"timestamp_ns":684270342495583,"run_id":"stepping-stage-8-tuple","component":"vecherinka","event":"artifact.reserve","fields":{"artifact_id":3,"artifact_dir":"artifact-3"}}
{"schema":"vecherinka.log.v1","seq":62,"timestamp_ns":684270342519000,"run_id":"stepping-stage-8-tuple","component":"vecherinka","event":"artifact.commit","fields":{"artifact_id":3,"artifact_dir":"artifact-3"}}
{"schema":"vecherinka.log.v1","seq":63,"timestamp_ns":684270342539041,"run_id":"stepping-stage-8-tuple","component":"vecherinka","event":"join.close","fields":{"join_id":1,"output_artifact_id":3}}
{"schema":"vecherinka.log.v1","seq":64,"timestamp_ns":684270342565083,"run_id":"stepping-stage-8-tuple","component":"vecherinka","event":"run.finish","fields":{"failed":false,"finished":true}}
DIRECT_RESULT tuple_context=context-8 tuple_result=stage-8-tuple-7c4b
STAGE_8_TUPLE_ASSERTIONS preserved_context=true exact_item=true no_unrequested_files=manual_review
{"schema":"vecherinka.log.v1","seq":1,"timestamp_ns":684270348487916,"run_id":"stepping-stage-8-object","component":"vecherinka","event":"run.start","fields":{"run_dir":"run-eRmZXov8","runtime_dir":"orchestration","owns_runtime":true}}
{"schema":"vecherinka.log.v1","seq":2,"timestamp_ns":684270350276250,"run_id":"stepping-stage-8-object","component":"vecherinka","event":"artifact.commit","fields":{"artifact_id":0,"artifact_dir":"orchestration"}}
{"schema":"vecherinka.log.v1","seq":3,"timestamp_ns":684270350346416,"run_id":"stepping-stage-8-object","component":"vecherinka","event":"ready.enqueue","fields":{"ready_id":1,"flow_kind":"fk_lift","input_artifact_id":0}}
{"schema":"vecherinka.log.v1","seq":4,"timestamp_ns":684270350388750,"run_id":"stepping-stage-8-object","component":"vecherinka","event":"ready.consume","fields":{"ready_id":1}}
{"schema":"vecherinka.log.v1","seq":5,"timestamp_ns":684270350426083,"run_id":"stepping-stage-8-object","component":"vecherinka","event":"invocation.start","fields":{"flow_kind":"fk_lift","input_artifact_id":0}}
{"schema":"vecherinka.log.v1","seq":6,"timestamp_ns":684270350466833,"run_id":"stepping-stage-8-object","component":"vecherinka","event":"join.open","fields":{"join_id":1,"kind":"jk_lift","slot_count":1}}
{"schema":"vecherinka.log.v1","seq":7,"timestamp_ns":684270350583875,"run_id":"stepping-stage-8-object","component":"vecherinka","event":"artifact.reserve","fields":{"artifact_id":1,"artifact_dir":"artifact-1"}}
{"schema":"vecherinka.log.v1","seq":8,"timestamp_ns":684270350606416,"run_id":"stepping-stage-8-object","component":"vecherinka","event":"artifact.commit","fields":{"artifact_id":1,"artifact_dir":"artifact-1"}}
{"schema":"vecherinka.log.v1","seq":9,"timestamp_ns":684270350627000,"run_id":"stepping-stage-8-object","component":"vecherinka","event":"ready.enqueue","fields":{"ready_id":2,"flow_kind":"fk_ref","input_artifact_id":1}}
{"schema":"vecherinka.log.v1","seq":10,"timestamp_ns":684270350649458,"run_id":"stepping-stage-8-object","component":"vecherinka","event":"ready.consume","fields":{"ready_id":2}}
{"schema":"vecherinka.log.v1","seq":11,"timestamp_ns":684270350668291,"run_id":"stepping-stage-8-object","component":"vecherinka","event":"invocation.start","fields":{"flow_kind":"fk_ref","input_artifact_id":1}}
{"schema":"vecherinka.log.v1","seq":12,"timestamp_ns":684270350751250,"run_id":"stepping-stage-8-object","component":"vecherinka","event":"artifact.reserve","fields":{"artifact_id":2,"artifact_dir":"artifact-2"}}
{"schema":"vecherinka.log.v1","seq":13,"timestamp_ns":684270350778625,"run_id":"stepping-stage-8-object","component":"vecherinka","event":"model.submit","fields":{"request_id":"i:0","flow_kind":"fk_model","input_artifact_id":1,"output_artifact_id":2,"submitter":"custom","working_dir":"artifact-2"}}
{"schema":"vecherinka.log.v1","seq":14,"timestamp_ns":684270350862958,"run_id":"stepping-stage-8-object","component":"codex","event":"agent.thread.submit","fields":{"model_request_id":"i:0","agent_id":"vecherinka-agent-i:0","request_id":"i:1"}}
{"schema":"vecherinka.log.v1","seq":15,"timestamp_ns":684270447671416,"run_id":"stepping-stage-8-object","component":"codex","event":"protocol.stdout","fields":{"bytes":232}}
{"schema":"vecherinka.log.v1","seq":16,"timestamp_ns":684270447837208,"run_id":"stepping-stage-8-object","component":"codex","event":"protocol.stdout","fields":{"bytes":217}}
{"schema":"vecherinka.log.v1","seq":17,"timestamp_ns":684270456914375,"run_id":"stepping-stage-8-object","component":"codex","event":"protocol.stderr","fields":{"bytes":208}}
{"schema":"vecherinka.log.v1","seq":18,"timestamp_ns":684270458223416,"run_id":"stepping-stage-8-object","component":"codex","event":"protocol.stderr","fields":{"bytes":208}}
{"schema":"vecherinka.log.v1","seq":19,"timestamp_ns":684270491145000,"run_id":"stepping-stage-8-object","component":"codex","event":"protocol.stderr","fields":{"bytes":203}}
{"schema":"vecherinka.log.v1","seq":20,"timestamp_ns":684270491188625,"run_id":"stepping-stage-8-object","component":"codex","event":"protocol.stderr","fields":{"bytes":203}}
{"schema":"vecherinka.log.v1","seq":21,"timestamp_ns":684270589312625,"run_id":"stepping-stage-8-object","component":"codex","event":"protocol.stdout","fields":{"bytes":1349}}
{"schema":"vecherinka.log.v1","seq":22,"timestamp_ns":684270589539291,"run_id":"stepping-stage-8-object","component":"codex","event":"agent.goal.submit","fields":{"model_request_id":"i:0","agent_id":"vecherinka-agent-i:0","request_id":"i:2"}}
{"schema":"vecherinka.log.v1","seq":23,"timestamp_ns":684270589571291,"run_id":"stepping-stage-8-object","component":"codex","event":"protocol.stdout","fields":{"bytes":818}}
{"schema":"vecherinka.log.v1","seq":24,"timestamp_ns":684270589718875,"run_id":"stepping-stage-8-object","component":"codex","event":"protocol.stdout","fields":{"bytes":209}}
{"schema":"vecherinka.log.v1","seq":25,"timestamp_ns":684270589789625,"run_id":"stepping-stage-8-object","component":"codex","event":"protocol.stdout","fields":{"bytes":216}}
{"schema":"vecherinka.log.v1","seq":26,"timestamp_ns":684270589856625,"run_id":"stepping-stage-8-object","component":"codex","event":"protocol.stdout","fields":{"bytes":207}}
{"schema":"vecherinka.log.v1","seq":27,"timestamp_ns":684270589922000,"run_id":"stepping-stage-8-object","component":"codex","event":"protocol.stdout","fields":{"bytes":206}}
{"schema":"vecherinka.log.v1","seq":28,"timestamp_ns":684270662503000,"run_id":"stepping-stage-8-object","component":"codex","event":"protocol.stderr","fields":{"bytes":208}}
{"schema":"vecherinka.log.v1","seq":29,"timestamp_ns":684270663808708,"run_id":"stepping-stage-8-object","component":"codex","event":"protocol.stderr","fields":{"bytes":208}}
{"schema":"vecherinka.log.v1","seq":30,"timestamp_ns":684270705895458,"run_id":"stepping-stage-8-object","component":"codex","event":"protocol.stdout","fields":{"bytes":206}}
{"schema":"vecherinka.log.v1","seq":31,"timestamp_ns":684270726055750,"run_id":"stepping-stage-8-object","component":"codex","event":"protocol.stderr","fields":{"bytes":203}}
{"schema":"vecherinka.log.v1","seq":32,"timestamp_ns":684270726112000,"run_id":"stepping-stage-8-object","component":"codex","event":"protocol.stderr","fields":{"bytes":203}}
{"schema":"vecherinka.log.v1","seq":33,"timestamp_ns":684270731216125,"run_id":"stepping-stage-8-object","component":"codex","event":"protocol.stdout","fields":{"bytes":216}}
{"schema":"vecherinka.log.v1","seq":34,"timestamp_ns":684270731345458,"run_id":"stepping-stage-8-object","component":"codex","event":"protocol.stdout","fields":{"bytes":206}}
{"schema":"vecherinka.log.v1","seq":35,"timestamp_ns":684270731419000,"run_id":"stepping-stage-8-object","component":"codex","event":"protocol.stdout","fields":{"bytes":207}}
{"schema":"vecherinka.log.v1","seq":36,"timestamp_ns":684270745304583,"run_id":"stepping-stage-8-object","component":"codex","event":"protocol.stderr","fields":{"bytes":353}}
{"schema":"vecherinka.log.v1","seq":37,"timestamp_ns":684270767043666,"run_id":"stepping-stage-8-object","component":"codex","event":"protocol.stdout","fields":{"bytes":318}}
{"schema":"vecherinka.log.v1","seq":38,"timestamp_ns":684270767202875,"run_id":"stepping-stage-8-object","component":"codex","event":"agent.turn.submit","fields":{"model_request_id":"i:0","agent_id":"vecherinka-agent-i:0","request_id":"i:3"}}
{"schema":"vecherinka.log.v1","seq":39,"timestamp_ns":684270767233333,"run_id":"stepping-stage-8-object","component":"codex","event":"protocol.stdout","fields":{"bytes":434}}
{"schema":"vecherinka.log.v1","seq":40,"timestamp_ns":684270784970625,"run_id":"stepping-stage-8-object","component":"codex","event":"protocol.stdout","fields":{"bytes":196}}
{"schema":"vecherinka.log.v1","seq":41,"timestamp_ns":684270788956583,"run_id":"stepping-stage-8-object","component":"codex","event":"protocol.stdout","fields":{"bytes":167}}
{"schema":"vecherinka.log.v1","seq":42,"timestamp_ns":684270789072083,"run_id":"stepping-stage-8-object","component":"codex","event":"protocol.stdout","fields":{"bytes":297}}
{"schema":"vecherinka.log.v1","seq":43,"timestamp_ns":684270790808916,"run_id":"stepping-stage-8-object","component":"codex","event":"protocol.stdout","fields":{"bytes":203}}
{"schema":"vecherinka.log.v1","seq":44,"timestamp_ns":684270794577208,"run_id":"stepping-stage-8-object","component":"codex","event":"protocol.stdout","fields":{"bytes":649}}
{"schema":"vecherinka.log.v1","seq":45,"timestamp_ns":684271044338375,"run_id":"stepping-stage-8-object","component":"codex","event":"protocol.stdout","fields":{"bytes":213}}
{"schema":"vecherinka.log.v1","seq":46,"timestamp_ns":684271075559083,"run_id":"stepping-stage-8-object","component":"codex","event":"protocol.stdout","fields":{"bytes":203}}
{"schema":"vecherinka.log.v1","seq":47,"timestamp_ns":684271105643291,"run_id":"stepping-stage-8-object","component":"codex","event":"protocol.stdout","fields":{"bytes":213}}
{"schema":"vecherinka.log.v1","seq":48,"timestamp_ns":684271186560041,"run_id":"stepping-stage-8-object","component":"codex","event":"protocol.stdout","fields":{"bytes":204}}
{"schema":"vecherinka.log.v1","seq":49,"timestamp_ns":684271343919125,"run_id":"stepping-stage-8-object","component":"codex","event":"protocol.stdout","fields":{"bytes":204}}
{"schema":"vecherinka.log.v1","seq":50,"timestamp_ns":684271344028500,"run_id":"stepping-stage-8-object","component":"codex","event":"protocol.stdout","fields":{"bytes":206}}
{"schema":"vecherinka.log.v1","seq":51,"timestamp_ns":684272534575041,"run_id":"stepping-stage-8-object","component":"codex","event":"protocol.stdout","fields":{"bytes":784}}
{"schema":"vecherinka.log.v1","seq":52,"timestamp_ns":684272534788750,"run_id":"stepping-stage-8-object","component":"codex","event":"protocol.stdout","fields":{"bytes":788}}
{"schema":"vecherinka.log.v1","seq":53,"timestamp_ns":684273667450000,"run_id":"stepping-stage-8-object","component":"codex","event":"protocol.stdout","fields":{"bytes":305}}
{"schema":"vecherinka.log.v1","seq":54,"timestamp_ns":684274350229541,"run_id":"stepping-stage-8-object","component":"codex","event":"protocol.stdout","fields":{"bytes":309}}
{"schema":"vecherinka.log.v1","seq":55,"timestamp_ns":684274901138583,"run_id":"stepping-stage-8-object","component":"codex","event":"protocol.stdout","fields":{"bytes":441}}
{"schema":"vecherinka.log.v1","seq":56,"timestamp_ns":684274901393791,"run_id":"stepping-stage-8-object","component":"codex","event":"protocol.stdout","fields":{"bytes":289}}
{"schema":"vecherinka.log.v1","seq":57,"timestamp_ns":684274901563875,"run_id":"stepping-stage-8-object","component":"vecherinka","event":"model.output","fields":{"request_id":"i:0","tool":"finish_work","arguments_bytes":42}}
{"schema":"vecherinka.log.v1","seq":58,"timestamp_ns":684274901730875,"run_id":"stepping-stage-8-object","component":"vecherinka","event":"artifact.commit","fields":{"artifact_id":2,"artifact_dir":"artifact-2"}}
{"schema":"vecherinka.log.v1","seq":59,"timestamp_ns":684274901766375,"run_id":"stepping-stage-8-object","component":"vecherinka","event":"model.finish","fields":{"request_id":"i:0","output_artifact_id":2}}
{"schema":"vecherinka.log.v1","seq":60,"timestamp_ns":684274901802833,"run_id":"stepping-stage-8-object","component":"vecherinka","event":"join.slot","fields":{"join_id":1,"slot":0,"artifact_id":2,"remaining":0}}
{"schema":"vecherinka.log.v1","seq":61,"timestamp_ns":684274902098708,"run_id":"stepping-stage-8-object","component":"vecherinka","event":"artifact.reserve","fields":{"artifact_id":3,"artifact_dir":"artifact-3"}}
{"schema":"vecherinka.log.v1","seq":62,"timestamp_ns":684274902135916,"run_id":"stepping-stage-8-object","component":"vecherinka","event":"artifact.commit","fields":{"artifact_id":3,"artifact_dir":"artifact-3"}}
{"schema":"vecherinka.log.v1","seq":63,"timestamp_ns":684274902165166,"run_id":"stepping-stage-8-object","component":"vecherinka","event":"join.close","fields":{"join_id":1,"output_artifact_id":3}}
{"schema":"vecherinka.log.v1","seq":64,"timestamp_ns":684274902205708,"run_id":"stepping-stage-8-object","component":"vecherinka","event":"run.finish","fields":{"failed":false,"finished":true}}
DIRECT_RESULT object_label=object-context-8 object_marker=processed:stage-8-object-5e20
STAGE_8_OBJECT_ASSERTIONS preserved_field=true transformed_here=true no_unrequested_files=manual_review
